tcgdex_id,poketrace_id,name,set,tcgdex_price,poketrace_avg_nm,total_sale_count,ebay_sale_count,tcgplayer_sale_count,platform_count,price_stability,freshness_days,liquidity_score,matched,set_slug,card_number,variant,rarity,image_url,lp_avg_price,nm_sale_count,nm_avg7d,nm_avg30d,price_trend,pack_score,has_graded,psa_10_avg,psa_10_sale_count,psa_10_avg7d,psa_10_avg30d,psa_9_avg,psa_9_sale_count,psa_9_avg7d,psa_9_avg30d,prev_sale_count,prev_scan_date,sales_per_week,dedup_reason
me02.5-125,019c0012-d832-755f-9d0a-06a58af5fcb5,Mega Gengar ex,ME02: Phantasmal Flames,2.38,2.49,63258,264,62994,2,17.4,0,96.5,True,me02-phantasmal-flames,056/094,Holofoil,Double Rare,https://cdn.poketrace.com/cards/dce694d4e208e348.webp,2.34,59172,2.056,2.056,0,36.3,True,69.5,59,75.12357,81.1435,19.5,49,19.209286,20.9355,63258,2026-03-11T08:58:38Z,,
sv10.5w-084,019c3ac3-ec74-75a4-8a94-cc9a5f27ac40,Hilda,SV: White Flare,1.17,1.5,39525,49,39476,2,13.7,3,78.5,True,sv-white-flare,084/086,Normal,Uncommon,https://cdn.poketrace.com/cards/53f75ac95403dfc1.webp,1.24,37104,1.705,1.705,0,5.4,False,0,0,0,0,0,0,0,0,39525,2026-03-11T08:58:38Z,,
sv03.5-009,019bffa9-14a4-732a-bc78-246a146b9430,Blastoise ex,SV: Scarlet & Violet 151,2.3,1.54,33529,569,32960,2,8.4,1,74.8,True,sv-scarlet-and-violet-151,009/165,Holofoil,Double Rare,https://cdn.poketrace.com/cards/44ed2c3258eb05ea.webp,1.39,31087,1.67,1.67,0,27.1,True,69,33,76.6225,76.6225,25,39,19.249287,19.202272,33529,2026-03-11T08:58:38Z,,
sv07-001,019bffa9-14a4-732a-bc78-30b5441b4763,Venusaur ex,SV: Scarlet & Violet 151,1.48,1.08,29673,315,29358,2,4.3,1,72.6,True,sv-scarlet-and-violet-151,003/165,Holofoil,Double Rare,https://cdn.poketrace.com/cards/216a14490b96b744.webp,1.2,27597,1.034,1.034,0,12.4,True,53,28,0,0,14.5,27,12.125,12.125,29673,2026-03-11T08:58:38Z,,
swshp-SWSH291,019bffa2-09c2-77fd-b88b-69ab4f5b60d9,Lucario VSTAR,SWSH: Sword & Shield Promo Cards,2.49,9.73,27413,1252,26161,2,7.5,0,70.2,True,swsh-sword-and-shield-promo-cards,SWSH291,Holofoil,Promo,https://cdn.poketrace.com/cards/aa45ecffd2a54d94.webp,8.63,23888,9.005,9.005,0,27.8,True,90.335,251,0,0,30.32,118,27.679285,24.549318,27413,2026-03-11T08:58:38Z,,
me01-077,019c0010-df7b-74f9-92a4-d9cbea6f2b6f,Mega Lucario ex,ME01: Mega Evolution,1.02,1.03,25407,135,25272,2,1.6,1,69.8,True,me01-mega-evolution,077/132,Holofoil,Double Rare,https://cdn.poketrace.com/cards/9fd12471a918a148.webp,1.31,24071,1.046,1.046,0,0.6,True,31.751667,44,30.034285,31.804443,13.5,16,16.333334,16.333334,25327,2026-03-11T08:58:38Z,,
swsh12.5-100,019bffa4-08c3-76a4-9177-dbe30894d2a2,Rayquaza V,Crown Zenith,1.1,1.09,26111,434,25677,2,6.8,1,69.3,True,crown-zenith,100/159,Holofoil,Ultra Rare,https://cdn.poketrace.com/cards/a013767f95fbb20a.webp,0.94,24083,1.016,1.016,0,2.9,True,64,38,57.282856,56.22,12.5,17,18.25,18.25,25936,2026-03-11T08:58:38Z,,
sv04.5-122,019bffac-ba78-77ae-9c13-2cfe06f41356,Wugtrio,SV: Paldean Fates,2.3,1.7,23110,422,22688,2,2,1,67.9,True,sv-paldean-fates,224/091,Holofoil,Illustration Rare,https://cdn.poketrace.com/cards/8b6dcdaecd69ae48.webp,1.81,21713,1.666,1.666,0,24.6,True,51.495,40,43.287144,45.35,18,33,16.895714,16.895714,23110,2026-03-11T08:58:38Z,,
sv09-098,019c0000-679a-751f-a891-f5c16f8c1270,N's Zoroark ex,SV09: Journey Together,2.23,2.22,23297,364,22933,2,3.7,1,67.7,True,sv09-journey-together,098/159,Holofoil,Double Rare,https://cdn.poketrace.com/cards/86751171022daf1c.webp,1.54,21765,2.302,2.302,0,23.6,True,59.99,25,0,0,14.95,23,0,0,23297,2026-03-11T08:58:38Z,,
sv04.5-225,019bffac-ba78-77ae-9c13-3642574dde83,Palafin,SV: Paldean Fates,2.51,1.61,24504,432,24072,2,12.8,1,66.8,True,sv-paldean-fates,225/091,Holofoil,Illustration Rare,https://cdn.poketrace.com/cards/cf6e1ceb68c6b7db.webp,1.32,22173,1.404,1.404,0,26.7,True,47.495,43,46.131428,46.131428,13.5,27,14.994286,14.994286,24504,2026-03-11T08:58:38Z,,
me01-157,019c0010-df7a-7691-93bd-74ee0b73d44e,Mega Abomasnow ex,ME01: Mega Evolution,2.02,0.6,21917,88,21829,2,5.3,1,66.3,True,me01-mega-evolution,036/132,Holofoil,Double Rare,https://cdn.poketrace.com/cards/68f6eb180be211e1.webp,0.68,20912,0.568,0.568,0,20.2,True,23.75,14,24.875,24.875,17.5,12,15.19,15.19,21917,2026-03-11T08:58:38Z,,
me02.5-079,019c0004-fc83-7688-bf38-51baca2b345d,Team Rocket's Mewtwo ex,SV10: Destined Rivals,1.13,1.44,21224,428,20796,2,3.9,1,66,True,sv10-destined-rivals,081/182,Holofoil,Double Rare,https://cdn.poketrace.com/cards/b2476a5de69531b3.webp,1.08,19883,1.384,1.384,0,3.5,True,67.99,54,56.709286,56.49591,16.5,34,14.65,14.65,21224,2026-03-11T08:58:38Z,,
me01-156,019c0010-df7a-7691-93bd-3cadbeec66ca,Mega Camerupt ex,ME01: Mega Evolution,1.95,0.49,21476,73,21403,2,5.7,1,65.8,True,me01-mega-evolution,022/132,Holofoil,Double Rare,https://cdn.poketrace.com/cards/9dc3fb1fe605981c.webp,0.56,20357,0.462,0.462,0,19.1,True,28.51,13,27.1275,27.1275,14.25,9,11.375,11.375,21476,2026-03-11T08:58:38Z,,
me02.5-057,019bffc8-5c96-75dc-b3b6-bf13e0b692ed,Pikachu ex,SV08: Surging Sparks,2.25,4.07,19017,636,18381,2,0.7,1,64.9,True,sv08-surging-sparks,057/191,Holofoil,Double Rare,https://cdn.poketrace.com/cards/ef95a26d67f185a2.webp,3.81,17386,4.098,4.098,0,22.9,True,76,74,64.97714,61.850998,19.99,63,18.71,18.705,19017,2026-03-11T08:58:38Z,,
sv08.5-012,019bffb0-7845-751b-84c5-27d6a42b6d85,Teal Mask Ogerpon ex,SV06: Twilight Masquerade,2.2,2.28,18411,229,18182,2,0.7,1,64.4,True,sv06-twilight-masquerade,025/167,Holofoil,Double Rare,https://cdn.poketrace.com/cards/750871a354a8d8cf.webp,2.11,17150,2.296,2.296,0,22.1,True,25,28,23.5,23.5,4.25,20,0,0,18411,2026-03-11T08:58:38Z,,
sv10-104,019c0004-fc83-7688-bf38-a679877aad4e,Cynthia's Garchomp ex,SV10: Destined Rivals,1.06,1.03,18015,242,17773,2,1.9,1,63.9,True,sv10-destined-rivals,104/182,Holofoil,Double Rare,https://cdn.poketrace.com/cards/17be9ba0d8242e0f.webp,0.98,16901,1.05,1.05,0,1.6,True,39.99,27,33.446667,33.446667,8.5,18,0,0,17960,2026-03-11T08:58:38Z,,
me02-112,019c0012-d832-755f-9d0c-4db6cd980ec4,Mismagius ex,ME02: Phantasmal Flames,2.33,0.53,17253,46,17207,2,4.2,1,62.8,True,me02-phantasmal-flames,036/094,Holofoil,Double Rare,https://cdn.poketrace.com/cards/7a4301aca79e0afd.webp,0.48,16439,0.508,0.508,0,23.1,True,39.99,2,36.995003,36.995003,9.5,3,9.945001,9.945001,17253,2026-03-11T08:58:38Z,,
sv01-236,019c3ac3-ec70-77fb-893c-cb6e2171a479,Jacq,SV01: Scarlet & Violet Base Set,2.26,0.17,18450,24,18426,2,10.6,6,62.5,True,sv01-scarlet-and-violet-base-set,175/198,Normal,Uncommon,https://cdn.poketrace.com/cards/66c02406dec58f83.webp,0.1,16174,0.152,0.152,0,22.1,False,0,0,0,0,0,0,0,0,18450,2026-03-11T08:58:38Z,,
sv08-036,019bffc8-5c95-757c-aedd-fd3f7284ff9e,Ceruledge ex,SV08: Surging Sparks,2.02,1.87,18120,304,17816,2,9.5,0,62.4,True,sv08-surging-sparks,036/191,Holofoil,Double Rare,https://cdn.poketrace.com/cards/c5df067e6fe30f0f.webp,1.66,16772,1.692,1.692,0,19.1,True,17.5,30,33,33,19,30,14.896,14.896,18120,2026-03-11T08:58:38Z,,
sv09-056,019c0000-679a-751f-a891-4ce7c54c1e73,Lillie's Clefairy ex,SV09: Journey Together,1.14,1.05,19328,231,19097,2,14.3,1,62.4,True,sv09-journey-together,056/159,Holofoil,Double Rare,https://cdn.poketrace.com/cards/6d3cc200adacfcb9.webp,1.09,17933,1.2,1.2,0,3.6,True,45,21,37.5,37.5,10,28,9.995,9.995,19328,2026-03-11T08:58:38Z,,
cel25-6,019bff9b-b937-714a-86f4-aed4bb4e4cb7,Flying Pikachu V,Celebrations,2.32,2.29,16296,881,15415,2,5.7,1,61.7,True,celebrations,006/025,Holofoil,Ultra Rare,https://cdn.poketrace.com/cards/e8f0cb979b02fc12.webp,2.17,13968,2.42,2.42,0,22.6,True,66,88,69.262146,69.75706,18.99,64,0,0,16296,2026-03-11T08:58:38Z,,
me02-110,019c0012-d832-755f-9d0c-6bd7d97f4c39,Oricorio ex,ME02: Phantasmal Flames,2.11,0.35,19398,31,19367,2,18.9,1,61.6,True,me02-phantasmal-flames,018/094,Holofoil,Double Rare,https://cdn.poketrace.com/cards/60f9abd8b8b170d5.webp,0.47,17947,0.416,0.416,0,20,True,19.5,4,20.658333,20.658333,10,1,0,0,19398,2026-03-11T08:58:38Z,,
sv10.5w-161,019c0007-b8d2-74f3-916d-b7311cc10d4a,Hydreigon ex,SV: White Flare,1.08,0.51,15047,43,15004,2,1.5,3,61.6,True,sv-white-flare,067/086,Holofoil,Double Rare,https://cdn.poketrace.com/cards/7f9880180a9a23e3.webp,0.75,14245,0.5025,0.5025,0,2.1,True,44.99,7,45.995003,45.995003,10.51,4,0,0,15033,2026-03-11T08:58:38Z,,
sv06-130,019bffb0-7845-751b-84c6-cbe5dcb44750,Dragapult ex,SV06: Twilight Masquerade,1.19,1.39,19466,203,19263,2,20.1,1,61.4,True,sv06-twilight-masquerade,130/167,Holofoil,Double Rare,https://cdn.poketrace.com/cards/2bf827bfb505cfc2.webp,1.35,18017,1.67,1.67,0,4.6,True,40,28,0,0,14.99,18,0,0,19466,2026-03-11T08:58:38Z,,
sv10.5b-161,019c000a-36f2-733d-933e-fd7c18290c55,Genesect ex,SV: Black Bolt,1.35,0.52,16985,42,16943,2,10.1,3,61.4,True,sv-black-bolt,067/086,Holofoil,Double Rare,https://cdn.poketrace.com/cards/c565980397fae34f.webp,0.85,16300,0.5725,0.5725,0,8,True,19.5,8,20.35,20.35,9.99,6,44.596,44.596,16985,2026-03-11T08:58:38Z,,
sv08-086,019bffc8-5c96-75dc-b3b7-6bff545a29c4,Sylveon ex,SV08: Surging Sparks,1.24,1.64,14183,343,13840,2,0.9,1,61,True,sv08-surging-sparks,086/191,Holofoil,Double Rare,https://cdn.poketrace.com/cards/240beec2107c607c.webp,1.63,13127,1.654,1.654,0,5.7,True,42.95,31,41.085,41.085,18,30,19.598,19.598,14183,2026-03-11T08:58:38Z,,
sv08.5-116,019bfff1-0ac7-70ee-b9dc-2cbc8bff3c9f,Max Rod,SV: Prismatic Evolutions,1.12,0.77,14197,313,13884,2,1.6,2,60.9,True,sv-prismatic-evolutions,116/131,Holofoil,ACE SPEC Rare,https://cdn.poketrace.com/cards/11bcc92b97451ae9.webp,0.93,13198,0.7825,0.7825,0,3,True,53,9,59,59,9.99,6,6.245,6.245,14197,2026-03-11T08:58:38Z,,
sv09-176,019c0000-679a-751f-a892-28524eaade7d,Hop's Zacian ex,SV09: Journey Together,2.2,0.67,14025,135,13890,2,2.1,1,60.7,True,sv09-journey-together,111/159,Holofoil,Double Rare,https://cdn.poketrace.com/cards/e0a8ea45ec1de319.webp,0.71,13309,0.656,0.656,0,20.8,True,39,13,25,25,8.52,22,11.84,10.120526,14025,2026-03-11T08:58:38Z,,
swsh12-120,019bffa2-09c0-7728-a27e-91989bf596c0,Radiant Jirachi,SWSH12: Silver Tempest,1.02,1.05,13572,393,13179,2,1.1,1,60.5,True,swsh12-silver-tempest,120/195,Holofoil,Radiant Rare,https://cdn.poketrace.com/cards/4a9e2d170e16622a.webp,0.87,12152,1.062,1.062,0,0.5,True,53.68,50,51.85286,51.24,13.39,26,16.0925,16.0925,13431,2026-03-11T08:58:38Z,,
sv10.5w-160,019c0007-b8d2-74f3-916d-6745657076a5,Jellicent ex,SV: White Flare,1.09,0.56,15367,50,15317,2,8.5,3,60.4,True,sv-white-flare,045/086,Holofoil,Double Rare,https://cdn.poketrace.com/cards/99ffc8b3f33e27cd.webp,0.68,14933,0.6075,0.6075,0,2.3,True,20.5,8,31.914286,31.914286,14.4,3,47.495,47.495,15354,2026-03-11T08:58:38Z,,
sv03-215,019bffa9-14a4-732a-bc78-4162e56c717a,Charizard ex,SV: Scarlet & Violet 151,2.1,9.01,14858,211,14647,2,7.1,1,60.3,True,sv-scarlet-and-violet-151,006/165,Holofoil,Double Rare,https://cdn.poketrace.com/cards/334b1a0d408f2245.webp,7.05,13139,8.368,8.368,0,19.4,True,108.5,29,93.87,93.87,24.99,30,25.229286,25.200624,14858,2026-03-11T08:58:38Z,,
sv08-224,019bffc8-5c95-757c-aedd-9a1a13b3f646,Archaludon ex,SV08: Surging Sparks,1.12,0.59,13441,91,13350,2,2,1,60.2,True,sv08-surging-sparks,130/191,Holofoil,Double Rare,https://cdn.poketrace.com/cards/81e112b6ebade46c.webp,0.58,12493,0.602,0.602,0,3,True,30,5,0,0,14.95,14,0,0,13441,2026-03-11T08:58:38Z,,
sv10.5b-159,019c000a-36f2-733d-933e-a796a3f73ccb,Meloetta ex,SV: Black Bolt,1.04,0.43,14521,44,14477,2,7,3,60.1,True,sv-black-bolt,044/086,Holofoil,Double Rare,https://cdn.poketrace.com/cards/73f18ed127da27f1.webp,0.71,13590,0.46,0.46,0,1,True,131.5,1,0,0,10.5,3,9.25,9.25,14516,2026-03-11T08:58:38Z,,
sv08-217,019bffc8-5c95-757c-aedf-bdaa0fe42d35,Milotic ex,SV08: Surging Sparks,2.44,0.66,13215,157,13058,2,2.1,1,60,True,sv08-surging-sparks,042/191,Holofoil,Double Rare,https://cdn.poketrace.com/cards/ed52e14f584f0c3f.webp,0.7,12243,0.646,0.646,0,23.2,True,38,27,0,0,6.5,27,0,0,13215,2026-03-11T08:58:38Z,,
sv10.5b-157,019c000a-36f2-733d-933e-6571b07c6016,Kyurem ex,SV: Black Bolt,1.33,0.5,12753,54,12699,2,0.5,3,60,True,sv-black-bolt,028/086,Holofoil,Double Rare,https://cdn.poketrace.com/cards/50c3a27559c00452.webp,0.56,12016,0.4975,0.4975,0,7.4,True,40,9,35,35,20,10,0,0,12753,2026-03-11T08:58:38Z,,
sv09-172,019c0000-679a-751f-a891-410b81317a2a,Iono's Bellibolt ex,SV09: Journey Together,1.9,0.66,13423,128,13295,2,3.6,1,59.9,True,sv09-journey-together,053/159,Holofoil,Double Rare,https://cdn.poketrace.com/cards/38432fa74dbb10a7.webp,0.72,12556,0.684,0.684,0,16.7,True,45,17,40.815,40.815,10.5,11,0,0,13423,2026-03-11T08:58:38Z,,
swsh12-059,019bffa2-09c0-7728-a27e-f24c728b2bf7,Radiant Alakazam,SWSH12: Silver Tempest,1.21,1.24,13524,419,13105,2,3.9,0,59.9,True,swsh12-silver-tempest,059/195,Holofoil,Radiant Rare,https://cdn.poketrace.com/cards/5f9c70a32684c80a.webp,1.34,11997,1.192,1.192,0,5,True,44,50,54.32857,53.19269,10.49,39,14.104285,14.523,13524,2026-03-11T08:58:38Z,,
sv10-212,019c0004-fc83-7688-bf38-2f9d41878c75,Electivire ex,SV10: Destined Rivals,2.23,0.57,13041,126,12915,2,1.8,1,59.9,True,sv10-destined-rivals,069/182,Holofoil,Double Rare,https://cdn.poketrace.com/cards/7c7c9a196d3373f3.webp,0.62,12327,0.56,0.56,0,20.9,True,50,11,29.833334,29.833334,8.85,6,8.05,8.05,13041,2026-03-11T08:58:38Z,,
sv10-214,019c0004-fc83-7688-bf38-9b3031f8f1ae,Regirock ex,SV10: Destined Rivals,1.94,0.56,12745,99,12646,2,0.7,1,59.9,True,sv10-destined-rivals,101/182,Holofoil,Double Rare,https://cdn.poketrace.com/cards/035f961861ba1df3.webp,0.65,12035,0.556,0.556,0,17.2,True,50,7,0,0,14,2,14,14,12745,2026-03-11T08:58:38Z,,
sv10.5w-159,019c0007-b8d2-74f3-916d-2ba11306e4ca,Keldeo ex,SV: White Flare,1.12,0.48,13551,37,13514,2,4.7,3,59.8,True,sv-white-flare,030/086,Holofoil,Double Rare,https://cdn.poketrace.com/cards/e3eb0ad0113f898e.webp,0.62,12851,0.4575,0.4575,0,2.9,True,20.65,2,0,0,24.99,3,39.94,39.94,13551,2026-03-11T08:58:38Z,,
sv10-206,019c0004-fc83-7688-bf37-604658d27cad,Yanmega ex,SV10: Destined Rivals,2,0.54,13362,90,13272,2,3.7,1,59.8,True,sv10-destined-rivals,003/182,Holofoil,Double Rare,https://cdn.poketrace.com/cards/70b40b1687d5540b.webp,0.52,12586,0.52,0.52,0,18,True,24.95,3,0,0,9.95,4,11.486667,11.486667,13362,2026-03-11T08:58:38Z,,
sv06.5-039,019bffb1-b700-72e3-b75a-dced9d955172,Pecharunt ex,SV: Shrouded Fable,1.55,4.09,12291,208,12083,2,0.2,0,59.7,True,sv-shrouded-fable,039/064,Holofoil,Double Rare,https://cdn.poketrace.com/cards/da9d06aa457c15c3.webp,3.6,11172,4.098,4.098,0,11.4,True,30,24,20.357143,18.01357,10.99,15,8.25,8.577272,12291,2026-03-11T08:58:38Z,,
sv10-211,019c0004-fc83-7688-bf38-232657b736f0,Dondozo ex,SV10: Destined Rivals,1.83,0.58,12821,89,12732,2,2.4,1,59.7,True,sv10-destined-rivals,066/182,Holofoil,Double Rare,https://cdn.poketrace.com/cards/a1a45a13f6640bb5.webp,0.51,12104,0.566,0.566,0,15.7,True,35.87,7,38.495003,38.495003,10.5,2,5.95,5.95,12821,2026-03-11T08:58:38Z,,
sv10.5b-156,019c000a-36f2-733d-933d-f62254516a3a,Serperior ex,SV: Black Bolt,1.28,0.46,14178,36,14142,2,8.2,3,59.6,True,sv-black-bolt,003/086,Holofoil,Double Rare,https://cdn.poketrace.com/cards/372a05bcada67500.webp,0.66,13329,0.4975,0.4975,0,6.4,True,37,3,0,0,60,1,0,0,14178,2026-03-11T08:58:38Z,,
sv08.5-023,019bfff1-0ac7-70ee-b9da-b97e0580c2b1,Vaporeon ex,SV: Prismatic Evolutions,2.37,2.19,12161,674,11487,2,0.1,1,59.6,True,sv-prismatic-evolutions,023/131,Holofoil,Double Rare,https://cdn.poketrace.com/cards/e40271997ab94835.webp,2.17,11255,2.1875,2.1875,0,22.3,True,46.01,75,49.080715,50.719475,18,72,21.222143,20.86857,12161,2026-03-11T08:58:38Z,,
sv10.5w-157,019c0007-b8d2-74f3-916c-d06162beefaa,Whimsicott ex,SV: White Flare,1.14,0.43,14235,41,14194,2,8.1,3,59.6,True,sv-white-flare,005/086,Holofoil,Double Rare,https://cdn.poketrace.com/cards/10abd6512188fdc1.webp,0.58,13364,0.465,0.465,0,3.4,True,24,5,64.83,64.83,7.5,6,0,0,14235,2026-03-11T08:58:38Z,,
sv06-106,019bffb0-7845-751b-84c6-6b505cee2f00,Greninja ex,SV06: Twilight Masquerade,1.2,1.07,13130,340,12790,2,4.3,0,59.5,True,sv06-twilight-masquerade,106/167,Holofoil,Double Rare,https://cdn.poketrace.com/cards/04c4a93f15cd2396.webp,1.18,12052,1.116,1.116,0,4.7,True,32,35,134.66,134.66,15.4,28,0,0,13130,2026-03-11T08:58:38Z,,
sv10.5w-158,019c0007-b8d2-74f3-916d-022721137efd,Reshiram ex,SV: White Flare,2.11,0.5,14115,74,14041,2,9,3,59.4,True,sv-white-flare,020/086,Holofoil,Double Rare,https://cdn.poketrace.com/cards/84ea2efbeef2db29.webp,0.6,13425,0.545,0.545,0,19.3,True,20.5,16,23.942,23.942,15.5,15,0,0,14115,2026-03-11T08:58:38Z,,
me02-116,019c3ac3-ec74-75a4-8a98-d782be0cfea0,Battle Cage,ME02: Phantasmal Flames,2.08,0.17,12706,12,12694,2,3.5,1,59.3,True,me02-phantasmal-flames,085/094,Normal,Uncommon,https://cdn.poketrace.com/cards/71e2aa6ca8f703d4.webp,0.12,12122,0.176,0.176,0,18.9,False,0,0,0,0,0,0,0,0,12706,2026-03-11T08:58:38Z,,
base1-46,019bff77-befa-771d-bab1-131dd5c20ddd,Charmander,Base Set,2.11,2.11,12916,385,12531,2,4.4,1,59.3,True,base-set,046/102,Normal,Common,https://cdn.poketrace.com/cards/064c705d83ed50e2.webp,0.88,3740,2.018,2.018,0,19.2,True,195,41,206.65572,213.815,41.475,43,39.19143,38.178463,12916,2026-03-11T08:58:38Z,,
sv10-218,019c0004-fc83-7688-bf39-2ccfbc477b2f,Arven's Mabosstiff ex,SV10: Destined Rivals,2.02,0.54,13015,82,12933,2,5.2,1,59.2,True,sv10-destined-rivals,139/182,Holofoil,Double Rare,https://cdn.poketrace.com/cards/4522bccb40a68c2c.webp,0.65,12276,0.512,0.512,0,18.1,True,40,5,0,0,9.95,5,10.34,10.34,13015,2026-03-11T08:58:38Z,,
me02-111,019c0012-d833-711e-942a-d2cb2733df2c,Rotom ex,ME02: Phantasmal Flames,2.08,0.35,17772,37,17735,2,25.1,1,59,True,me02-phantasmal-flames,029/094,Holofoil,Double Rare,https://cdn.poketrace.com/cards/b4a45f4fc49fbf0c.webp,0.51,16811,0.438,0.438,0,18.8,True,20,1,0,0,7.5,2,0,0,17772,2026-03-11T08:58:38Z,,
sv10-210,019c0004-fc83-7688-bf38-1cf6a522c0c1,Cetitan ex,SV10: Destined Rivals,2.28,0.58,13192,80,13112,2,6.9,1,59,True,sv10-destined-rivals,065/182,Holofoil,Double Rare,https://cdn.poketrace.com/cards/ee1c03702ad74f3f.webp,0.56,12399,0.54,0.54,0,21.1,True,12,7,20.666666,20.666666,15,2,0,0,13192,2026-03-11T08:58:38Z,,
sv08.5-034,019bfff1-0ac7-70ee-b9da-e7cac4af2d8a,Espeon ex,SV: Prismatic Evolutions,2.27,2.53,12279,691,11588,2,4.3,3,58.8,True,sv-prismatic-evolutions,034/131,Holofoil,Double Rare,https://cdn.poketrace.com/cards/1c8a640765a76005.webp,2.26,11234,2.64,2.64,0,20.9,True,41.7,100,48.096428,51.740356,12,62,18.983572,19.8175,12279,2026-03-11T08:58:38Z,,
sv10-207,019c0004-fc82-756f-9930-2b971c406819,Arboliva ex,SV10: Destined Rivals,2.56,0.59,13662,119,13543,2,10.5,0,58.7,True,sv10-destined-rivals,023/182,Holofoil,Double Rare,https://cdn.poketrace.com/cards/34facabbf883ea82.webp,0.73,12949,0.528,0.528,0,24,True,20,5,18.5,18.5,0,0,0,0,13662,2026-03-11T08:58:38Z,,
sv09-174,019c0000-679a-751f-a891-a81eef83f51d,Mamoswine ex,SV09: Journey Together,1.13,0.57,11089,83,11006,2,1.4,1,58.5,True,sv09-journey-together,079/159,Holofoil,Double Rare,https://cdn.poketrace.com/cards/fabb053dfe2db888.webp,0.61,10425,0.578,0.578,0,3.1,True,39,5,35.183334,35.183334,20,6,0,0,11089,2026-03-11T08:58:38Z,,
sv03.5-040,019bffaa-1a46-7583-8091-10aef4747ab2,Wigglytuff ex,SV: Scarlet & Violet 151,1.14,1.11,10870,213,10657,2,2.2,1,58.2,True,sv-scarlet-and-violet-151,040/165,Holofoil,Double Rare,https://cdn.poketrace.com/cards/5ec02b01f9abda7b.webp,1.25,9880,1.134,1.134,0,3.3,True,22.61,22,0,0,14.64,25,13.383333,13.383333,10870,2026-03-11T08:58:38Z,,
sv04-231,019bffab-58ba-7458-9ea5-f2d97cf69384,Gholdengo ex,SV04: Paradox Rift,1.16,3.15,13407,211,13196,2,11.9,2,58.2,True,sv04-paradox-rift,139/182,Holofoil,Double Rare,https://cdn.poketrace.com/cards/9bc260540da21542.webp,3.15,11867,3.524,3.524,0,3.8,True,30,4,27.33,27.33,29.99,6,15.688,15.688,13407,2026-03-11T08:58:38Z,,
sv08.5-082,019bfff1-0ac7-70ee-b9db-a617e22f90df,Lugia ex,SV: Prismatic Evolutions,1.62,1,10447,487,9960,2,0.6,1,58.1,True,sv-prismatic-evolutions,082/131,Holofoil,Double Rare,https://cdn.poketrace.com/cards/11d8439a1448f697.webp,1.03,9712,1.006,1.006,0,12.2,True,79.02,35,99.50667,99.50667,20,30,21.061666,21.061666,10447,2026-03-11T08:58:38Z,,
swsh9-163,019bff9b-b937-714a-86f4-9af3440b23ba,Zamazenta V,Celebrations,1.87,0.7,11406,273,11133,2,4.6,1,58.1,True,celebrations,018/025,Holofoil,Ultra Rare,https://cdn.poketrace.com/cards/9cb0633ac8988a3c.webp,0.63,9743,0.668,0.668,0,15.8,True,49.99,33,46.6525,46.6525,14,24,15.179999,15.179999,11406,2026-03-11T08:58:38Z,,
swsh1-138,019bff9b-b937-714a-86f4-d19ca25c0d82,Zacian V,Celebrations,1.03,0.77,11897,307,11590,2,7,1,58,True,celebrations,016/025,Holofoil,Ultra Rare,https://cdn.poketrace.com/cards/c6e6204e75d4e96e.webp,0.71,10239,0.716,0.716,0,0.7,True,30,35,28.00125,28.00125,14.5,29,11.448,11.448,11780,2026-03-11T08:58:38Z,,
sv03.5-115,019bffaa-1a47-7762-8bb4-e1e25136e2ab,Kangaskhan ex,SV: Scarlet & Violet 151,1.39,1.03,10988,220,10768,2,4.1,1,57.9,True,sv-scarlet-and-violet-151,115/165,Holofoil,Double Rare,https://cdn.poketrace.com/cards/cc0be3be0e009c73.webp,1.31,9977,1.072,1.072,0,8.3,True,34.99,21,25.36,23.8265,15.21,23,0,0,10988,2026-03-11T08:58:38Z,,
sv03.5-145,019bffab-58b9-77cf-912a-d8f8eb979b93,Zapdos ex,SV: Scarlet & Violet 151,1.73,1.29,10564,248,10316,2,2.9,1,57.8,True,sv-scarlet-and-violet-151,145/165,Holofoil,Double Rare,https://cdn.poketrace.com/cards/bd025c3acb7a4d23.webp,1.3,9559,1.252,1.252,0,13.8,True,34.99,32,37.49,37.49,9,25,12.926667,12.926667,10564,2026-03-11T08:58:38Z,,
sv08-225,019bffc8-5c95-757c-aedd-76cc21193587,Alolan Exeggutor ex,SV08: Surging Sparks,2.46,0.67,10774,161,10613,2,3.6,0,57.8,True,sv08-surging-sparks,133/191,Holofoil,Double Rare,https://cdn.poketrace.com/cards/c65c6d36c232e928.webp,0.7,9992,0.646,0.646,0,22.6,True,48.24,36,36.81,36.81,8.5,28,10.25,10.25,10774,2026-03-11T08:58:38Z,,
sv08.5-076,019bfff1-0ac7-70ee-b9db-8e15a38db192,Snorlax ex,SV: Prismatic Evolutions,1.09,1.26,10269,287,9982,2,1.7,1,57.8,True,sv-prismatic-evolutions,076/131,Holofoil,Double Rare,https://cdn.poketrace.com/cards/f8fe2cba441e6303.webp,1.05,9574,1.238,1.238,0,2.2,True,78,28,77.61429,77.61429,19.99,25,19.16,19.16,10172,2026-03-11T08:58:38Z,,
sv08.5-027,019bffb0-7845-751b-84c5-c0ba9fa6cdc3,Wellspring Mask Ogerpon ex,SV06: Twilight Masquerade,1.02,0.8,11641,137,11504,2,7.7,1,57.7,True,sv06-twilight-masquerade,064/167,Holofoil,Double Rare,https://cdn.poketrace.com/cards/522d2299e174c91a.webp,0.81,10835,0.862,0.862,0,0.5,True,40,32,35,35,4.5,11,8.932857,7.976,11572,2026-03-11T08:58:38Z,,
sv09-171,019c0000-679a-751f-a890-eade22a8b801,Volcanion ex,SV09: Journey Together,1.26,0.55,11359,88,11271,2,6.5,1,57.7,True,sv09-journey-together,031/159,Holofoil,Double Rare,https://cdn.poketrace.com/cards/8518722445ddecd9.webp,0.57,10794,0.586,0.586,0,5.8,True,38.88,5,0,0,9.01,6,0,0,11359,2026-03-11T08:58:38Z,,
sv08-222,019bffc8-5c95-757c-aede-e741ca469697,Flygon ex,SV08: Surging Sparks,2.47,0.73,10731,169,10562,2,4.9,1,57.5,True,sv08-surging-sparks,106/191,Holofoil,Double Rare,https://cdn.poketrace.com/cards/c300b71d5116797a.webp,0.68,10020,0.694,0.694,0,22.6,True,29.99,29,34.995,34.995,25,26,20.05,20.05,10731,2026-03-11T08:58:38Z,,
sv09-177,019c0000-679a-751f-a892-35686242482d,Salamence ex,SV09: Journey Together,1.75,0.62,11641,140,11501,2,8.4,1,57.5,True,sv09-journey-together,114/159,Holofoil,Double Rare,https://cdn.poketrace.com/cards/7427762331af5864.webp,0.73,10958,0.672,0.672,0,14,True,67,6,66,66,9.99,16,10.88,10.88,11641,2026-03-11T08:58:38Z,,
sv09-178,019c0001-f4af-73e0-bbc6-f207a1cd08cb,Dudunsparce ex,SV09: Journey Together,1.33,0.56,11023,80,10943,2,6.1,1,57.5,True,sv09-journey-together,121/159,Holofoil,Double Rare,https://cdn.poketrace.com/cards/e65802ce08be2f1d.webp,0.79,10347,0.526,0.526,0,7.1,True,35,4,0,0,9.01,10,0,0,11023,2026-03-11T08:58:38Z,,
g1-RC29,019bff77-befc-77ae-b883-0afaca693ed3,Pikachu,Jungle,2.52,4.17,10106,70,10036,2,3,1,57.4,True,jungle,60/64,Unlimited,Common,https://cdn.poketrace.com/cards/2dce032950d00652.webp,1.74,2433,4.046,4.046,0,23,True,270,8,360.11667,360.11667,56.035,11,45.23357,45.828125,10106,2026-03-11T08:58:38Z,,
sv08.5-092,019bfff1-0ac7-70ee-b9db-cea4851cfe67,Terapagos ex,SV: Prismatic Evolutions,1.1,0.91,9348,255,9093,2,0.2,0,57.3,True,sv-prismatic-evolutions,092/131,Holofoil,Double Rare,https://cdn.poketrace.com/cards/6c13ed1fcfeab593.webp,0.86,8816,0.912,0.912,0,2.4,True,25.99,17,27.994999,27.994999,17.77,15,0,0,9305,2026-03-11T08:58:38Z,,
sv06-192,019bffb0-7845-751b-84c5-60508275e78f,Hearthflame Mask Ogerpon ex,SV06: Twilight Masquerade,2.08,0.57,9703,118,9585,2,1.8,1,57.3,True,sv06-twilight-masquerade,040/167,Holofoil,Double Rare,https://cdn.poketrace.com/cards/479dd49ca6f96f93.webp,0.51,8997,0.58,0.58,0,18.2,True,40,22,40,40,15,16,11.416667,11.416667,9703,2026-03-11T08:58:38Z,,
ecard1-117,019bff77-befa-771d-bab1-2fe2a5c98fa3,Machop,Base Set,1.49,0.43,9226,204,9022,2,0.5,1,57.2,True,base-set,052/102,Normal,Common,https://cdn.poketrace.com/cards/b031a413f700202a.webp,0.31,1889,0.432,0.432,0,9.9,True,124.99,27,91.82,91.82,15.25,25,20.666666,20.666666,9226,2026-03-11T08:58:38Z,,
sv06-141,019bffb0-7845-751b-84c6-f5cc82be06d0,Bloodmoon Ursaluna ex,SV06: Twilight Masquerade,1.62,2.73,13084,198,12886,2,16.6,1,57,True,sv06-twilight-masquerade,141/167,Holofoil,Double Rare,https://cdn.poketrace.com/cards/4b112f397677a94c.webp,3.68,11905,2.278,2.278,0,11.9,True,34.99,27,31.993334,31.993334,15,10,8.601428,8.052222,13084,2026-03-11T08:58:38Z,,
sv06-195,019bffb0-7845-751b-84c5-d128ae6d3708,Luxray ex,SV06: Twilight Masquerade,2.16,0.66,10016,186,9830,2,5.2,0,56.9,True,sv06-twilight-masquerade,068/167,Holofoil,Double Rare,https://cdn.poketrace.com/cards/7f20a0e275a881b8.webp,0.69,9170,0.626,0.626,0,19,True,29,25,0,0,7,16,14.547143,13.421333,10016,2026-03-11T08:58:38Z,,
sv03.5-076,019bffaa-1a47-7762-8bb4-c67010798c49,Golem ex,SV: Scarlet & Violet 151,1.28,0.9,10849,205,10644,2,8.4,0,56.9,True,sv-scarlet-and-violet-151,076/165,Holofoil,Double Rare,https://cdn.poketrace.com/cards/32642aac0010aabf.webp,0.99,9789,0.976,0.976,0,6.1,True,50,23,37.535713,30.049524,11.98,26,10.052857,9.357727,10849,2026-03-11T08:58:38Z,,
sv06-201,019bffb0-7845-751b-84c6-d8a2c1bcfbfe,Blissey ex,SV06: Twilight Masquerade,2.53,0.76,9388,97,9291,2,2.6,1,56.9,True,sv06-twilight-masquerade,134/167,Holofoil,Double Rare,https://cdn.poketrace.com/cards/54f71a5ebcf5f9c9.webp,0.73,8599,0.74,0.74,0,22.9,True,23.5,18,26.711428,23.981176,6.5,10,0,0,9388,2026-03-11T08:58:38Z,,
sv03.5-124,019bffaa-1a47-7762-8bb5-8c835df901c6,Jynx ex,SV: Scarlet & Violet 151,1.55,1.14,9450,228,9222,2,4,1,56.7,True,sv-scarlet-and-violet-151,124/165,Holofoil,Double Rare,https://cdn.poketrace.com/cards/1e08e907b9880ab6.webp,1.09,8521,1.094,1.094,0,10.8,True,199,31,0,0,15,21,11.25,11.25,9450,2026-03-11T08:58:38Z,,
neo1-62,019bff77-befb-757f-890d-1139327a2132,Horsea,Fossil,1.14,0.42,9053,1,9052,2,2.4,1,56.7,True,fossil,49/62,Unlimited,Common,https://cdn.poketrace.com/cards/bff6acadcec2a5e5.webp,0.27,1521,0.41,0.41,0,3.2,True,0,0,0,0,0,0,0,0,9053,2026-03-11T08:58:38Z,,
sv07-128,019bffb5-343b-77b4-8f25-2be6d7550855,Terapagos ex,SV07: Stellar Crown,2.23,0.93,8441,229,8212,2,0.2,1,56.6,True,sv07-stellar-crown,128/142,Holofoil,Double Rare,https://cdn.poketrace.com/cards/6c925979d40f46d3.webp,1.03,7711,0.932,0.932,0,19.7,True,31,36,27.7475,27.7475,10,29,13.33,13.33,8441,2026-03-11T08:58:38Z,,
ex6-69,019bff77-befc-77ae-b882-f94ae7699b6b,Meowth,Jungle,1.16,0.75,8966,186,8780,2,2.9,1,56.5,True,jungle,56/64,Unlimited,Common,https://cdn.poketrace.com/cards/4e11734638db1e41.webp,0.42,2511,0.772,0.772,0,3.6,True,199.3,36,161.894,161.894,23.33,22,0,0,8966,2026-03-11T08:58:38Z,,
sv08-227,019bffc8-5c96-75dc-b3b7-3268b24e152d,Slaking ex,SV08: Surging Sparks,1.31,0.66,10629,88,10541,2,9.4,1,56.5,True,sv08-surging-sparks,147/191,Holofoil,Double Rare,https://cdn.poketrace.com/cards/6d671019355181a1.webp,0.57,10134,0.598,0.598,0,6.6,True,17.5,6,0,0,20.75,10,0,0,10629,2026-03-11T08:58:38Z,,
sv08-221,019bffc8-5c96-75dc-b3b6-a115d3b817e9,Palossand ex,SV08: Surging Sparks,1.43,0.67,10834,144,10690,2,10.1,1,56.5,True,sv08-surging-sparks,091/191,Holofoil,Double Rare,https://cdn.poketrace.com/cards/c1b3053f1fa8e7da.webp,0.58,10232,0.602,0.602,0,8.8,True,39.99,22,26.712858,23.239525,13.5,16,0,0,10834,2026-03-11T08:58:38Z,,
sv08-218,019bffc8-5c95-757c-aedd-b50d16389a32,Black Kyurem ex,SV08: Surging Sparks,2.32,0.78,10362,149,10213,2,9.2,1,56.4,True,sv08-surging-sparks,048/191,Holofoil,Double Rare,https://cdn.poketrace.com/cards/db2dcd2229783c9d.webp,0.62,9639,0.708,0.708,0,20.6,True,41.64,18,38.35143,37.106876,15.5,28,11.176666,11.176666,10362,2026-03-11T08:58:38Z,,
swsh12-058,019bffa2-09c0-7728-a27e-94e6973f6b34,Regieleki VMAX,SWSH12: Silver Tempest,1.39,1.41,9423,211,9212,2,5.2,1,56.4,True,swsh12-silver-tempest,058/195,Holofoil,Ultra Rare,https://cdn.poketrace.com/cards/5be67c1ca91e6d64.webp,1.36,8399,1.336,1.336,0,8.1,True,31.99,31,41.341667,41.341667,13.5,21,0,0,9423,2026-03-11T08:58:38Z,,
sv03.5-065,019bffaa-1a47-7762-8bb4-411aa1e3d814,Alakazam ex,SV: Scarlet & Violet 151,2.08,1.25,10643,225,10418,2,9.9,0,56.4,True,sv-scarlet-and-violet-151,065/165,Holofoil,Double Rare,https://cdn.poketrace.com/cards/f9bb7505055878ce.webp,1.56,9550,1.374,1.374,0,17.9,True,39.99,28,0,0,30,23,20,20,10643,2026-03-11T08:58:38Z,,
sv06-196,019bffb0-7845-751b-84c5-f5a2bb743d33,Iron Thorns ex,SV06: Twilight Masquerade,1.76,0.64,8408,142,8266,2,1.3,0,56.4,True,sv06-twilight-masquerade,077/167,Holofoil,Double Rare,https://cdn.poketrace.com/cards/2fd42d4645017c12.webp,0.78,7671,0.632,0.632,0,13.8,True,13.5,21,25.27143,23.353056,18.99,8,18.641428,18.641428,8408,2026-03-11T08:58:38Z,,
ex6-53,019bff77-befc-77ae-b882-de3e54159ffc,Bellsprout,Jungle,1.35,0.42,8396,143,8253,2,1,1,56.4,True,jungle,49/64,Unlimited,Common,https://cdn.poketrace.com/cards/728518fc4466bdcc.webp,0.31,1854,0.416,0.416,0,7.4,True,59,26,0,0,21.05,27,23.025,23.025,8396,2026-03-11T08:58:38Z,,
base2-50,019bff77-befc-77ae-b882-e342fddd16a2,Cubone,Jungle,1.29,1.32,9806,14,9792,2,7.1,1,56.3,True,jungle,50/64,Unlimited,Common,https://cdn.poketrace.com/cards/4349c6d8a2ae7353.webp,0.53,2741,1.414,1.414,0,6.2,True,0,0,0,0,39,1,0,0,9806,2026-03-11T08:58:38Z,,
sv08.5-026,019bfff1-0ac7-70ee-b9da-c4e16b07d9b7,Glaceon ex,SV: Prismatic Evolutions,1.96,1.4,12097,685,11412,2,16.1,1,56.3,True,sv-prismatic-evolutions,026/131,Holofoil,Double Rare,https://cdn.poketrace.com/cards/7ffdfe729f31199e.webp,1.58,11109,1.625,1.625,0,16.5,True,51.995,96,45.15,47.29405,16.5,63,18.57,19.322857,12097,2026-03-11T08:58:38Z,,
ecard1-115,019bff77-befb-757f-890d-1bfbcd346a7d,Krabby,Fossil,1.28,0.44,8647,7,8640,2,2.7,1,56.3,True,fossil,51/62,Unlimited,Common,https://cdn.poketrace.com/cards/994816c05897a1db.webp,0.35,1611,0.452,0.452,0,6,True,0,0,0,0,17.4,2,29.125,29.125,8647,2026-03-11T08:58:38Z,,
me01-176,019c3ac3-ec74-75a4-8a98-6d5e9ffa8e76,Wally's Compassion,ME01: Mega Evolution,1.94,0.17,8373,11,8362,2,2.4,1,56.1,True,me01-mega-evolution,132/132,Normal,Uncommon,https://cdn.poketrace.com/cards/91c1e6a16ee781fd.webp,0.11,7897,0.174,0.174,0,16.1,False,0,0,0,0,0,0,0,0,8373,2026-03-11T08:58:38Z,,
sv03.5-024,019bffaa-1a46-7583-8090-d1faf22a2234,Arbok ex,SV: Scarlet & Violet 151,1.92,1.16,9806,198,9608,2,8.3,1,56.1,True,sv-scarlet-and-violet-151,024/165,Holofoil,Double Rare,https://cdn.poketrace.com/cards/ba28fa50979a466b.webp,1.33,8870,1.256,1.256,0,15.9,True,34.99,27,39.995003,39.995003,19,20,11.5,11.5,9806,2026-03-11T08:58:38Z,,
swsh12-175,019bffa2-09c0-7728-a27f-e1ad29e6f80b,Regieleki V,SWSH12: Silver Tempest,2.3,0.74,8930,111,8819,2,4.9,1,56.1,True,swsh12-silver-tempest,057/195,Holofoil,Ultra Rare,https://cdn.poketrace.com/cards/03dd0fdc70b2099a.webp,0.65,8120,0.704,0.704,0,20.3,True,39,16,0,0,9.38,9,0,0,8930,2026-03-11T08:58:38Z,,
sv08-228,019bffc8-5c95-757c-aede-441699fefc11,Cyclizar ex,SV08: Surging Sparks,1.82,0.68,11103,127,10976,2,14.1,1,56,True,sv08-surging-sparks,159/191,Holofoil,Double Rare,https://cdn.poketrace.com/cards/99920712336dca5c.webp,0.67,10377,0.584,0.584,0,14.6,True,20,25,0,0,16.99,17,0,0,11103,2026-03-11T08:58:38Z,,
base1-43,019bff77-befa-771d-bab1-0769c4acd0a1,Abra,Base Set,1.29,1.33,8404,193,8211,2,3.2,1,56,True,base-set,043/102,Normal,Common,https://cdn.poketrace.com/cards/4ccde5e3f60140c7.webp,0.47,2461,1.372,1.372,0,6.2,True,121.25,30,128.74667,128.74667,26,27,34.55375,34.55375,8404,2026-03-11T08:58:38Z,,
sv08.5-058,019bffb0-7845-751b-84c6-819a7c38a3cc,Cornerstone Mask Ogerpon ex,SV06: Twilight Masquerade,1.23,0.96,11210,134,11076,2,14.6,1,55.9,True,sv06-twilight-masquerade,112/167,Holofoil,Double Rare,https://cdn.poketrace.com/cards/065408ef4c05182a.webp,0.82,10425,1.1,1.1,0,5,True,34.97,23,35.985,35.985,10.98,2,0,0,11210,2026-03-11T08:58:38Z,,
sv06-189,019bffb0-7845-751b-84c5-1d2633b60a4d,Sinistcha ex,SV06: Twilight Masquerade,1.24,0.57,8737,77,8660,2,5.3,1,55.8,True,sv06-twilight-masquerade,023/167,Holofoil,Double Rare,https://cdn.poketrace.com/cards/0581b192af1f5727.webp,0.65,8093,0.6,0.6,0,5.2,True,25,17,0,0,0.99,7,7.54,7.54,8737,2026-03-11T08:58:38Z,,
ecard1-160,019bff77-befa-771d-bab1-ddca76aa068f,Fighting Energy,Base Set,1.28,0.39,7759,224,7535,2,1.5,1,55.8,True,base-set,097/102,Normal,Common,https://cdn.poketrace.com/cards/633d11a3d097625a.webp,0.28,1846,0.384,0.384,0,6,True,27.085,58,44.0425,44.0425,17.5,46,27.25,27.25,7759,2026-03-11T08:58:38Z,,
base5-70,019bff77-befb-757f-890d-31b2d06c9bc8,Zubat,Fossil,1.01,0.48,7697,21,7676,2,2.1,1,55.7,True,fossil,57/62,Unlimited,Common,https://cdn.poketrace.com/cards/86aec7421fab59a2.webp,0.28,1614,0.47,0.47,0,0.2,True,0,0,0,0,22.5,4,28.5175,28.5175,7691,2026-03-11T08:58:38Z,,
swsh12.5-GG09,019bffa3-0690-7079-959c-f96d3911818c,Toxtricity,Crown Zenith: Galarian Gallery,2.04,2.28,7657,365,7292,2,1.6,1,55.7,True,crown-zenith-galarian-gallery,GG09/GG70,Holofoil,Ultra Rare,https://cdn.poketrace.com/cards/3741b6195ab5fed5.webp,2.24,6884,2.244,2.244,0,17.2,True,80,38,58.01071,61.341667,18.33,39,17.348572,17.805,7657,2026-03-11T08:58:38Z,,
dp3-112,019bff77-befa-771d-bab1-5e808891d9ee,Squirtle,Base Set,2.22,5.97,9284,391,8893,2,8.4,1,55.7,True,base-set,063/102,Normal,Common,https://cdn.poketrace.com/cards/b2c54c8ecee01611.webp,2.46,2142,5.47,5.47,0,19.3,True,299.99,58,278.05142,274.83636,56.333332,41,48.979168,48.979168,9284,2026-03-11T08:58:38Z,,
bw9-103,019bffa9-14a3-7617-8a42-cd35188009a2,Superior Energy Retrieval,SV02: Paldea Evolved,1.97,0.56,8780,28,8752,2,6.2,3,55.7,True,sv02-paldea-evolved,189/193,Reverse_Holofoil,Uncommon,https://cdn.poketrace.com/cards/469af2dcbd345bcb.webp,0.53,7674,0.595,0.595,0,16.4,False,0,0,0,0,0,0,0,0,8780,2026-03-11T08:58:38Z,,
swsh12.5-GG14,019bffa3-0690-7079-959d-0e0ef696884b,Comfey,Crown Zenith: Galarian Gallery,1.74,1.76,7136,281,6855,2,0.2,0,55.6,True,crown-zenith-galarian-gallery,GG14/GG70,Holofoil,Ultra Rare,https://cdn.poketrace.com/cards/6e8a390d1e52a9e0.webp,1.64,6301,1.764,1.764,0,13.4,True,45,33,39.4975,39.4975,13.5,26,10.666667,10.666667,7136,2026-03-11T08:58:38Z,,
swsh12.5-GG01,019bffa3-0690-7079-959c-deda78d2a68c,Hisuian Voltorb,Crown Zenith: Galarian Gallery,2.17,1.81,7165,303,6862,2,0.8,1,55.5,True,crown-zenith-galarian-gallery,GG01/GG70,Holofoil,Ultra Rare,https://cdn.poketrace.com/cards/2a4bcc498ec1eb86.webp,1.76,6325,1.796,1.796,0,18.7,True,77,32,81,81,14.99,24,18.49,18.49,7165,2026-03-11T08:58:38Z,,
sv06.5-083,019bffb1-b700-72e3-b75a-d7c33cc206d6,Munkidori ex,SV: Shrouded Fable,2.02,0.66,8481,91,8390,2,5.8,1,55.5,True,sv-shrouded-fable,037/064,Holofoil,Double Rare,https://cdn.poketrace.com/cards/1ffbaee4f80c8f3c.webp,0.62,7669,0.622,0.622,0,16.9,True,30,18,25.464287,20.581072,14.99,14,8.711429,7.2370834,8481,2026-03-11T08:58:38Z,,
ecard1-126,019bff77-befa-771d-bab1-52b35c54a3b2,Ponyta,Base Set,2.33,0.49,7699,220,7479,2,2.9,1,55.5,True,base-set,060/102,Normal,Common,https://cdn.poketrace.com/cards/3bb3747bc3334acc.webp,0.34,2056,0.476,0.476,0,20.4,True,78.87,39,91.28667,91.28667,29,24,28.961666,28.961666,7699,2026-03-11T08:58:38Z,,
hgss1-68,019bff77-befc-77ae-b882-f2d3a72e69fe,Jigglypuff,Jungle,1.23,1.6,7188,23,7165,2,1.1,1,55.5,True,jungle,54/64,Unlimited,Common,https://cdn.poketrace.com/cards/7955f868b4ee65d3.webp,0.46,2189,1.582,1.582,0,5,True,252.52,1,0,0,0,0,0,0,7188,2026-03-11T08:58:38Z,,
me01-171,019c3ac3-ec74-75a4-8a98-42c59409a912,Mega Signal,ME01: Mega Evolution,1.22,0.13,9897,9,9888,2,12.3,1,55.4,True,me01-mega-evolution,121/132,Normal,Uncommon,https://cdn.poketrace.com/cards/8c6592d14847d3ab.webp,0.1,9414,0.146,0.146,0,4.8,False,0,0,0,0,0,0,0,0,9897,2026-03-11T08:58:38Z,,
sv07-032,019bffb5-343b-77b4-8f23-946b67096140,Lapras ex,SV07: Stellar Crown,1.23,1.27,6841,205,6636,2,0,1,55.4,True,sv07-stellar-crown,032/142,Holofoil,Double Rare,https://cdn.poketrace.com/cards/6eccda18398e14f3.webp,1.41,6082,1.27,1.27,0,5,True,39.99,32,29.406,29.406,22,29,14.333333,14.333333,6841,2026-03-11T08:58:38Z,,
sv05-195,019bffae-2203-70ab-b8cd-86a41942d14c,Scizor ex,SV05: Temporal Forces,2.57,0.75,6896,126,6770,2,0.5,1,55.4,True,sv05-temporal-forces,111/162,Holofoil,Double Rare,https://cdn.poketrace.com/cards/e1b5d804dcbd3b9d.webp,0.76,6189,0.754,0.754,0,22.7,True,39.99,30,35.564285,30.303751,14.5,15,15.19875,15.19875,6896,2026-03-11T08:58:38Z,,
sm12-102,019bff9b-b937-714a-86f4-cecc7a873122,Lunala,Celebrations,1.26,0.28,8748,201,8547,2,7.9,1,55.3,True,celebrations,015/025,Holofoil,Holo Rare,https://cdn.poketrace.com/cards/420d83977668bef0.webp,0.25,7082,0.302,0.302,0,5.6,True,129.99,31,0,0,14.5,30,11.6875,11.6875,8748,2026-03-11T08:58:38Z,,
sv03-217,019bffa9-14a4-732a-bc79-7bcb2ed82386,Pidgeot ex,SV03: Obsidian Flames,2.27,2.77,9877,219,9658,2,12.3,1,55.3,True,sv03-obsidian-flames,164/197,Holofoil,Double Rare,https://cdn.poketrace.com/cards/a57c9a5b740ac691.webp,3.28,8528,3.11,3.11,0,19.7,True,29.95,27,290.92142,99.7048,12.99,26,9.264286,8.216,9877,2026-03-11T08:58:38Z,,
sv01-231,019bffa2-09c2-77fd-b88a-cccf313b1910,Koraidon ex,SV01: Scarlet & Violet Base Set,1.43,0.62,6795,133,6662,2,1,1,55.2,True,sv01-scarlet-and-violet-base-set,125/198,Holofoil,Double Rare,https://cdn.poketrace.com/cards/49a37f767e78e905.webp,0.63,6020,0.614,0.614,0,8.6,True,31.38,19,23.425,25.728056,7.5,24,0,0,6795,2026-03-11T08:58:38Z,,
cel25-9A,019bff9b-b937-714a-86f5-0d73d4e27af9,Team Magma's Groudon,Celebrations: Classic Collection,2.01,1.61,6604,454,6150,2,0.2,1,55.2,True,celebrations-classic-collection,9/95,Holofoil,Classic Collection,https://cdn.poketrace.com/cards/fe0403b8f20c9ead.webp,1.24,5645,1.606,1.606,0,16.7,True,79.5,64,64.542145,64.765,19.99,48,16.746428,15.097143,6604,2026-03-11T08:58:38Z,,
sv06.5-081,019bffb1-b700-72e3-b75a-7c9110c9d27c,Revavroom ex,SV: Shrouded Fable,1.53,0.57,8012,86,7926,2,6.3,1,55.1,True,sv-shrouded-fable,015/064,Holofoil,Double Rare,https://cdn.poketrace.com/cards/763c8c8d500c026f.webp,0.52,7343,0.534,0.534,0,10.2,True,34.99,31,36.661667,36.661667,4.25,14,0,0,8012,2026-03-11T08:58:38Z,,
sv07-159,019bffb5-343b-77b4-8f23-e26fc3656a4c,Galvantula ex,SV07: Stellar Crown,1.52,0.82,6678,190,6488,2,0.7,1,55.1,True,sv07-stellar-crown,051/142,Holofoil,Double Rare,https://cdn.poketrace.com/cards/909ea2509db9b507.webp,0.83,6128,0.826,0.826,0,10,True,25,34,24.375,24.375,9.99,27,11.9939995,11.9939995,6678,2026-03-11T08:58:38Z,,
ecard1-130,019bff77-befc-77ae-b883-11cc12ff36a9,Spearow,Jungle,2.08,0.39,6782,8,6774,2,1.5,1,55.1,True,jungle,62/64,Unlimited,Common,https://cdn.poketrace.com/cards/0f628e1c100285ad.webp,0.29,1506,0.384,0.384,0,17.5,True,64,1,0,0,19,1,0,0,6782,2026-03-11T08:58:38Z,,
sv08-226,019bffc8-5c96-75dc-b3b7-79a4081ce3b9,Tatsugiri ex,SV08: Surging Sparks,1.64,0.86,10479,166,10313,2,16,1,55.1,True,sv08-surging-sparks,142/191,Holofoil,Double Rare,https://cdn.poketrace.com/cards/672dcaaebdd472bb.webp,0.69,9796,0.722,0.722,0,11.8,True,30,30,30.174286,28.55875,19.99,29,10.49,10.49,10479,2026-03-11T08:58:38Z,,
pl3-122,019bff77-befc-77ae-b883-0cb0845e86a4,Rhyhorn,Jungle,1.25,0.41,6878,11,6867,2,2,1,55,True,jungle,61/64,Unlimited,Common,https://cdn.poketrace.com/cards/b96d09e6419c4c15.webp,0.36,1356,0.402,0.402,0,5.3,True,44.06,1,0,0,0,0,0,0,6878,2026-03-11T08:58:38Z,,
sv08-215,019bffc8-5c95-757c-aede-8f1976fccc3e,Durant ex,SV08: Surging Sparks,1.17,0.72,10809,62,10747,2,17.8,1,55,True,sv08-surging-sparks,004/191,Holofoil,Double Rare,https://cdn.poketrace.com/cards/adad29a36d6869c9.webp,0.64,10091,0.592,0.592,0,3.8,True,26,4,0,0,12,6,0,0,10809,2026-03-11T08:58:38Z,,
sv06-167,019bffb0-7845-751b-84c7-5c0456b3add4,Legacy Energy,SV06: Twilight Masquerade,1.51,1.38,9047,181,8866,2,11.2,1,54.9,True,sv06-twilight-masquerade,167/167,Holofoil,ACE SPEC Rare,https://cdn.poketrace.com/cards/a8a3c7677b07a923.webp,1.14,8329,1.534,1.534,0,9.8,True,42.95,31,29.816668,29.816668,9.45,19,0,0,9047,2026-03-11T08:58:38Z,,
ecard1-111,019bff77-befc-77ae-b882-ec8552dfae4b,Goldeen,Jungle,1.71,0.41,6482,137,6345,2,1,1,54.9,True,jungle,53/64,Unlimited,Common,https://cdn.poketrace.com/cards/f7f090d3cc414235.webp,0.28,1178,0.414,0.414,0,12.8,True,67.49,29,95.99286,77.2975,30,29,23.92,23.92,6482,2026-03-11T08:58:38Z,,
sv05-123,019bffae-2203-70ab-b8cd-b70fd2313f7c,Raging Bolt ex,SV05: Temporal Forces,1.42,1.57,9561,150,9411,2,13.4,1,54.9,True,sv05-temporal-forces,123/162,Holofoil,Double Rare,https://cdn.poketrace.com/cards/819408262b0013fb.webp,1.1,8587,1.36,1.36,0,8.4,True,40.32,29,0,0,10.51,17,0,0,9561,2026-03-11T08:58:38Z,,
sv09-180,019c0001-f4af-73e0-bbc7-dc3a20f22288,Iris's Fighting Spirit,SV09: Journey Together,1.74,1.95,7911,315,7596,2,7.5,1,54.8,True,sv09-journey-together,180/159,Holofoil,Ultra Rare,https://cdn.poketrace.com/cards/66c99a8acc1b7747.webp,2,7309,2.096,2.096,0,13.2,True,50,36,39.5,39.5,17.99,30,16.368334,16.368334,7911,2026-03-11T08:58:38Z,,
sv05-154,019bffae-2203-70ab-b8cb-d2afc1305bd4,Maximum Belt,SV05: Temporal Forces,1.06,0.43,9303,128,9175,2,13,1,54.8,True,sv05-temporal-forces,154/162,Holofoil,ACE SPEC Rare,https://cdn.poketrace.com/cards/9531889a894f5340.webp,0.55,8457,0.486,0.486,0,1.4,True,15,26,18.934286,17.750626,6,29,0,0,9243,2026-03-11T08:58:38Z,,
sv07-105,019bffb5-343b-77b4-8f24-b9db7888917f,Melmetal ex,SV07: Stellar Crown,1.43,0.57,6399,68,6331,2,1.4,1,54.8,True,sv07-stellar-crown,105/142,Holofoil,Double Rare,https://cdn.poketrace.com/cards/1af53ebe3520f28a.webp,0.53,5857,0.562,0.562,0,8.5,True,20,10,0,0,12,12,0,0,6399,2026-03-11T08:58:38Z,,
swsh10-078,019bff9e-cb4c-7581-bf73-ba726524a9d8,Lucario V,SWSH10: Astral Radiance,1.15,1.15,6012,166,5846,2,0.5,1,54.7,True,swsh10-astral-radiance,078/189,Holofoil,Ultra Rare,https://cdn.poketrace.com/cards/99ef86de0f98fc31.webp,0.94,4892,1.156,1.156,0,3.3,True,59.99,29,0,0,27.49,19,19.326666,19.326666,6012,2026-03-11T08:58:38Z,,
sv05-187,019bffae-2203-70ab-b8cc-507a5646e4c6,Incineroar ex,SV05: Temporal Forces,1.82,0.71,6317,93,6224,2,1.7,1,54.7,True,sv05-temporal-forces,034/162,Holofoil,Double Rare,https://cdn.poketrace.com/cards/1819d6c25c52a6b0.webp,0.71,5660,0.698,0.698,0,14.2,True,27.99,13,27.661428,26.12,13.5,13,16.244999,16.244999,6317,2026-03-11T08:58:38Z,,
sv06-197,019bffb0-7845-751b-84c6-399b41dc166a,Scream Tail ex,SV06: Twilight Masquerade,1.73,0.56,8517,92,8425,2,10,1,54.7,True,sv06-twilight-masquerade,094/167,Holofoil,Double Rare,https://cdn.poketrace.com/cards/bbc4c2a3d0337525.webp,0.66,7915,0.616,0.616,0,13,True,24,16,0,0,12.5,12,0,0,8517,2026-03-11T08:58:38Z,,
ecard1-129,019bff77-befb-757f-890d-27595c8fb860,Shellder,Fossil,2.11,0.46,6565,124,6441,2,2.6,1,54.7,True,fossil,54/62,Unlimited,Common,https://cdn.poketrace.com/cards/a730421da2337131.webp,0.33,1298,0.448,0.448,0,17.7,True,89.95,28,0,0,27,19,22.6,22.6,6565,2026-03-11T08:58:38Z,,
gym1-128,019bff77-befb-757f-890a-8d4d05af9278,Fire Energy,Base Set,1.25,0.44,7662,122,7540,2,6.8,1,54.7,True,base-set,098/102,Normal,Common,https://cdn.poketrace.com/cards/f8f8ec4bf3f4031a.webp,0.29,1991,0.47,0.47,0,5.3,True,32.64,27,62.54333,62.54333,31,25,29,29,7662,2026-03-11T08:58:38Z,,
sv06.5-082,019bffb1-b700-72e3-b75a-d03e149b0687,Okidogi ex,SV: Shrouded Fable,2.03,0.75,8548,116,8432,2,10.4,1,54.7,True,sv-shrouded-fable,036/064,Holofoil,Double Rare,https://cdn.poketrace.com/cards/cab55c56df35142d.webp,0.78,7796,0.672,0.672,0,16.8,True,30,23,24.651428,22.976667,12,13,9.45,8.886666,8548,2026-03-11T08:58:38Z,,
ecard2-76,019bff77-befc-77ae-b882-e8c61e31ba00,Exeggcute,Jungle,1.54,0.41,5954,4,5950,2,1,1,54.5,True,jungle,52/64,Unlimited,Common,https://cdn.poketrace.com/cards/4ebef7fa7462da41.webp,0.37,1332,0.406,0.406,0,10.2,True,46,1,0,0,0,0,0,0,5954,2026-03-11T08:58:38Z,,
sv03-200,019bffaa-1a45-759c-ad7f-bdfccb893aa0,Palafin,SV03: Obsidian Flames,2.37,3.57,6859,341,6518,2,4.8,1,54.5,True,sv03-obsidian-flames,200/197,Holofoil,Illustration Rare,https://cdn.poketrace.com/cards/29910fc0ed6d8599.webp,2.84,5778,3.398,3.398,0,20.4,True,69.52,31,78.17,78.17,15.5,36,16.162857,16.411251,6859,2026-03-11T08:58:38Z,,
sv08.5-137,019bfff1-0ac7-70ee-b9dc-7f7fece38138,Friends in Paldea,SV: Prismatic Evolutions,1.17,0.78,9246,411,8835,2,14.1,1,54.5,True,sv-prismatic-evolutions,137/131,Holofoil,Ultra Rare,https://cdn.poketrace.com/cards/da8d9c20c722039a.webp,1.08,8614,0.89,0.89,0,3.7,True,70,33,40.725716,40.725716,14.59,34,11.275001,11.275001,9246,2026-03-11T08:58:38Z,,
sv07-160,019bffb5-343b-77b4-8f24-203427cd7f6d,Dachsbun ex,SV07: Stellar Crown,1.51,0.88,6106,129,5977,2,1.8,1,54.5,True,sv07-stellar-crown,067/142,Holofoil,Double Rare,https://cdn.poketrace.com/cards/c3f93f8833551e6d.webp,0.94,5623,0.864,0.864,0,9.8,True,25,9,0,0,25,25,0,0,6106,2026-03-11T08:58:38Z,,
neo3-44,019bff77-befb-757f-890d-09ab7cf92f50,Geodude,Fossil,1,0.4,7062,11,7051,2,5.5,1,54.5,True,fossil,47/62,Unlimited,Common,https://cdn.poketrace.com/cards/0b8f705161d08b84.webp,0.31,1488,0.422,0.422,0,0,True,0,0,0,0,0,0,0,0,7058,2026-03-11T08:58:38Z,,
ecard1-165,019bff77-bef9-75ac-b16a-e64efdaef5a2,Water Energy,Base Set,1.66,0.44,6428,178,6250,2,2.7,1,54.5,True,base-set,102/102,Normal,Common,https://cdn.poketrace.com/cards/7c7c15c1376cb3bf.webp,0.31,1687,0.452,0.452,0,12,True,114.99,35,110.995834,110.995834,19.25,44,0,0,6428,2026-03-11T08:58:38Z,,
sv01-234,019bffa7-ed6e-7610-9c23-2e99d908472e,Oinkologne ex,SV01: Scarlet & Violet Base Set,1.13,0.7,7063,115,6948,2,5.4,1,54.5,True,sv01-scarlet-and-violet-base-set,158/198,Holofoil,Double Rare,https://cdn.poketrace.com/cards/8b6b550b26a75c4c.webp,0.6,6265,0.662,0.662,0,2.9,True,24.87,22,27.23,24.97225,12.99,6,0,0,7063,2026-03-11T08:58:38Z,,
ex14-50,019bff77-befa-771d-bab1-161155e3a7a0,Diglett,Base Set,1.04,0.88,6200,197,6003,2,2.3,1,54.4,True,base-set,047/102,Normal,Common,https://cdn.poketrace.com/cards/afd4aa9494eef9ea.webp,0.3,1544,0.86,0.86,0,0.9,True,71.835,36,69.2225,69.2225,26.25,28,34.066666,34.066666,6034,2026-03-11T08:58:38Z,,
swshp-SWSH109,019bff99-7af1-7262-a097-9bac73a7b925,Tyranitar V,SWSH05: Battle Styles,1.18,0.71,5790,182,5608,2,1.1,1,54.4,True,swsh05-battle-styles,097/163,Holofoil,Ultra Rare,https://cdn.poketrace.com/cards/ded7b179e5dcbdf0.webp,0.75,5004,0.702,0.702,0,3.9,True,64.99,32,67.72,67.72,16.5,16,13.57,14.442307,5790,2026-03-11T08:58:38Z,,
ecard1-164,019bff77-bef9-75ac-b16a-e0919825c305,Psychic Energy,Base Set,1.21,0.54,6818,139,6679,2,4.8,1,54.4,True,base-set,101/102,Normal,Common,https://cdn.poketrace.com/cards/3b1d7eba36236ec9.webp,0.32,2022,0.514,0.514,0,4.5,True,119,29,119.495,119.495,21.75,31,24.08,24.08,6818,2026-03-11T08:58:38Z,,
sv06-193,019bffb0-7845-751b-84c5-b7907cf62b12,Palafin ex,SV06: Twilight Masquerade,1.59,0.74,8098,77,8021,2,10,0,54.4,True,sv06-twilight-masquerade,061/167,Holofoil,Double Rare,https://cdn.poketrace.com/cards/e814eb4613f0ad7e.webp,0.74,7458,0.666,0.666,0,11,True,34.99,12,17.957142,20.516363,11.5,5,0,0,8098,2026-03-11T08:58:38Z,,
sv05-190,019bffae-2203-70ab-b8cc-bb9888eff4da,Wugtrio ex,SV05: Temporal Forces,1.53,0.62,6072,67,6005,2,1.9,1,54.4,True,sv05-temporal-forces,060/162,Holofoil,Double Rare,https://cdn.poketrace.com/cards/9f73c7edf67ec34b.webp,0.61,5563,0.608,0.608,0,10,True,35,13,22.422857,23.693333,14.5,5,8.5,8.5,6072,2026-03-11T08:58:38Z,,
sv05-191,019bffae-2203-70ab-b8cd-0c672aac924f,Iron Crown ex,SV05: Temporal Forces,1.49,0.65,6105,139,5966,2,2.2,1,54.4,True,sv05-temporal-forces,081/162,Holofoil,Double Rare,https://cdn.poketrace.com/cards/2c32882628391da6.webp,0.64,5470,0.636,0.636,0,9.4,True,15.75,29,20.5,20.5,14.5,30,11.895,11.895,6105,2026-03-11T08:58:38Z,,
sv01-229,019bffa7-ed6e-7610-9c22-419814bd5273,Banette ex,SV01: Scarlet & Violet Base Set,1.84,0.62,6546,101,6445,2,3.9,1,54.4,True,sv01-scarlet-and-violet-base-set,088/198,Holofoil,Double Rare,https://cdn.poketrace.com/cards/fdd6108c990ae93f.webp,0.69,5897,0.596,0.596,0,14.4,True,28,20,26.915714,26.827368,10.5,13,6.567143,8.116667,6546,2026-03-11T08:58:38Z,,
sv03-216,019bffaa-1a45-759c-ad80-29e0ee3cb63c,Revavroom ex,SV03: Obsidian Flames,1.1,3.9,5882,236,5646,2,1.2,1,54.4,True,sv03-obsidian-flames,224/197,Holofoil,Special Illustration Rare,https://cdn.poketrace.com/cards/b6013eab127d70a1.webp,3.82,4795,3.946,3.946,0,2.3,True,57.99,32,0,0,12.1,26,0,0,5753,2026-03-11T08:58:38Z,,
sv05-194,019bffae-2203-70ab-b8cd-78fa7c00b5d0,Farigiraf ex,SV05: Temporal Forces,2.01,0.7,6915,130,6785,2,5.7,1,54.3,True,sv05-temporal-forces,108/162,Holofoil,Double Rare,https://cdn.poketrace.com/cards/ffc1972c3b0c2bfb.webp,0.73,6317,0.66,0.66,0,16.5,True,26.99,30,21.34,20.0236,3.25,11,3.25,3.25,6915,2026-03-11T08:58:38Z,,
sv05-025,019bffae-2203-70ab-b8cc-2d7ad2bd1ebc,Iron Leaves ex,SV05: Temporal Forces,1.01,0.7,6504,79,6425,2,4.3,1,54.3,True,sv05-temporal-forces,025/162,Holofoil,Double Rare,https://cdn.poketrace.com/cards/a19bb3a4b93d5118.webp,0.81,5840,0.73,0.73,0,0.2,True,21.99,18,25.417143,21.797058,8.99,13,7.2514286,7.485,6468,2026-03-11T08:58:38Z,,
sv05-185,019bffae-2203-70ab-b8cb-a00f56e97421,Torterra ex,SV05: Temporal Forces,2.4,0.68,6174,126,6048,2,2.9,1,54.3,True,sv05-temporal-forces,012/162,Holofoil,Double Rare,https://cdn.poketrace.com/cards/afaa35fdd9665684.webp,0.7,5466,0.66,0.66,0,20.6,True,1,13,20.448572,21.09,19.99,18,15.495714,13.858824,6174,2026-03-11T08:58:38Z,,
sv07-156,019bffb5-343b-77b4-8f23-4c4bf8007e70,Hydrapple ex,SV07: Stellar Crown,1.3,0.74,6216,92,6124,2,3.8,1,54.2,True,sv07-stellar-crown,014/142,Holofoil,Double Rare,https://cdn.poketrace.com/cards/9788bb354722b921.webp,0.82,5745,0.768,0.768,0,6.2,True,26.88,12,39.817142,33.845,6.5,14,10.84,10.135,6216,2026-03-11T08:58:38Z,,
swsh11-175,019bffa1-0211-748e-aa95-fbefe8fbd34e,Magnezone V,SWSH11: Lost Origin,1.48,0.6,6050,46,6004,2,3,1,54.2,True,swsh11-lost-origin,056/196,Holofoil,Ultra Rare,https://cdn.poketrace.com/cards/38ef2a2394785518.webp,0.73,5256,0.582,0.582,0,9.2,True,7.95,6,20.868,20.868,14.99,2,29.99,29.99,6050,2026-03-11T08:58:38Z,,
sv09-179,019c0001-f4af-73e0-bbc7-da80a80b1515,Brock's Scouting,SV09: Journey Together,2.5,2.36,8415,253,8162,2,12.5,0,54.2,True,sv09-journey-together,179/159,Holofoil,Ultra Rare,https://cdn.poketrace.com/cards/9b51c3809ec4fdbb.webp,1.7,7691,2.064,2.064,0,21.6,True,89.97,18,70.485,70.485,13.755,33,11.941667,11.941667,8415,2026-03-11T08:58:38Z,,
sv05-188,019bffae-2203-70ab-b8cc-62c7c5f0ff33,Gouging Fire ex,SV05: Temporal Forces,2.42,0.67,6081,105,5976,2,3.3,1,54.1,True,sv05-temporal-forces,038/162,Holofoil,Double Rare,https://cdn.poketrace.com/cards/93e743d72dce6f92.webp,0.72,5437,0.648,0.648,0,20.8,True,40,29,0,0,14.5,21,10.622499,10.622499,6081,2026-03-11T08:58:38Z,,
xy0-1,019bff77-befa-771d-bab1-773dafb61347,Weedle,Base Set,1.41,0.51,6209,202,6007,2,3.9,1,54.1,True,base-set,069/102,Normal,Common,https://cdn.poketrace.com/cards/ed205b7e4b5de262.webp,0.36,1509,0.53,0.53,0,8.1,True,79.99,46,77,77,28,35,30.995,30.995,6209,2026-03-11T08:58:38Z,,
sv03-210,019bffaa-1a45-759c-ad80-210fb5e6cefd,Eiscue ex,SV03: Obsidian Flames,1.68,5.1,5995,290,5705,2,3.4,1,54.1,True,sv03-obsidian-flames,222/197,Holofoil,Special Illustration Rare,https://cdn.poketrace.com/cards/f63fcbef09601a32.webp,4.35,4968,4.926,4.926,0,12.2,True,56,31,67.33,67.33,16.99,26,17.1175,17.1175,5995,2026-03-11T08:58:38Z,,
sv08-233,019bffc8-5c95-757c-aedf-3f4a9bfb4f6c,Jasmine's Gaze,SV08: Surging Sparks,1.64,1.65,5202,244,4958,2,0.2,1,54.1,True,sv08-surging-sparks,233/191,Holofoil,Ultra Rare,https://cdn.poketrace.com/cards/f3622d988d0b0933.webp,1.75,4712,1.646,1.646,0,11.6,True,54,31,64.509995,64.509995,8.5,32,10.333333,10.333333,5202,2026-03-11T08:58:38Z,,
swsh11-130,019bffa1-0211-748e-aa97-1c0502e7beea,Giratina V,SWSH11: Lost Origin,1.27,1.26,5912,292,5620,2,2.7,1,54.1,True,swsh11-lost-origin,130/196,Holofoil,Ultra Rare,https://cdn.poketrace.com/cards/2fc6874c8b1ae4e1.webp,1.39,5483,1.226,1.226,0,5.6,True,44,37,41,41,15,24,15.0671425,12.24075,5912,2026-03-11T08:58:38Z,,
sv01-226,019bffa6-1f2d-777b-a599-49f02e2aba76,Magnezone ex,SV01: Scarlet & Violet Base Set,1.41,0.6,6881,106,6775,2,7,1,54,True,sv01-scarlet-and-violet-base-set,065/198,Holofoil,Double Rare,https://cdn.poketrace.com/cards/7069a7b6921091a6.webp,0.68,6141,0.642,0.642,0,8.1,True,39,13,25.452858,21.1,10.5,21,11.294286,9.4335,6881,2026-03-11T08:58:38Z,,
sv05-192,019bffae-2203-70ab-b8cd-55938863a434,Iron Boulder ex,SV05: Temporal Forces,1.45,0.6,5901,58,5843,2,3.3,1,54,True,sv05-temporal-forces,099/162,Holofoil,Double Rare,https://cdn.poketrace.com/cards/49da7b34dd037fa6.webp,0.63,5390,0.58,0.58,0,8.7,True,24.99,13,17.488571,18.6125,1.25,12,9.205714,7.94,5901,2026-03-11T08:58:38Z,,
me02-120,019c0012-d832-755f-9d0b-d1ef3b062cad,Grimsley's Move,ME02: Phantasmal Flames,1.62,1.43,5182,38,5144,2,0.3,1,54,True,me02-phantasmal-flames,120/094,Holofoil,Ultra Rare,https://cdn.poketrace.com/cards/2528d99f8c42f43d.webp,1.57,4898,1.434,1.434,0,11.3,True,46,3,43,43,15,1,0,0,5182,2026-03-11T08:58:38Z,,
ex6-55,019bff77-befa-771d-bab1-0bedcb7ed307,Bulbasaur,Base Set,2.51,3.29,9161,439,8722,2,16.4,1,54,True,base-set,044/102,Normal,Common,https://cdn.poketrace.com/cards/b8d3fdad9e464877.webp,1.23,2281,2.75,2.75,0,21.6,True,245.61,37,259.55667,259.55667,53.43,36,45.703335,45.703335,9161,2026-03-11T08:58:38Z,,
me02-119,019c0012-d832-755f-9d0b-b3b23d1acda6,Firebreather,ME02: Phantasmal Flames,1.47,1.37,5750,60,5690,2,2.8,1,54,True,me02-phantasmal-flames,119/094,Holofoil,Ultra Rare,https://cdn.poketrace.com/cards/4a851f4f7b8d2a6a.webp,1.5,5416,1.332,1.332,0,9,True,29.99,4,28.6325,28.6325,7.5,2,9,9,5750,2026-03-11T08:58:38Z,,
swsh11-188,019bffa1-0211-748e-aa97-393de75858f1,Pidgeot V,SWSH11: Lost Origin,2.28,0.69,5473,86,5387,2,1.4,1,54,True,swsh11-lost-origin,137/196,Holofoil,Ultra Rare,https://cdn.poketrace.com/cards/d6c9810d05d369fa.webp,0.81,4826,0.7,0.7,0,19.3,True,30,16,0,0,10,6,9.25,9.25,5473,2026-03-11T08:58:38Z,,
sv01-045,019bffa7-ed6e-7610-9c21-a2bc0d78fc93,Gyarados ex,SV01: Scarlet & Violet Base Set,1.32,1.02,4924,250,4674,2,0,3,53.9,True,sv01-scarlet-and-violet-base-set,045/198,Holofoil,Double Rare,https://cdn.poketrace.com/cards/2c6d0af30131ba14.webp,1.28,3970,1.02,1.02,0,6.5,True,69.99,30,59.995,59.995,15,29,18.833334,18.833334,4924,2026-03-11T08:58:38Z,,
sv05-201,019c3ac3-ec71-70da-b90e-affae567c858,Morty's Conviction,SV05: Temporal Forces,2.38,0.1,5407,16,5391,2,2,1,53.9,True,sv05-temporal-forces,155/162,Normal,Uncommon,https://cdn.poketrace.com/cards/73bc3091e2521122.webp,0.07,4864,0.098,0.098,0,20.3,False,0,0,0,0,0,0,0,0,5407,2026-03-11T08:58:38Z,,
swshp-SWSH137,019bff9b-b937-714a-86f5-9b84a553f5ed,Light Toxtricity,SWSH: Sword & Shield Promo Cards,2.5,9.75,5031,263,4768,2,0.4,3,53.9,True,swsh-sword-and-shield-promo-cards,SWSH137,Holofoil,Promo,https://cdn.poketrace.com/cards/bb06306ad1664582.webp,3.6,3518,9.785,9.785,0,21.4,True,1000,11,0,0,49.99,26,28.996668,28.996668,5031,2026-03-11T08:58:38Z,,
bw10-49,019bff77-befa-771d-bab1-9c2f54818627,Machamp,Deck Exclusives,1.92,29.95,5348,371,4977,2,1.6,3,53.9,True,deck-exclusives,008/102,1st_Edition_Holofoil,Holo Rare,https://cdn.poketrace.com/cards/7633a42d533b61fb.webp,17.26,432,29.4775,29.4775,0,15.3,True,4150,32,3980,3980,232.5,23,223.72357,228.118,5348,2026-03-11T08:58:38Z,,
sm5-105,019bff77-befc-77ae-b882-e552f68bfcb4,Eevee,Jungle,1.97,1.96,10515,25,10490,2,22.8,1,53.8,True,jungle,51/64,Unlimited,Common,https://cdn.poketrace.com/cards/98f4a0868011f1bd.webp,0.69,2612,1.514,1.514,0,15.8,True,150,4,169.5,169.5,0,0,0,0,10515,2026-03-11T08:58:38Z,,
swsh4.5-SV058,019bff9d-c5dd-752a-bcc5-7a5b50d7ef86,Alcremie,SWSH09: Brilliant Stars Trainer Gallery,2.17,2.26,5105,224,4881,2,1.2,1,53.8,True,swsh09-brilliant-stars-trainer-gallery,TG08/TG30,Holofoil,Ultra Rare,https://cdn.poketrace.com/cards/fdaa72d372a98bf5.webp,2.45,4248,2.232,2.232,0,18.1,True,71,29,75.495,75.495,11.75,32,9.75,9.75,5105,2026-03-11T08:58:38Z,,
me02-121,019c0012-d833-711e-942a-cb481d768a0c,Punk Helmet,ME02: Phantasmal Flames,1.06,0.94,5025,73,4952,2,0.9,1,53.8,True,me02-phantasmal-flames,121/094,Holofoil,Ultra Rare,https://cdn.poketrace.com/cards/b266f59c63ca6a89.webp,0.87,4716,0.932,0.932,0,1.4,True,16.5,3,19.16,19.16,6.25,3,9,9,5018,2026-03-11T08:58:38Z,,
sv03-229,019bffaa-1a45-759c-ad80-3c58a9dc5f99,Artazon,SV03: Obsidian Flames,2.5,1.7,7516,243,7273,2,10.8,1,53.8,True,sv03-obsidian-flames,229/197,Holofoil,Hyper Rare,https://cdn.poketrace.com/cards/f6392f6be6d12bb8.webp,1.5,6068,1.884,1.884,0,21.4,True,37,31,0,0,16.495,31,15.2725,15.2725,7516,2026-03-11T08:58:38Z,,
sv03-227,019bffaa-1a45-759c-ad80-3595b0df4035,Poppy,SV03: Obsidian Flames,2.21,2.68,5355,225,5130,2,2.2,0,53.8,True,sv03-obsidian-flames,227/197,Holofoil,Special Illustration Rare,https://cdn.poketrace.com/cards/d813693db51f6cdc.webp,2.59,4475,2.738,2.738,0,18.5,True,41,29,49,49,19.99,27,16.496666,16.496666,5355,2026-03-11T08:58:38Z,,
me02-117,019c0012-d832-755f-9d0b-51d8d8ef64ee,Blowtorch,ME02: Phantasmal Flames,1.09,0.94,5212,62,5150,2,2.1,1,53.7,True,me02-phantasmal-flames,117/094,Holofoil,Ultra Rare,https://cdn.poketrace.com/cards/43640f25aa59a765.webp,1.07,4953,0.92,0.92,0,2,True,35,5,31.85,31.85,5,1,0,0,5205,2026-03-11T08:58:38Z,,
sv08-232,019bffc8-5c95-757c-aede-7de34b7ecb33,Drayton,SV08: Surging Sparks,1.59,1.14,5243,183,5060,2,2.3,1,53.7,True,sv08-surging-sparks,232/191,Holofoil,Ultra Rare,https://cdn.poketrace.com/cards/882723f8f3bcc866.webp,1.04,4762,1.166,1.166,0,10.8,True,39,26,26.833334,26.833334,13.5,29,13.95,13.95,5243,2026-03-11T08:58:38Z,,
ex6-63,019bff77-befa-771d-bab1-27c8f2495d2a,Gastly,Base Set,1.06,0.82,5318,183,5135,2,2.9,1,53.6,True,base-set,050/102,Normal,Common,https://cdn.poketrace.com/cards/de7c31ac64325254.webp,0.47,1556,0.844,0.844,0,1.4,True,197.77,28,147.38501,147.38501,42,28,39.996666,39.996666,5161,2026-03-11T08:58:38Z,,
swsh12.5-013,019bffa4-08c2-73d1-9af8-06682c5306af,Leafeon V,Crown Zenith,1.79,1.73,5408,249,5159,2,3.5,1,53.6,True,crown-zenith,013/159,Holofoil,Ultra Rare,https://cdn.poketrace.com/cards/77a1c05f7732c886.webp,1.53,4880,1.67,1.67,0,13.6,True,31,33,0,0,19,26,16.994999,16.994999,5408,2026-03-11T08:58:38Z,,
swsh11-136,019bffa1-0211-748e-aa97-350064442a51,Hisuian Goodra VSTAR,SWSH11: Lost Origin,1.11,1.11,4744,159,4585,2,0.5,1,53.6,True,swsh11-lost-origin,136/196,Holofoil,Ultra Rare,https://cdn.poketrace.com/cards/15c6793a3e943419.webp,0.98,4127,1.104,1.104,0,2.4,True,52.99,30,0,0,5.5,17,0,0,4673,2026-03-11T08:58:38Z,,
dp6-51,019bffc8-5c95-757c-aedd-edb9326fba3c,Castform Sunny Form,SV08: Surging Sparks,2.08,5.72,4954,273,4681,2,1.7,1,53.6,True,sv08-surging-sparks,195/191,Holofoil,Illustration Rare,https://cdn.poketrace.com/cards/4380b25f3d68c944.webp,4.92,4455,5.62,5.62,0,17,True,61.49,38,62.575714,62.575714,19.5,32,19.901428,19.28875,4954,2026-03-11T08:58:38Z,,
base1-34,019bff77-bef9-75ac-b16b-4e1490f257cb,Machoke,Base Set,1.08,1.08,4821,243,4578,2,0.9,1,53.6,True,base-set,034/102,Normal,Uncommon,https://cdn.poketrace.com/cards/678611aad69bff80.webp,0.44,1079,1.09,1.09,0,1.8,True,88.41,34,109.200005,109.200005,33,35,24.7375,24.7375,4628,2026-03-11T08:58:38Z,,
swsh12.5-038,019bffa4-08c2-73d1-9af8-fc1f97d549bd,Glaceon V,Crown Zenith,1.62,1.12,4601,238,4363,2,0,1,53.6,True,crown-zenith,038/159,Holofoil,Ultra Rare,https://cdn.poketrace.com/cards/44247bf9f7d40e95.webp,1.64,4094,1.12,1.12,0,11.2,True,41.97,30,42.315002,42.315002,17.5,33,26.9,26.9,4601,2026-03-11T08:58:38Z,,
swshp-SWSH253,019bff9e-cb4c-7581-bf73-1c1fd8a9b33c,Origin Forme Palkia V,SWSH10: Astral Radiance,2.49,0.87,5162,165,4997,2,2.5,0,53.6,True,swsh10-astral-radiance,039/189,Holofoil,Ultra Rare,https://cdn.poketrace.com/cards/c1cc85cbd0797548.webp,0.66,4206,0.848,0.848,0,21.2,True,42.95,21,0,0,9.5,17,0,0,5162,2026-03-11T08:58:38Z,,
sv06-191,019bffb0-7845-751b-84c5-37dd81e8c79b,Magcargo ex,SV06: Twilight Masquerade,1.59,0.86,9353,92,9261,2,19.1,1,53.6,True,sv06-twilight-masquerade,029/167,Holofoil,Double Rare,https://cdn.poketrace.com/cards/6698d58c43feb346.webp,0.74,8667,0.696,0.696,0,10.8,True,23.5,22,21.068571,18.43275,3.26,8,9.407143,9.407143,9353,2026-03-11T08:58:38Z,,
me02-124,019c0012-d832-755f-9d0b-d812b25b0ef7,Ignition Energy,ME02: Phantasmal Flames,1.79,2.38,6706,52,6654,2,8.4,1,53.6,True,me02-phantasmal-flames,124/094,Holofoil,Ultra Rare,https://cdn.poketrace.com/cards/6d91fa83c57670bb.webp,1.94,6221,2.18,2.18,0,13.6,True,29.99,4,25.663334,25.663334,8.05,1,0,0,6706,2026-03-11T08:58:38Z,,
swshp-SWSH154,019bff9f-d1f8-711e-a21d-200fd9fbfd24,Dragonite V,Pokemon GO,2.01,3.05,5968,361,5607,2,5.4,1,53.6,True,pokemon-go,049/078,Holofoil,Ultra Rare,https://cdn.poketrace.com/cards/94b5e2cd56c49444.webp,2.83,5016,2.886,2.886,0,16.3,True,75,34,100.3725,100.3725,22.656666,27,23.12,23.12,5968,2026-03-11T08:58:38Z,,
swsh8-256,019bffa3-068f-741c-943a-88cf449f2c5e,Greedent V,Crown Zenith,1.79,0.82,4764,132,4632,2,1.5,1,53.5,True,crown-zenith,120/159,Holofoil,Ultra Rare,https://cdn.poketrace.com/cards/d9e1dd2fcf546d2f.webp,0.79,4318,0.808,0.808,0,13.5,True,43.99,24,0,0,10.5,7,11.853333,11.853333,4764,2026-03-11T08:58:38Z,,
base1-62,019bff77-befa-771d-bab1-58b77c941903,Sandshrew,Base Set,1.02,1.02,4386,182,4204,2,0,1,53.5,True,base-set,062/102,Normal,Common,https://cdn.poketrace.com/cards/b2605c636764acf7.webp,0.43,1137,1.02,1.02,0,0.5,True,149.99,27,131.32668,131.32668,25,23,30.232857,30.67091,4232,2026-03-11T08:58:38Z,,
swsh12-171,019bffa2-09c0-7728-a27f-3aac23293efb,Chesnaught V,SWSH12: Silver Tempest,1.8,0.75,5071,85,4986,2,2.7,1,53.5,True,swsh12-silver-tempest,015/195,Holofoil,Ultra Rare,https://cdn.poketrace.com/cards/0687597344101f15.webp,0.79,4573,0.73,0.73,0,13.7,True,45,16,29.537144,22.02,10,6,10.354,10.354,5071,2026-03-11T08:58:38Z,,
sv03-206,019bffaa-1a45-759c-ad7f-df38bc2eb8df,Varoom,SV03: Obsidian Flames,1.85,2.39,6417,222,6195,2,8,1,53.5,True,sv03-obsidian-flames,206/197,Holofoil,Illustration Rare,https://cdn.poketrace.com/cards/4714d9bc1c46d518.webp,1.84,5410,2.198,2.198,0,14.3,True,43,26,0,0,13.05,31,11.008,11.008,6417,2026-03-11T08:58:38Z,,
ex6-26,019bff77-befb-757f-890c-e6c3ec79e99c,Kingler,Fossil,1.48,0.82,4614,143,4471,2,0.5,1,53.5,True,fossil,38/62,Unlimited,Uncommon,https://cdn.poketrace.com/cards/e51f1704c767f88c.webp,0.44,1049,0.816,0.816,0,9.1,True,119.98,28,62.454285,47.436295,27,28,34.666668,34.666668,4614,2026-03-11T08:58:38Z,,
sv03-218,019bffaa-1a45-759c-ad80-30f3ca382080,Geeta,SV03: Obsidian Flames,1.17,2.77,5385,279,5106,2,3.7,1,53.5,True,sv03-obsidian-flames,226/197,Holofoil,Special Illustration Rare,https://cdn.poketrace.com/cards/776deb6a25d1f53d.webp,2.74,4419,2.668,2.668,0,3.6,True,39.99,31,32.885002,32.885002,11.75,27,15.86,15.86,5385,2026-03-11T08:58:38Z,,
hgss1-84,019bff77-befa-771d-bab1-675cb469db6c,Staryu,Base Set,1.69,0.64,5630,190,5440,2,5,1,53.5,True,base-set,065/102,Normal,Common,https://cdn.poketrace.com/cards/17afa08a0d1aa9a0.webp,0.33,1304,0.608,0.608,0,12.2,True,80.995,30,70.246254,70.246254,24.97,29,32.456665,32.456665,5630,2026-03-11T08:58:38Z,,
xy12-62,019bff77-befa-771d-bab1-7bc079780572,Hitmonchan,Base Set,1.69,18.8,4943,378,4565,2,2.2,1,53.5,True,base-set,007/102,Holofoil,Holo Rare,https://cdn.poketrace.com/cards/fd748689c02b7650.webp,11.42,388,19.214,19.214,0,12.2,True,1999,29,0,0,169.99,16,175.78429,168.94333,4943,2026-03-11T08:58:38Z,,
swsh11-179,019bffa1-0211-748e-aa96-88374f327291,Aerodactyl V,SWSH11: Lost Origin,2.45,0.92,6059,142,5917,2,6.3,1,53.5,True,swsh11-lost-origin,092/196,Holofoil,Ultra Rare,https://cdn.poketrace.com/cards/f4db7a2491de9de4.webp,0.85,5377,0.978,0.978,0,20.8,True,75,22,1.04,1.04,20.95,20,0,0,6059,2026-03-11T08:58:38Z,,
sv01-232,019bffa7-ed6e-7610-9c22-d2eddca1b3c1,Toxicroak ex,SV01: Scarlet & Violet Base Set,1.77,0.71,6970,89,6881,2,10.4,1,53.4,True,sv01-scarlet-and-violet-base-set,131/198,Holofoil,Double Rare,https://cdn.poketrace.com/cards/aba095d802a6e5b8.webp,0.81,6259,0.636,0.636,0,13.2,True,23.38,24,0,0,11.99,12,0,0,6970,2026-03-11T08:58:38Z,,
swsh9-152,019bff9d-c5dd-752a-bcc2-b0df5c3c8749,Shaymin V,SWSH09: Brilliant Stars,1.69,0.64,4555,137,4418,2,0.9,1,53.4,True,swsh09-brilliant-stars,013/172,Holofoil,Ultra Rare,https://cdn.poketrace.com/cards/645e3611f5006912.webp,0.63,4015,0.646,0.646,0,12.2,True,35,13,26.21,23.063334,12.85,7,7.17,7.17,4555,2026-03-11T08:58:38Z,,
sv05-189,019bffae-2203-70ab-b8cc-906a476336f6,Walking Wake ex,SV05: Temporal Forces,1.36,0.62,4242,95,4147,2,0,1,53.4,True,sv05-temporal-forces,050/162,Holofoil,Double Rare,https://cdn.poketrace.com/cards/314e2ac4c68a1db9.webp,0.68,3694,0.62,0.62,0,7.1,True,29.99,25,38.4,27.75826,11,18,14.5,14.5,4242,2026-03-11T08:58:38Z,,
bw7-19,019bff77-bef9-75ac-b16b-224db895485a,Charmeleon,Base Set,2.09,2.75,6358,290,6068,2,8.2,1,53.4,True,base-set,024/102,Normal,Uncommon,https://cdn.poketrace.com/cards/c922364e82b319e5.webp,1.09,1333,2.524,2.524,0,17.1,True,150.72,28,169.36,169.36,42.99,23,37.620003,37.620003,6358,2026-03-11T08:58:38Z,,
swshp-SWSH206,019bff9f-d1f6-73bc-9afe-7c12f4c524e0,Wyrdeer,SWSH10: Astral Radiance Trainer Gallery,1.98,1.61,4468,218,4250,2,0.9,0,53.4,True,swsh10-astral-radiance-trainer-gallery,TG06/TG30,Holofoil,Ultra Rare,https://cdn.poketrace.com/cards/28b380e15550657a.webp,1.54,3650,1.596,1.596,0,15.8,True,60.99,32,55.77,55.77,18,33,16.19,16.19,4468,2026-03-11T08:58:38Z,,
ex8-48,019bff77-befa-771d-bab1-60c599f2d68f,Starmie,Base Set,2.02,0.46,4251,173,4078,2,0,1,53.4,True,base-set,064/102,Normal,Common,https://cdn.poketrace.com/cards/39cdded36fbd40fb.webp,0.44,573,0.46,0.46,0,16.3,True,79,29,0,0,32,32,34.032,34.032,4251,2026-03-11T08:58:38Z,,
ecard2-113,019bff77-befb-757f-890d-2ceff359450b,Tentacool,Fossil,1.73,0.39,5904,6,5898,2,6.2,1,53.4,True,fossil,56/62,Unlimited,Common,https://cdn.poketrace.com/cards/5a90a2d9a1466b0d.webp,0.38,1158,0.414,0.414,0,12.7,False,0,0,0,0,0,0,0,0,5904,2026-03-11T08:58:38Z,,
sm4-91,019bffab-58ba-7458-9ea6-470d8cea8c99,Counter Catcher,SV04: Paradox Rift,2.02,2.99,6334,42,6292,2,8.4,6,53.3,True,sv04-paradox-rift,160/182,Reverse_Holofoil,Uncommon,https://cdn.poketrace.com/cards/87aa777b54e53e64.webp,1.64,5517,2.738,2.738,0,16.3,True,9.99,1,0,0,0,0,0,0,6334,2026-03-11T08:58:38Z,,
bw11-21,019bff77-bef9-75ac-b16a-eccd23beadcf,Ninetales,Base Set,1.4,36.36,4558,455,4103,2,1.7,1,53.3,True,base-set,012/102,Holofoil,Holo Rare,https://cdn.poketrace.com/cards/9c77e34cfbd4e1e7.webp,17.51,416,35.726,35.726,0,7.8,True,900,36,880.9675,880.9675,134.95,32,133.93857,131.40334,4558,2026-03-11T08:58:38Z,,
ex3-63,019bff77-befa-771d-bab1-3398d5527786,Magnemite,Base Set,1.04,0.72,4936,179,4757,2,3.1,1,53.3,True,base-set,053/102,Normal,Common,https://cdn.poketrace.com/cards/86cb3785927bd4f1.webp,0.32,1135,0.698,0.698,0,0.9,True,79.99,36,81.495,81.495,28.99,28,29.075,29.075,4782,2026-03-11T08:58:38Z,,
swsh12-178,019bffa2-09c0-7728-a280-0f923cd843bc,Mawile V,SWSH12: Silver Tempest,1.98,0.68,5315,75,5240,2,4.4,1,53.3,True,swsh12-silver-tempest,070/195,Holofoil,Ultra Rare,https://cdn.poketrace.com/cards/cb08a2eb2ed81dcb.webp,0.7,4769,0.65,0.65,0,15.8,True,35,9,21.352858,21.2825,10,9,12.594286,11.8975,5315,2026-03-11T08:58:38Z,,
swsh11-093,019bffa1-0210-706e-b837-c66624b22a82,Aerodactyl VSTAR,SWSH11: Lost Origin,1.36,1.36,4616,151,4465,2,1.9,1,53.3,True,swsh11-lost-origin,093/196,Holofoil,Ultra Rare,https://cdn.poketrace.com/cards/6c197d558a53ca24.webp,1.17,3998,1.334,1.334,0,7.1,True,23,31,28.735,28.735,12.74,20,13.332857,11.768333,4616,2026-03-11T08:58:38Z,,
swsh11-119,019bffa1-0211-748e-aa96-f1fb6b8bfca3,Drapion VSTAR,SWSH11: Lost Origin,1.1,1.09,4932,85,4847,2,2.8,1,53.3,True,swsh11-lost-origin,119/196,Holofoil,Ultra Rare,https://cdn.poketrace.com/cards/d6f479aad4d37520.webp,0.88,4336,1.06,1.06,0,2.2,True,38.25,23,0,0,7,16,0,0,4876,2026-03-11T08:58:38Z,,
sv08-229,019bffc8-5c95-757c-aede-23d704083739,Clemont's Quick Wit,SV08: Surging Sparks,1.35,1.22,4755,176,4579,2,2.6,1,53.2,True,sv08-surging-sparks,229/191,Holofoil,Ultra Rare,https://cdn.poketrace.com/cards/15cf5628a63c9784.webp,1.15,4338,1.188,1.188,0,6.9,True,29,27,0,0,15.48,29,15.316667,15.316667,4755,2026-03-11T08:58:38Z,,
sv07-166,019bffb5-343c-76dd-8c13-239afe94a40a,Lacey,SV07: Stellar Crown,2.24,2.34,4658,194,4464,2,2.3,1,53.2,True,sv07-stellar-crown,166/142,Holofoil,Ultra Rare,https://cdn.poketrace.com/cards/b9266397e3223875.webp,2.07,4148,2.286,2.286,0,18.6,True,30,29,38.739998,38.739998,17,28,16.376,16.376,4658,2026-03-11T08:58:38Z,,
sv03-033,019bffa9-14a4-732a-bc79-e80ddd002663,Victini ex,SV03: Obsidian Flames,1.03,1.08,4116,93,4023,2,0.4,1,53.2,True,sv03-obsidian-flames,033/197,Holofoil,Double Rare,https://cdn.poketrace.com/cards/16cdbfbd392e5d2e.webp,1.25,3654,1.084,1.084,0,0.7,True,45.44,8,28.264286,28.264286,15.4,9,12.861428,15.00375,4084,2026-03-11T08:58:38Z,,
neo1-69,019bff77-befa-771d-bab1-3ebb18d8dad8,Onix,Base Set,1,0.68,4009,183,3826,2,0,1,53.2,True,base-set,056/102,Normal,Common,https://cdn.poketrace.com/cards/873d522f5547e77f.webp,0.42,273,0.68,0.68,0,0,True,81.15,32,93.71,93.71,34.99,29,32.9925,32.9925,3853,2026-03-11T08:58:38Z,,
sv03-221,019bffaa-1a45-759c-ad80-1e5a27b4f4aa,Ryme,SV03: Obsidian Flames,1.08,0.94,4374,180,4194,2,1.5,0,53.2,True,sv03-obsidian-flames,221/197,Holofoil,Ultra Rare,https://cdn.poketrace.com/cards/5c768c3c60ac91c1.webp,0.88,3748,0.954,0.954,0,1.8,True,39.99,29,40.713333,40.713333,8.99,28,12.995,12.995,4275,2026-03-11T08:58:38Z,,
swsh9-014,019bff9d-c5dd-752a-bcc2-b5015a72f95a,Shaymin VSTAR,SWSH09: Brilliant Stars,1.17,1.13,4353,174,4179,2,1.2,1,53.2,True,swsh09-brilliant-stars,014/172,Holofoil,Ultra Rare,https://cdn.poketrace.com/cards/5751795ebee1307e.webp,0.92,3869,1.116,1.116,0,3.6,True,44.97,30,0,0,16,26,0,0,4353,2026-03-11T08:58:38Z,,
swshp-SWSH055,019bffa4-08c3-76a4-9177-79753d96c906,Hatterene V,Crown Zenith,1.16,0.89,4745,136,4609,2,2.7,1,53.2,True,crown-zenith,065/159,Holofoil,Ultra Rare,https://cdn.poketrace.com/cards/cd05009039ddafab.webp,0.73,4269,0.866,0.866,0,3.4,True,49.95,21,0,0,16,7,0,0,4745,2026-03-11T08:58:38Z,,
swsh12-140,019bffa2-09c1-74ef-b462-b66fdf325af3,Ho-Oh V,SWSH12: Silver Tempest,1.8,1.66,6581,373,6208,2,9.9,1,53.2,True,swsh12-silver-tempest,140/195,Holofoil,Ultra Rare,https://cdn.poketrace.com/cards/83f11a7620039abd.webp,1.91,5837,1.824,1.824,0,13.6,True,82.99,39,63.21357,62.448334,17.5,36,16.324,16.324,6581,2026-03-11T08:58:38Z,,
swsh12-174,019bffa2-09c0-7728-a27f-8998b4b8cdd8,Omastar V,SWSH12: Silver Tempest,2.26,0.83,4393,103,4290,2,1.2,1,53.2,True,swsh12-silver-tempest,035/195,Holofoil,Ultra Rare,https://cdn.poketrace.com/cards/895ad1869ed8ad4b.webp,0.63,3858,0.82,0.82,0,18.8,True,18.5,22,0,0,14.5,13,0,0,4393,2026-03-11T08:58:38Z,,
sm12-142,019bff9b-b937-714a-86f4-dd2c57da1862,Solgaleo,Celebrations,1.18,0.23,3967,232,3735,2,0,1,53.1,True,celebrations,021/025,Holofoil,Holo Rare,https://cdn.poketrace.com/cards/27eb024311d8262b.webp,0.3,2307,0.23,0.23,0,3.8,True,269.99,30,108.424286,90.03981,10.5,26,11.375,11.375,3967,2026-03-11T08:58:38Z,,
swshp-SWSH201,019bff9a-8592-77ae-8865-28a80666a219,Espeon V,SWSH07: Evolving Skies,2.4,2.45,4118,217,3901,2,0.9,1,53.1,True,swsh07-evolving-skies,064/203,Holofoil,Ultra Rare,https://cdn.poketrace.com/cards/4b840bb9e2e71f67.webp,1.84,3525,2.428,2.428,0,20.2,True,18.5,31,0,0,15.5,29,20.5,20.5,4118,2026-03-11T08:58:38Z,,
swsh7-31,019bffa4-08c2-73d1-9af7-f8ad0e3646af,Suicune V,Crown Zenith: Galarian Gallery,1.28,42.57,3987,691,3296,2,0.1,1,53.1,True,crown-zenith-galarian-gallery,GG38/GG70,Holofoil,Ultra Rare,https://cdn.poketrace.com/cards/b6529d3793919361.webp,38.29,3156,42.61,42.61,0,5.7,True,160,154,166.60358,154.05222,54.99,117,48.40214,46.65475,3987,2026-03-11T08:58:38Z,,
swsh6-97,019bff9a-858b-718a-932a-29abf1708103,Galarian Moltres V,SWSH06: Chilling Reign,1.26,1.26,4014,176,3838,2,0.5,1,53.1,True,swsh06-chilling-reign,097/198,Holofoil,Ultra Rare,https://cdn.poketrace.com/cards/65c7a9dc66b8f664.webp,1.18,3265,1.266,1.266,0,5.3,True,44,33,0,0,19.97,21,0,0,4014,2026-03-11T08:58:38Z,,
sv08-231,019bffc8-5c95-757c-aede-764fa485c628,Drasna,SV08: Surging Sparks,1.16,1.24,4773,180,4593,2,3.4,1,53.1,True,sv08-surging-sparks,231/191,Holofoil,Ultra Rare,https://cdn.poketrace.com/cards/9588b94b902e4ae5.webp,1.16,4334,1.198,1.198,0,3.4,True,29.99,22,0,0,16.4,27,0,0,4773,2026-03-11T08:58:38Z,,
ecard1-163,019bff77-bef9-75ac-b16a-de394c920bb9,Lightning Energy,Base Set,1.13,0.61,5390,132,5258,2,5.9,1,53.1,True,base-set,100/102,Normal,Common,https://cdn.poketrace.com/cards/87fe3107034be0b3.webp,0.35,1383,0.574,0.574,0,2.8,True,59,31,79.5,79.5,24.75,28,27.369999,27.369999,5390,2026-03-11T08:58:38Z,,
swshp-SWSH297,019bffa1-0211-748e-aa97-5d90083854ae,Hisuian Zoroark V,SWSH11: Lost Origin,1.14,0.85,5421,151,5270,2,6.1,1,53.1,True,swsh11-lost-origin,146/196,Holofoil,Ultra Rare,https://cdn.poketrace.com/cards/729d8c555a5f64f0.webp,0.77,4757,0.798,0.798,0,3,True,40,20,36.5,36.5,18,15,0,0,5421,2026-03-11T08:58:38Z,,
swsh11-178,019bffa1-0211-748e-aa96-60c9b4127b03,Enamorus V,SWSH11: Lost Origin,2.1,0.84,4835,100,4735,2,4.3,1,53,True,swsh11-lost-origin,082/196,Holofoil,Ultra Rare,https://cdn.poketrace.com/cards/8b0f02f79966906d.webp,0.73,4282,0.804,0.804,0,17.1,True,14.9,13,0,0,6.5,2,0,0,4835,2026-03-11T08:58:38Z,,
swsh12.5-096,019bffa3-068f-741c-943c-7c2ac112486c,Zacian VSTAR,Crown Zenith,1.39,1.39,3944,232,3712,2,0.4,1,53,True,crown-zenith,096/159,Holofoil,Ultra Rare,https://cdn.poketrace.com/cards/af7d1d83f14b39ed.webp,1.27,3544,1.384,1.384,0,7.6,True,50,36,40.25,40.25,10.5,28,0,0,3944,2026-03-11T08:58:38Z,,
swsh5-86,019bff99-7af1-7262-a098-13cf5821f351,Single Strike Urshifu VMAX,SWSH05: Battle Styles,1.46,1.49,3943,181,3762,2,0.8,1,53,True,swsh05-battle-styles,086/163,Holofoil,Ultra Rare,https://cdn.poketrace.com/cards/c2ce878123f9c732.webp,1.39,3238,1.478,1.478,0,8.7,True,40,29,0,0,24.5,18,0,0,3943,2026-03-11T08:58:38Z,,
swsh11-187,019bffa1-0211-748e-aa97-33f806b5d2bf,Hisuian Goodra V,SWSH11: Lost Origin,2.15,0.68,5853,104,5749,2,8.2,1,53,True,swsh11-lost-origin,135/196,Holofoil,Ultra Rare,https://cdn.poketrace.com/cards/1c3f5885bed30673.webp,0.77,5145,0.624,0.624,0,17.6,True,26,10,0,0,22.5,5,0,0,5853,2026-03-11T08:58:38Z,,
base4-45,019bff77-bef9-75ac-b16b-415925ed5f7f,Jynx,Base Set,1,0.99,4381,166,4215,2,2.4,1,53,True,base-set,031/102,Normal,Uncommon,https://cdn.poketrace.com/cards/fc896c5e7bbe76d9.webp,0.55,821,0.966,0.966,0,0,True,115,28,140.15,140.15,30.916666,29,38.504997,38.504997,4233,2026-03-11T08:58:38Z,,
ex14-42,019bff77-befa-771d-bab1-034b7ece2b74,Wartortle,Base Set,2.04,3.85,4667,286,4381,2,3.2,1,53,True,base-set,042/102,Normal,Uncommon,https://cdn.poketrace.com/cards/e6c56af3cb3fd058.webp,2.32,1074,3.726,3.726,0,16.4,True,249.99,43,204.64714,204.64714,66,28,60.219997,60.219997,4667,2026-03-11T08:58:38Z,,
swsh12-071,019bffa2-09c0-7728-a280-13d411b6489e,Mawile VSTAR,SWSH12: Silver Tempest,1.09,1.09,4791,128,4663,2,3.9,1,53,True,swsh12-silver-tempest,071/195,Holofoil,Ultra Rare,https://cdn.poketrace.com/cards/bbe0ae374f6df401.webp,1.12,4293,1.132,1.132,0,2,True,41,30,0,0,14,18,10.832857,10.413076,4721,2026-03-11T08:58:38Z,,
swsh10.5-073,019bff9f-d1f8-711e-a21d-9d9bf754f389,Conkeldurr V,Pokemon GO,1.72,0.6,3929,108,3821,2,0.7,1,53,True,pokemon-go,040/078,Holofoil,Ultra Rare,https://cdn.poketrace.com/cards/8b232df107410e23.webp,0.63,3316,0.596,0.596,0,12.5,True,29.99,9,0,0,3.25,3,0,0,3929,2026-03-11T08:58:38Z,,
swsh12.5-054,019bffa4-08c2-73d1-9af9-72a4e149cfac,Zeraora VMAX,Crown Zenith,2.32,2.32,4240,244,3996,2,1.6,1,53,True,crown-zenith,054/159,Holofoil,Ultra Rare,https://cdn.poketrace.com/cards/ce7e5ec4e9c606bf.webp,1.98,3815,2.284,2.284,0,19.4,True,38.88,32,46.97,46.97,11.5,19,0,0,4240,2026-03-11T08:58:38Z,,
xy10-73,019bffb1-b700-72e3-b75a-734bc1c0017d,Kingdra EX,SV: Shrouded Fable,2.44,0.92,7892,110,7782,2,16.3,1,53,True,sv-shrouded-fable,012/064,Holofoil,Double Rare,https://cdn.poketrace.com/cards/4789176185dfccf2.webp,0.85,7224,0.77,0.77,0,20.5,True,29.99,25,29.424286,23.981304,10,15,9.670714,9.590417,7892,2026-03-11T08:58:38Z,,
swsh5-88,019bff99-7af1-7262-a098-187280e3d772,Rapid Strike Urshifu VMAX,SWSH05: Battle Styles,1.35,1.38,3963,178,3785,2,0.6,1,53,True,swsh05-battle-styles,088/163,Holofoil,Ultra Rare,https://cdn.poketrace.com/cards/4980a725e88cc5ee.webp,1.35,3296,1.388,1.388,0,6.9,True,32,35,38.031666,38.031666,3.25,15,7.1766667,7.1766667,3963,2026-03-11T08:58:38Z,,
swsh12-033,019bffa2-09c0-7728-a27f-817859696e08,Alolan Vulpix V,SWSH12: Silver Tempest,1.26,1.29,5058,224,4834,2,4.8,0,53,True,swsh12-silver-tempest,033/195,Holofoil,Ultra Rare,https://cdn.poketrace.com/cards/1d06d7866b7c189f.webp,1.24,4423,1.228,1.228,0,5.3,True,33,32,0,0,43.64,29,0,0,5058,2026-03-11T08:58:38Z,,
sv02-063,019bffa9-14a2-74ee-bbf0-16b79750e009,Pikachu ex,SV02: Paldea Evolved,1.43,3.65,6497,296,6201,2,10.8,3,53,True,sv02-paldea-evolved,063/193,Holofoil,Double Rare,https://cdn.poketrace.com/cards/ca3ba724e7278e8a.webp,2.62,5586,3.255,3.255,0,8.2,True,201.5,33,87.375,87.375,20,24,25.92,25.92,6497,2026-03-11T08:58:38Z,,
sv08-235,019bffc8-5c96-75dc-b3b7-63ecfb9eb4bc,Surfer,SV08: Surging Sparks,1.41,0.99,5279,169,5110,2,5.9,1,53,True,sv08-surging-sparks,235/191,Holofoil,Ultra Rare,https://cdn.poketrace.com/cards/27eec7610f374493.webp,0.89,4858,1.048,1.048,0,7.9,True,26.99,17,25.994999,25.994999,0.99,28,0,0,5279,2026-03-11T08:58:38Z,,
lc-93,019bff77-befb-757f-890d-2bed048bebba,Slowpoke,Fossil,1.01,0.61,7373,8,7365,2,14.1,1,53,True,fossil,55/62,Unlimited,Common,https://cdn.poketrace.com/cards/709ab364c8331bc1.webp,0.49,1888,0.696,0.696,0,0.2,True,0,0,0,0,20.5,1,0,0,7370,2026-03-11T08:58:38Z,,
me02-100,019bff98-542a-729b-9794-b6dad70774d7,Zacian,SWSH04: Vivid Voltage,2.45,2.94,3902,314,3588,2,0.7,1,52.9,True,swsh04-vivid-voltage,082/185,Holofoil,Amazing Rare,https://cdn.poketrace.com/cards/966e6e364db2f8f5.webp,2.44,3359,2.92,2.92,0,20.6,True,41,37,33.785,34.599445,14.5,23,12.852,12.852,3902,2026-03-11T08:58:38Z,,
sm12-96,019bff9b-b936-7265-850d-bed4ed5da0da,Mimikyu,Miscellaneous Cards & Products,1.29,0.5,5869,60,5809,2,8.8,1,52.9,True,miscellaneous-cards-and-products,081/189,Holofoil,Promo,https://cdn.poketrace.com/cards/16f28fcdb533f736.webp,0.53,4620,0.544,0.544,0,5.9,True,60,8,0,0,21.38,23,0,0,5869,2026-03-11T08:58:38Z,,
2016xy-1,019bff77-befa-771d-bab1-703df9419636,Vulpix,Base Set,1,0.85,5824,201,5623,2,8.5,1,52.9,True,base-set,068/102,Normal,Common,https://cdn.poketrace.com/cards/c58ddbce88f0156a.webp,0.4,1345,0.778,0.778,0,0,True,105,32,111.66333,111.66333,37.99,26,44.294003,44.294003,5655,2026-03-11T08:58:38Z,,
swsh4-102,019bff98-542a-729b-9795-9e17aab6eb0a,Zamazenta,SWSH04: Vivid Voltage,2.26,2.29,3724,286,3438,2,0.3,1,52.9,True,swsh04-vivid-voltage,102/185,Holofoil,Amazing Rare,https://cdn.poketrace.com/cards/220cff849cc04825.webp,2.13,3223,2.284,2.284,0,18.7,True,39.49,43,33.914288,32.503845,14.5,22,15.1779995,15.1779995,3724,2026-03-11T08:58:38Z,,
sv08.5-030,019c0000-6798-75fe-b525-0fecd3b7c391,Jolteon ex,Miscellaneous Cards & Products,2.48,4.89,3725,86,3639,2,0.8,1,52.8,True,miscellaneous-cards-and-products,030/131,Holofoil,Promo,https://cdn.poketrace.com/cards/3209e1616cc70863.webp,4.53,3582,4.93,4.93,0,20.8,True,52,31,59.60857,59.60857,14.5,23,0,0,3725,2026-03-11T08:58:38Z,,
swshp-SWSH236,019bff9f-d1f8-711e-a21d-29bc03f593a9,Dragonite VSTAR,Pokemon GO,2.55,2.58,4233,375,3858,2,2.6,1,52.8,True,pokemon-go,050/078,Holofoil,Ultra Rare,https://cdn.poketrace.com/cards/b5389e04e430af45.webp,2.46,3618,2.646,2.646,0,21.5,True,54,37,65.094284,65.094284,17.5,31,18.854,18.854,4233,2026-03-11T08:58:38Z,,
swsh10-TG02,019bff9f-d1f6-73bc-9afe-6e737874bd79,Flapple,SWSH10: Astral Radiance Trainer Gallery,1.87,2.05,4236,165,4071,2,2.8,1,52.8,True,swsh10-astral-radiance-trainer-gallery,TG02/TG30,Holofoil,Ultra Rare,https://cdn.poketrace.com/cards/58fa6b7d6b997716.webp,1.66,3421,1.992,1.992,0,14.4,True,39.99,19,0,0,14.5,28,13.641666,13.641666,4236,2026-03-11T08:58:38Z,,
swsh9-068,019bff9d-c5dd-752a-bcc3-87b15894c93c,Mimikyu V,SWSH09: Brilliant Stars,1.65,1.65,3878,165,3713,2,1.1,1,52.8,True,swsh09-brilliant-stars,068/172,Holofoil,Ultra Rare,https://cdn.poketrace.com/cards/768f61c77233c988.webp,1.76,3325,1.668,1.668,0,11.5,True,97,34,94.666664,94.666664,19.5,21,13.796667,13.796667,3878,2026-03-11T08:58:38Z,,
swshp-SWSH098,019bff99-7af1-7262-a093-e0c673ff0c88,Crobat V,Shining Fates,1.37,0.78,3697,143,3554,2,0.5,1,52.8,True,shining-fates,044/072,Holofoil,Ultra Rare,https://cdn.poketrace.com/cards/8bf5b16e768a39e4.webp,0.72,3152,0.784,0.784,0,7.2,True,34.99,30,34.99,34.99,14,19,0,0,3697,2026-03-11T08:58:38Z,,
swsh10.5-048,019bff9f-d1f8-711e-a21d-f0d3a7dce24c,Melmetal VMAX,Pokemon GO,1.63,1.59,3823,228,3595,2,1,1,52.8,True,pokemon-go,048/078,Holofoil,Ultra Rare,https://cdn.poketrace.com/cards/4bd9c6fa336a222b.webp,1.91,3301,1.574,1.574,0,11.2,True,40.48,31,0,0,21.15,20,11.14,13.640527,3823,2026-03-11T08:58:38Z,,
xy10-83,019bffab-58ba-7458-9ea5-f5a9b6ebe0e4,Altaria EX,SV04: Paradox Rift,1.99,0.71,5224,37,5187,2,6.8,1,52.8,True,sv04-paradox-rift,140/182,Holofoil,Double Rare,https://cdn.poketrace.com/cards/97f3a72fa152c39e.webp,0.94,4738,0.758,0.758,0,15.8,True,53.99,2,40,40,47,3,7.995,7.995,5224,2026-03-11T08:58:38Z,,
swsh6-46,019bff9a-858a-738a-a03c-f3c8770dbd12,Ice Rider Calyrex VMAX,SWSH06: Chilling Reign,1.59,1.59,4094,190,3904,2,2.4,1,52.8,True,swsh06-chilling-reign,046/198,Holofoil,Ultra Rare,https://cdn.poketrace.com/cards/c87f7b644733eef7.webp,1.37,3328,1.552,1.552,0,10.6,True,26.9,30,0,0,30.03,19,24.95,24.95,4094,2026-03-11T08:58:38Z,,
swsh11-057,019bffa1-0211-748e-aa95-fc8e47e86617,Magnezone VSTAR,SWSH11: Lost Origin,1.06,1.03,4820,100,4720,2,5,1,52.8,True,swsh11-lost-origin,057/196,Holofoil,Ultra Rare,https://cdn.poketrace.com/cards/5232c37a8e0fef5c.webp,0.95,4232,0.978,0.978,0,1.3,True,37.77,28,0,0,7.41,11,9.55,10.116,4763,2026-03-11T08:58:38Z,,
sv07-155,019bffb5-343c-76dd-8c12-dd4ea768303d,Archaludon,SV07: Stellar Crown,2.28,2.64,5510,250,5260,2,7.7,1,52.8,True,sv07-stellar-crown,155/142,Holofoil,Illustration Rare,https://cdn.poketrace.com/cards/acc7eb9743c88ae0.webp,2.4,4959,2.436,2.436,0,18.9,True,35,34,32.925716,32.06,8.5,31,12.996667,12.996667,5510,2026-03-11T08:58:38Z,,
swsh12-182,019bffa2-09c1-74ef-b462-91802a80bc4b,Magearna V,SWSH12: Silver Tempest,1.75,0.76,4223,70,4153,2,2.6,1,52.8,True,swsh12-silver-tempest,128/195,Holofoil,Ultra Rare,https://cdn.poketrace.com/cards/bbcb637cb4b5ff4f.webp,0.74,3782,0.78,0.78,0,12.8,True,17.5,17,0,0,3.25,9,0,0,4223,2026-03-11T08:58:38Z,,
swsh9-022,019bffa4-08c2-73d1-9af7-f28d4b131211,Entei V,Crown Zenith: Galarian Gallery,1.43,35.88,3756,658,3098,2,1.3,1,52.7,True,crown-zenith-galarian-gallery,GG36/GG70,Holofoil,Ultra Rare,https://cdn.poketrace.com/cards/3000a74afbd9de70.webp,33.37,2954,36.334,36.334,0,8.2,True,137.495,167,137.48428,130.13463,44.5,93,47.405716,44.00239,3756,2026-03-11T08:58:38Z,,
base2-42,019bff77-befc-77ae-b882-c158db120175,Persian,Jungle,1.29,0.68,3926,5,3921,2,2.1,1,52.7,True,jungle,42/64,Unlimited,Uncommon,https://cdn.poketrace.com/cards/b63eb724d78fd441.webp,0.45,876,0.666,0.666,0,5.8,True,0,0,0,0,0,0,0,0,3926,2026-03-11T08:58:38Z,,
ex6-32,019bff7a-78f4-707a-bf71-5ee5be58e216,Drowzee,Team Rocket,1.87,0.47,4650,60,4590,2,5.1,1,52.7,True,team-rocket,54/82,Unlimited,Common,https://cdn.poketrace.com/cards/e81e985ebc615f56.webp,0.36,1251,0.494,0.494,0,14.3,True,55,10,0,0,29.22,9,0,0,4650,2026-03-11T08:58:38Z,,
me01-170,019c0010-df7c-7762-97a1-164dfc9ff0a4,Lt. Surge's Bargain,ME01: Mega Evolution,1.29,1.31,4410,79,4331,2,3.8,1,52.7,True,me01-mega-evolution,170/132,Holofoil,Ultra Rare,https://cdn.poketrace.com/cards/4038f396a5f5dcb0.webp,1.13,4188,1.26,1.26,0,5.8,True,32.55,13,39.8875,39.8875,17,5,12.4975,12.4975,4410,2026-03-11T08:58:38Z,,
swsh10.5-071,019bff9f-d1f7-75bf-a523-cd53cd597f1e,Alolan Exeggutor V,Pokemon GO,1.82,0.64,3907,126,3781,2,1.9,1,52.7,True,pokemon-go,005/078,Holofoil,Ultra Rare,https://cdn.poketrace.com/cards/0c08081b0ed1b33b.webp,0.66,3369,0.652,0.652,0,13.7,True,18.5,10,0,0,14.5,9,0,0,3907,2026-03-11T08:58:38Z,,
swsh4-43,019bff98-542a-729b-9794-0ff9aac0ffd0,Pikachu V,SWSH04: Vivid Voltage,2.18,2.23,5443,392,5051,2,7.9,1,52.7,True,swsh04-vivid-voltage,043/185,Holofoil,Ultra Rare,https://cdn.poketrace.com/cards/dda0ee063c6d82e9.webp,1.54,4626,2.054,2.054,0,17.8,True,63.38,48,58.08143,55.79654,21.88,29,24.84125,24.84125,5443,2026-03-11T08:58:38Z,,
swsh12-183,019bffa2-09c1-74ef-b462-ac8867c5ff73,Regidrago V,SWSH12: Silver Tempest,1.94,0.65,4746,110,4636,2,5.2,1,52.7,True,swsh12-silver-tempest,135/195,Holofoil,Ultra Rare,https://cdn.poketrace.com/cards/ca88814345036aac.webp,0.66,4258,0.684,0.684,0,15.2,True,22.99,17,28.994999,28.994999,9.38,15,0,0,4746,2026-03-11T08:58:38Z,,
sv03-082,019bffaa-1a44-730b-9815-8a95f5aa3f52,Clefable ex,SV03: Obsidian Flames,1.33,0.99,4197,132,4065,2,3,1,52.7,True,sv03-obsidian-flames,082/197,Holofoil,Double Rare,https://cdn.poketrace.com/cards/41bab6a51eaed690.webp,0.95,3720,1.02,1.02,0,6.5,True,15.5,13,0,0,5.5,13,10.164286,10.566818,4197,2026-03-11T08:58:38Z,,
sv10.5b-162,019c000a-36f2-733d-9340-7bddd4ce4464,Fennel,SV: Black Bolt,1.04,1.16,3854,87,3767,2,2.2,3,52.6,True,sv-black-bolt,162/086,Holofoil,Ultra Rare,https://cdn.poketrace.com/cards/67eb4a8acc9699a0.webp,1.45,3697,1.185,1.185,0,0.9,True,35.5,26,31.833334,31.833334,13.5,5,0,0,3815,2026-03-11T08:58:38Z,,
swsh9-048,019bff9d-c5dd-752a-bcc3-3433fc91dcb9,Raikou V,SWSH09: Brilliant Stars,1.58,1.69,4084,187,3897,2,3.3,1,52.6,True,swsh09-brilliant-stars,048/172,Holofoil,Ultra Rare,https://cdn.poketrace.com/cards/78d8bd42f8e8a353.webp,1.75,3433,1.634,1.634,0,10.4,True,58.85,27,0,0,9,17,14.204286,12.5825,4084,2026-03-11T08:58:38Z,,
sv01-223,019bffa7-ed6d-7029-b9fa-f2ad67c79a3a,Spidops ex,SV01: Scarlet & Violet Base Set,1.11,0.46,6594,70,6524,2,13,6,52.6,True,sv01-scarlet-and-violet-base-set,019/198,Holofoil,Double Rare,https://cdn.poketrace.com/cards/ad87c7718a54fa34.webp,0.6,5922,0.52,0.52,0,2.4,True,35,17,23.193571,18.055666,12,8,9.352857,9.352857,6594,2026-03-11T08:58:38Z,,
xy12-51,019bff77-bef9-75ac-b16a-da6c16290d45,Mewtwo,Base Set,1.82,63.32,4538,554,3984,2,5.1,1,52.6,True,base-set,010/102,Holofoil,Holo Rare,https://cdn.poketrace.com/cards/e5c6f231acc603e4.webp,30.04,366,60.086,60.086,0,13.7,True,2739.995,48,2527.5134,2527.5134,303.35,46,307.75143,291.21924,4538,2026-03-11T08:58:38Z,,
swsh9-155,019bffa4-08c2-73d1-9af7-fe4b12442312,Lumineon V,Crown Zenith: Galarian Gallery,1.87,15.34,4180,402,3778,2,3.3,1,52.6,True,crown-zenith-galarian-gallery,GG39/GG70,Holofoil,Ultra Rare,https://cdn.poketrace.com/cards/1d96fc24b7ea7801.webp,13.54,3557,14.838,14.838,0,14.3,True,107.91,63,81.398575,79.11206,24.99,43,23.804285,21.563,4180,2026-03-11T08:58:38Z,,
base1-88,019bff77-befa-771d-bab1-b56fd637580d,Professor Oak,Base Set,1.26,1.26,4755,184,4571,2,5.6,1,52.6,True,base-set,088/102,Normal,Uncommon,https://cdn.poketrace.com/cards/0d815b04a261801e.webp,0.73,1106,1.19,1.19,0,5.3,True,100,31,0,0,55,30,46.467503,46.467503,4755,2026-03-11T08:58:38Z,,
swsh11-131,019bffa1-0211-748e-aa97-201389a2da97,Giratina VSTAR,SWSH11: Lost Origin,2.17,2.2,5606,287,5319,2,9.4,0,52.6,True,swsh11-lost-origin,131/196,Holofoil,Ultra Rare,https://cdn.poketrace.com/cards/1a42ad6803b561ef.webp,1.95,4709,1.994,1.994,0,17.7,True,67.4,38,113.34,113.34,15.5,26,0,0,5606,2026-03-11T08:58:38Z,,
swsh10-TG07,019bff9f-d1f6-73bc-9afe-82f163152609,Falinks,SWSH10: Astral Radiance Trainer Gallery,2.56,2.81,4317,206,4111,2,4.1,1,52.6,True,swsh10-astral-radiance-trainer-gallery,TG07/TG30,Holofoil,Ultra Rare,https://cdn.poketrace.com/cards/11e6534eee5d1d1c.webp,2.13,3501,2.696,2.696,0,21.5,True,100,28,97.5,97.5,7.5,28,8,8,4317,2026-03-11T08:58:38Z,,
swsh12.5-099,019bffa3-068f-741c-943c-80cec64f09ac,Zamazenta VSTAR,Crown Zenith,1.4,1.4,3960,166,3794,2,3.1,1,52.5,True,crown-zenith,099/159,Holofoil,Ultra Rare,https://cdn.poketrace.com/cards/0794fd2674bc5955.webp,1.22,3582,1.356,1.356,0,7.7,True,26,30,0,0,11,22,0,0,3960,2026-03-11T08:58:38Z,,
swsh10.5-075,019bff9f-d1f8-711e-a21d-ea16e0bece55,Melmetal V,Pokemon GO,1.43,0.71,3883,137,3746,2,2.8,1,52.5,True,pokemon-go,047/078,Holofoil,Ultra Rare,https://cdn.poketrace.com/cards/2e7b34a28cd20162.webp,0.78,3314,0.69,0.69,0,8.2,True,2,20,0,0,11,8,0,0,3883,2026-03-11T08:58:38Z,,
dp4-54,019bff77-befb-757f-890c-fa17936ae5e0,Slowbro,Fossil,1.25,1.4,3413,148,3265,2,1,1,52.5,True,fossil,43/62,Unlimited,Uncommon,https://cdn.poketrace.com/cards/76dd7db498bf8b25.webp,0.67,798,1.414,1.414,0,5.1,True,200,27,257.94644,257.94644,30,29,31,31,3413,2026-03-11T08:58:38Z,,
me01-172,019c3ac3-ec74-75a4-8a98-4491aebece5e,Mystery Garden,ME01: Mega Evolution,1.34,0.17,7560,13,7547,2,17.6,1,52.5,True,me01-mega-evolution,122/132,Normal,Uncommon,https://cdn.poketrace.com/cards/2eb86730377e73c6.webp,0.11,7259,0.14,0.14,0,6.7,False,0,0,0,0,0,0,0,0,7560,2026-03-11T08:58:38Z,,
sv07-161,019bffb5-343b-77b4-8f24-571ea6e83ee1,Medicham ex,SV07: Stellar Crown,1.03,0.49,6493,67,6426,2,13.1,1,52.5,True,sv07-stellar-crown,080/142,Holofoil,Double Rare,https://cdn.poketrace.com/cards/aba3325a77f07b9b.webp,0.55,5890,0.554,0.554,0,0.7,True,35,13,0,0,14.26,10,0,0,6465,2026-03-11T08:58:38Z,,
swsh10.5-077,019bff9f-d1f8-711e-a21d-5b6869fede89,Slaking V,Pokemon GO,1.63,0.74,3910,111,3799,2,3.2,1,52.5,True,pokemon-go,058/078,Holofoil,Ultra Rare,https://cdn.poketrace.com/cards/e16bf6c23ae05db4.webp,0.68,3366,0.716,0.716,0,11.1,True,39.99,11,0,0,19,6,0,0,3910,2026-03-11T08:58:38Z,,
base4-21,019bff77-bef9-75ac-b16b-026e36bdf58f,Beedrill,Base Set,2.46,5.09,3582,216,3366,2,1.7,1,52.5,True,base-set,017/102,Normal,Rare,https://cdn.poketrace.com/cards/144a23eb91f7b794.webp,2.74,683,5.176,5.176,0,20.5,True,105,29,0,0,41.99,22,48.495003,48.495003,3582,2026-03-11T08:58:38Z,,
bw9-82,019bff77-bef9-75ac-b16b-077d76fc9c8d,Dragonair,Base Set,1.52,13.93,3342,248,3094,2,0.9,1,52.5,True,base-set,018/102,Normal,Rare,https://cdn.poketrace.com/cards/c911052b6103d01a.webp,7.61,600,13.798,13.798,0,9.5,True,242.5,30,0,0,59.99,27,55.628002,55.628002,3342,2026-03-11T08:58:38Z,,
sv03-213,019bffaa-1a45-759c-ad7f-fcac74e0babe,Glimmora ex,SV03: Obsidian Flames,1.08,0.93,4279,127,4152,2,4.5,1,52.5,True,sv03-obsidian-flames,213/197,Holofoil,Ultra Rare,https://cdn.poketrace.com/cards/1cc51bed74dfc820.webp,0.93,3667,0.972,0.972,0,1.8,True,38.22,25,36.61,36.61,5.5,24,0,0,4204,2026-03-11T08:58:38Z,,
swshp-SWSH085,019bff9c-c081-7545-beec-0f0488ecbae8,Boltund V,SWSH08: Fusion Strike,1.05,0.62,3478,95,3383,2,1.3,1,52.5,True,swsh08-fusion-strike,103/264,Holofoil,Ultra Rare,https://cdn.poketrace.com/cards/2a94591677544c2e.webp,0.73,3092,0.612,0.612,0,1.1,True,40,12,0,0,13.5,15,10.5,10.5,3425,2026-03-11T08:58:38Z,,
swshp-SWSH263,019bffa4-08c2-73d1-9af9-60f75f76a8b8,Zeraora V,Crown Zenith,1.44,0.84,4771,165,4606,2,7.1,1,52.4,True,crown-zenith,053/159,Holofoil,Ultra Rare,https://cdn.poketrace.com/cards/2db95a1f937e57b8.webp,0.71,4328,0.78,0.78,0,8.3,True,45,32,0,0,4.25,15,0,0,4771,2026-03-11T08:58:38Z,,
swsh12-170,019bffa2-09c0-7728-a27f-1e79d7cdd4ea,Serperior V,SWSH12: Silver Tempest,2.32,0.89,5170,97,5073,2,8.5,1,52.4,True,swsh12-silver-tempest,007/195,Holofoil,Ultra Rare,https://cdn.poketrace.com/cards/42f37eb56c6e96ff.webp,0.82,4619,0.814,0.814,0,19.2,True,26,9,26.997143,26.997143,10.27,13,0,0,5170,2026-03-11T08:58:38Z,,
swsh8-253,019bffa3-068f-741c-943a-f19b7e907ec2,Hoopa V,Crown Zenith: Galarian Gallery,2.09,8.31,3366,312,3054,2,1.2,1,52.4,True,crown-zenith-galarian-gallery,GG53/GG70,Holofoil,Ultra Rare,https://cdn.poketrace.com/cards/e1e9a0ffb9216f91.webp,8.56,2956,8.208,8.208,0,16.8,True,60.36,49,59.103333,59.103333,21.93,35,18.168571,18.168571,3366,2026-03-11T08:58:38Z,,
sv07-157,019bffb5-343b-77b4-8f23-87e8f2d266e5,Cinderace ex,SV07: Stellar Crown,2.23,0.65,6433,171,6262,2,13.2,1,52.4,True,sv07-stellar-crown,028/142,Holofoil,Double Rare,https://cdn.poketrace.com/cards/35492c444fe8e6c1.webp,0.75,5876,0.736,0.736,0,18.3,True,34.95,29,29.975,29.975,15,30,0,0,6433,2026-03-11T08:58:38Z,,
base2-33,019bff77-befc-77ae-b882-9c4799fd9502,Butterfree,Jungle,1.25,1,3033,226,2807,2,0,1,52.4,True,jungle,33/64,Unlimited,Uncommon,https://cdn.poketrace.com/cards/7b6220ae3c71350b.webp,0.91,263,1,1,0,5.1,True,255,35,190.82857,157.43167,21.99,43,53.287857,41.271168,3033,2026-03-11T08:58:38Z,,
dp6-70,019bff77-befb-757f-890c-f432b6e30285,Seadra,Fossil,1.28,0.76,4118,5,4113,2,4.2,1,52.4,True,fossil,42/62,Unlimited,Uncommon,https://cdn.poketrace.com/cards/cbcd0cdf15a62fe8.webp,0.46,1007,0.728,0.728,0,5.6,False,0,0,0,0,0,0,0,0,4118,2026-03-11T08:58:38Z,,
swsh12.5-066,019bffa3-068f-741c-943c-781b93b80b4d,Hatterene VMAX,Crown Zenith,1.67,1.64,4483,171,4312,2,5.6,1,52.4,True,crown-zenith,066/159,Holofoil,Ultra Rare,https://cdn.poketrace.com/cards/8e9d352d4c90ee0b.webp,1.63,4103,1.732,1.732,0,11.7,True,13.5,31,23.298573,26.575666,14.23,16,0,0,4483,2026-03-11T08:58:38Z,,
swsh4.5-45,019bff99-7af1-7262-a093-ed7b26d9e3ea,Crobat VMAX,Shining Fates,1.4,1.41,3295,188,3107,2,1.1,1,52.4,True,shining-fates,045/072,Holofoil,Ultra Rare,https://cdn.poketrace.com/cards/a9d05a9604885451.webp,1.45,2855,1.426,1.426,0,7.7,True,39.99,35,28.898,28.898,19.99,22,0,0,3295,2026-03-11T08:58:38Z,,
swshp-SWSH086,019bff99-7af1-7262-a094-32ac39a4a9db,Cramorant V,Shining Fates,1.34,0.59,3172,115,3057,2,0.3,1,52.4,True,shining-fates,054/072,Holofoil,Ultra Rare,https://cdn.poketrace.com/cards/0015162599049179.webp,0.71,2730,0.592,0.592,0,6.7,True,53.1,24,0,0,10,17,0,0,3172,2026-03-11T08:58:38Z,,
sm3-33,019bff77-befa-771d-bab1-4fc9c9a910aa,Gyarados,Base Set,2.21,39.17,4484,431,4053,2,5.6,1,52.4,True,base-set,006/102,Holofoil,Holo Rare,https://cdn.poketrace.com/cards/84034e021944d9a2.webp,23.27,354,36.962,36.962,0,18,True,1620,30,1622.9967,1622.9967,207,34,167.64285,183.125,4484,2026-03-11T08:58:38Z,,
swsh10-040,019bff9e-cb4c-7581-bf73-219637f66f5d,Origin Forme Palkia VSTAR,SWSH10: Astral Radiance,1.26,1.23,4459,138,4321,2,5.4,1,52.4,True,swsh10-astral-radiance,040/189,Holofoil,Ultra Rare,https://cdn.poketrace.com/cards/a51dda7236b773e4.webp,1.13,3523,1.164,1.164,0,5.3,True,45,32,42.633335,42.633335,14.5,30,12.5,12.5,4459,2026-03-11T08:58:38Z,,
swsh10-162,019bff9e-cb4c-7581-bf72-c4932cf9bb1a,Hisuian Lilligant V,SWSH10: Astral Radiance,2.49,0.69,2965,51,2914,2,0,1,52.3,True,swsh10-astral-radiance,017/189,Holofoil,Ultra Rare,https://cdn.poketrace.com/cards/de26875dcaa0860e.webp,0.72,2581,0.69,0.69,0,20.7,True,22,5,27.619999,27.619999,12,2,3.5,3.5,2965,2026-03-11T08:58:38Z,,
swsh4.5-50,019bff99-7af1-7262-a094-1304708de1a7,Ditto V,Shining Fates,1.14,1.14,3914,202,3712,2,4.2,1,52.3,True,shining-fates,050/072,Holofoil,Ultra Rare,https://cdn.poketrace.com/cards/72a3606ab4656a22.webp,0.98,3394,1.188,1.188,0,3,True,62,31,0,0,20.475,33,16.71,12.897857,3914,2026-03-11T08:58:38Z,,
swsh4.5-55,019bff99-7af1-7262-a094-3bbd807556f2,Cramorant VMAX,Shining Fates,1.29,1.29,3174,161,3013,2,1.2,1,52.3,True,shining-fates,055/072,Holofoil,Ultra Rare,https://cdn.poketrace.com/cards/f01409aa5a2b74d1.webp,1.34,2764,1.306,1.306,0,5.8,True,40,30,31.996666,31.996666,13.99,15,10.594286,11.413571,3174,2026-03-11T08:58:38Z,,
swsh11-147,019bffa1-0210-706e-b837-c80c06b1a1df,Hisuian Zoroark VSTAR,SWSH11: Lost Origin,1.22,1.19,4620,197,4423,2,6.9,1,52.3,True,swsh11-lost-origin,147/196,Holofoil,Ultra Rare,https://cdn.poketrace.com/cards/341d13a9e6aab69b.webp,1.08,4099,1.108,1.108,0,4.5,True,18.5,30,24,24,13.5,22,11.452857,10.487,4620,2026-03-11T08:58:38Z,,
base3-37,019bff77-befb-757f-890c-e0f48315d244,Graveler,Fossil,1.17,0.67,4349,14,4335,2,5.7,1,52.3,True,fossil,37/62,Unlimited,Uncommon,https://cdn.poketrace.com/cards/16d9094121559d05.webp,0.4,1001,0.708,0.708,0,3.6,True,0,0,0,0,0,0,0,0,4349,2026-03-11T08:58:38Z,,
base1-32,019bff77-bef9-75ac-b16b-47c91fb06703,Kadabra,Base Set,1.82,1.8,5126,232,4894,2,8.9,1,52.3,True,base-set,032/102,Normal,Uncommon,https://cdn.poketrace.com/cards/e288a5fdf83dd1c6.webp,0.98,1237,1.64,1.64,0,13.6,True,200,27,210,210,34,29,50.33,50.33,5126,2026-03-11T08:58:38Z,,
ex6-22,019bff77-bef9-75ac-b16b-0b128be35870,Dugtrio,Base Set,1.72,8.05,2966,177,2789,2,0.1,1,52.3,True,base-set,019/102,Normal,Rare,https://cdn.poketrace.com/cards/d5a2a521287d7a7f.webp,4.15,555,8.056,8.056,0,12.3,True,130,29,123.75,123.75,39,23,55.6,55.6,2966,2026-03-11T08:58:38Z,,
swsh12.5-104,019bffa4-08c3-76a4-9177-ecd52404dcf3,Duraludon VMAX,Crown Zenith,1.54,1.51,4503,162,4341,2,6.5,1,52.3,True,crown-zenith,104/159,Holofoil,Ultra Rare,https://cdn.poketrace.com/cards/2db3c4aa3c682e09.webp,1.47,4095,1.608,1.608,0,9.8,True,20,34,19.994999,19.994999,20.46,10,0,0,4503,2026-03-11T08:58:38Z,,
swsh10-099,019bff9e-cb4c-7581-bf74-0e086457b335,Darkrai VSTAR,SWSH10: Astral Radiance,1.57,1.57,4248,250,3998,2,5.2,0,52.3,True,swsh10-astral-radiance,099/189,Holofoil,Ultra Rare,https://cdn.poketrace.com/cards/3031df198a6de625.webp,1.49,3472,1.488,1.488,0,10.2,True,57.99,33,51.495003,51.495003,20,17,16.13,17.3875,4248,2026-03-11T08:58:38Z,,
bw9-58,019bff77-bef9-75ac-b16a-e8095f461325,Nidoking,Base Set,2.07,36.8,3165,408,2757,2,1.1,1,52.3,True,base-set,011/102,Holofoil,Holo Rare,https://cdn.poketrace.com/cards/dea3095a3301617e.webp,22.59,345,36.394,36.394,0,16.5,True,1052,35,1058,1058,160,35,151.17642,172.16167,3165,2026-03-11T08:58:38Z,,
swsh9-159,019bff9d-c5dd-752a-bcc3-5979edab69c0,Granbull V,SWSH09: Brilliant Stars,1.33,0.61,3149,58,3091,2,0.7,1,52.3,True,swsh09-brilliant-stars,057/172,Holofoil,Ultra Rare,https://cdn.poketrace.com/cards/3731be45c1fbc71e.webp,0.66,2821,0.614,0.614,0,6.5,True,12,7,0,0,59.99,6,0,0,3149,2026-03-11T08:58:38Z,,
swsh12.5-055,019bffa4-08c2-73d1-9af9-74417b21d5f2,Zeraora VSTAR,Crown Zenith,1.51,1.49,3127,182,2945,2,0.7,1,52.3,True,crown-zenith,055/159,Holofoil,Ultra Rare,https://cdn.poketrace.com/cards/173e03304a904923.webp,1.45,2843,1.5,1.5,0,9.4,True,49,35,44.475002,44.475002,8.51,22,10.021428,12.06025,3127,2026-03-11T08:58:38Z,,
swsh12.5-114,019bffa4-08c2-73d1-9af9-139ba2e378aa,Regigigas VSTAR,Crown Zenith,1.32,1.32,4106,204,3902,2,4.5,1,52.3,True,crown-zenith,114/159,Holofoil,Ultra Rare,https://cdn.poketrace.com/cards/e53552684d6beb3f.webp,1.12,3687,1.26,1.26,0,6.3,True,35.2,31,0,0,19.99,28,0,0,4106,2026-03-11T08:58:38Z,,
swsh7-197,019bffa4-08c3-76a4-9177-ead81001c2d3,Duraludon V,Crown Zenith,1.92,0.67,4054,87,3967,2,4.5,1,52.3,True,crown-zenith,103/159,Holofoil,Ultra Rare,https://cdn.poketrace.com/cards/dbb6424f61d373ca.webp,0.68,3716,0.64,0.64,0,14.8,True,29.25,14,0,0,15,5,0,0,4054,2026-03-11T08:58:38Z,,
swsh9-164,019bff9d-c5dd-752a-bcc4-17e5ed11104f,Flygon V,SWSH09: Brilliant Stars,2.12,0.82,3102,90,3012,2,1.2,1,52.2,True,swsh09-brilliant-stars,106/172,Holofoil,Ultra Rare,https://cdn.poketrace.com/cards/fb96e5d2bc26a7b4.webp,0.81,2727,0.83,0.83,0,17,True,34,12,0,0,41.4,10,0,0,3102,2026-03-11T08:58:38Z,,
sv10.5w-163,019c0007-b8d4-716a-ba17-3afce979c4a8,Harlequin,SV: White Flare,1.25,1.31,4589,117,4472,2,7.1,3,52.2,True,sv-white-flare,163/086,Holofoil,Ultra Rare,https://cdn.poketrace.com/cards/21893acda4952829.webp,1.43,4319,1.4025,1.4025,0,5.1,True,39.99,29,38.396,38.396,11.5,23,12.366667,12.366667,4589,2026-03-11T08:58:38Z,,
swsh6-58,019bff9a-858a-738a-a03d-30e8b437f228,Galarian Articuno V,SWSH06: Chilling Reign,1.39,1.32,3954,194,3760,2,4.4,1,52.2,True,swsh06-chilling-reign,058/198,Holofoil,Ultra Rare,https://cdn.poketrace.com/cards/263fa3d9f09c3356.webp,1.33,3301,1.262,1.262,0,7.5,True,50,25,47.5,47.5,20,22,0,0,3954,2026-03-11T08:58:38Z,,
swsh10-053,019bff9e-cb4c-7581-bf73-577a8ecf52d1,Hisuian Typhlosion V,SWSH10: Astral Radiance,1.26,1.25,3663,154,3509,2,3.5,1,52.2,True,swsh10-astral-radiance,053/189,Holofoil,Ultra Rare,https://cdn.poketrace.com/cards/8b994a9b5771de85.webp,1.16,3199,1.206,1.206,0,5.2,True,100,26,104.995,104.995,33.25,22,0,0,3663,2026-03-11T08:58:38Z,,
base3-58,019bff77-befb-757f-890d-361138ad4f2c,Mr. Fuji,Fossil,1.13,0.72,3564,97,3467,2,3.3,1,52.2,True,fossil,58/62,Unlimited,Uncommon,https://cdn.poketrace.com/cards/88c63fb25323a78a.webp,0.52,948,0.744,0.744,0,2.8,True,105.5,19,0,0,27.77,17,43.681427,43.681427,3564,2026-03-11T08:58:38Z,,
base2-39,019bff77-befc-77ae-b882-b6e49caad69d,Marowak,Jungle,1.75,1.16,2956,113,2843,2,0.9,1,52.2,True,jungle,39/64,Unlimited,Uncommon,https://cdn.poketrace.com/cards/4d2004a60620aab2.webp,0.61,709,1.17,1.17,0,12.7,True,100,17,243.13286,179.81,29,29,42.165714,29.303167,2956,2026-03-11T08:58:38Z,,
sv04.5-107,019bffa7-ed6f-747e-a888-6eff8874d1ea,Scovillain,SV01: Scarlet & Violet Base Set,1.75,3.77,3283,179,3104,2,1.8,1,52.2,True,sv01-scarlet-and-violet-base-set,202/198,Holofoil,Illustration Rare,https://cdn.poketrace.com/cards/0c46e59b6c1a2879.webp,3.51,2802,3.836,3.836,0,12.7,True,65,30,74.69857,74.8225,15.5,29,17.744999,17.744999,3283,2026-03-11T08:58:38Z,,
xy12-63,019bff77-befa-771d-bab1-22f7538ff23f,Clefairy,Base Set,2.26,28.21,2881,390,2491,2,0.2,1,52.2,True,base-set,005/102,Holofoil,Holo Rare,https://cdn.poketrace.com/cards/f3c0e502e80abd9b.webp,20.34,249,28.266,28.266,0,18.5,True,4099.99,35,3557.995,3557.995,228.5,12,261.75,261.75,2881,2026-03-11T08:58:38Z,,
swsh12.5-023,019bffa4-08c2-73d1-9af8-8a4c617f4e53,Simisear VSTAR,Crown Zenith,1.28,1.28,4097,156,3941,2,5,1,52.2,True,crown-zenith,023/159,Holofoil,Ultra Rare,https://cdn.poketrace.com/cards/00fb3700e20989ca.webp,0.98,3701,1.216,1.216,0,5.6,True,22.5,31,0,0,10.25,15,8.569285,9.109167,4097,2026-03-11T08:58:38Z,,
swsh8-246,019bff9c-c080-745e-b3db-e39f826b756f,Tsareena V,SWSH08: Fusion Strike,1.55,0.7,2880,63,2817,2,0.6,1,52.2,True,swsh08-fusion-strike,021/264,Holofoil,Ultra Rare,https://cdn.poketrace.com/cards/2d7fe12f98f7a9f2.webp,0.66,2511,0.696,0.696,0,9.9,True,22.5,4,24.333334,24.333334,12.95,6,10.54,10.54,2880,2026-03-11T08:58:38Z,,
ex9-27,019bff77-bef9-75ac-b16b-1592f806f933,Electrode,Base Set,1.55,6.91,2977,223,2754,2,0.8,1,52.2,True,base-set,021/102,Normal,Rare,https://cdn.poketrace.com/cards/beb21e4cf823ec22.webp,4.22,577,6.856,6.856,0,9.9,True,165,30,182.5,182.5,47.4,24,38.2,38.2,2977,2026-03-11T08:58:38Z,,
swsh4-173,019bff98-542a-729b-9795-86fce696ae05,Coalossal V,SWSH04: Vivid Voltage,2.15,0.62,3200,108,3092,2,2.3,1,52.1,True,swsh04-vivid-voltage,098/185,Holofoil,Ultra Rare,https://cdn.poketrace.com/cards/7191a569ff83a954.webp,0.63,2682,0.634,0.634,0,17.3,True,21,29,20.75,20.75,13.4,24,0,0,3200,2026-03-11T08:58:38Z,,
swsh11-176,019bffa1-0211-748e-aa96-0129d9767325,Rotom V,SWSH11: Lost Origin,2.02,0.75,4719,59,4660,2,8.3,1,52.1,True,swsh11-lost-origin,058/196,Holofoil,Ultra Rare,https://cdn.poketrace.com/cards/cab204bb5b0b8503.webp,0.6,4178,0.688,0.688,0,15.9,True,30,7,0,0,6.99,2,0,0,4719,2026-03-11T08:58:38Z,,
swsh11-182,019bffa1-0211-748e-aa96-efb5a02724a9,Drapion V,SWSH11: Lost Origin,1.44,0.64,5308,60,5248,2,10.6,1,52.1,True,swsh11-lost-origin,118/196,Holofoil,Ultra Rare,https://cdn.poketrace.com/cards/5c99165f34b1800d.webp,0.61,4633,0.572,0.572,0,8.3,True,49.5,15,21.227858,18.177307,7.5,7,9.868334,9.868334,5308,2026-03-11T08:58:38Z,,
sv03-219,019bffaa-1a45-759c-ad80-151c874bf7c0,Ortega,SV03: Obsidian Flames,1.49,1.22,4821,184,4637,2,8.5,1,52.1,True,sv03-obsidian-flames,219/197,Holofoil,Ultra Rare,https://cdn.poketrace.com/cards/da0ea522a712362f.webp,0.71,4108,1.116,1.116,0,9,True,35,23,29.411428,27.824167,7.5,29,0,0,4821,2026-03-11T08:58:38Z,,
swsh6-7,019bff9a-858a-738a-a03c-35ab32c2249b,Celebi V,SWSH06: Chilling Reign,1.27,0.95,2639,139,2500,2,0,1,52.1,True,swsh06-chilling-reign,007/198,Holofoil,Ultra Rare,https://cdn.poketrace.com/cards/48ad23cb9dc7da77.webp,1.09,2173,0.95,0.95,0,5.4,True,40.51,28,0,0,11.5,19,12.015,12.015,2639,2026-03-11T08:58:38Z,,
swsh8-23,019bff9c-c080-745e-b3db-de37e0060659,Rillaboom VMAX,SWSH08: Fusion Strike,1.85,1.77,2892,114,2778,2,0.7,3,52.1,True,swsh08-fusion-strike,023/264,Holofoil,Ultra Rare,https://cdn.poketrace.com/cards/22b69423bcbd8172.webp,1.69,2516,1.7575,1.7575,0,13.9,True,44.79,30,0,0,16.5,15,0,0,2892,2026-03-11T08:58:38Z,,
lc-55,019bff77-befc-77ae-b882-bb73d41c81b8,Nidorina,Jungle,1.49,0.49,4238,4,4234,2,6.1,1,52.1,True,jungle,40/64,Unlimited,Uncommon,https://cdn.poketrace.com/cards/42a690b210dd5b5d.webp,0.37,1025,0.46,0.46,0,9,True,49,1,0,0,0,0,0,0,4238,2026-03-11T08:58:38Z,,
sv04.5-125,019bffab-58ba-7458-9ea6-c6d6a6d3feed,Veluza,SV04: Paradox Rift,2.2,6.32,2728,216,2512,2,0.3,1,52.1,True,sv04-paradox-rift,192/182,Holofoil,Illustration Rare,https://cdn.poketrace.com/cards/97894f5f4d51985a.webp,5.79,2315,6.338,6.338,0,17.8,True,65.5,31,60.25,60.25,18.95,29,17.460001,17.460001,2728,2026-03-11T08:58:38Z,,
swsh4.5-10,019bff99-7af0-71d4-a48e-1124c5ec6eca,Dhelmise VMAX,Shining Fates,1.51,1.51,3111,179,2932,2,2,1,52.1,True,shining-fates,010/072,Holofoil,Ultra Rare,https://cdn.poketrace.com/cards/5b8aa1f3bc04238d.webp,1.49,2670,1.48,1.48,0,9.3,True,24.99,27,0,0,63.58,26,0,0,3111,2026-03-11T08:58:38Z,,
swsh4-127,019bff98-542a-729b-9796-0e3bda326b61,Aegislash VMAX,SWSH04: Vivid Voltage,1.39,1.39,3269,136,3133,2,2.2,1,52.1,True,swsh04-vivid-voltage,127/185,Holofoil,Ultra Rare,https://cdn.poketrace.com/cards/d3fe2f7642639c91.webp,1.24,2826,1.36,1.36,0,7.5,True,35,29,34.22357,33.445625,10.5,23,0,0,3269,2026-03-11T08:58:38Z,,
sv05-202,019bffae-2204-77ea-9955-378bcad6a509,Salvatore,SV05: Temporal Forces,1.96,1.25,3150,110,3040,2,1.8,1,52.1,True,sv05-temporal-forces,202/162,Holofoil,Ultra Rare,https://cdn.poketrace.com/cards/9e8cc144b2a14f87.webp,1.15,2797,1.228,1.228,0,15.2,True,40,17,0,0,15.5,26,18.105,18.105,3150,2026-03-11T08:58:38Z,,
base1-45,019bff77-befa-771d-bab1-0cbecc4a68ba,Caterpie,Base Set,1.32,1.32,3514,158,3356,2,3.5,1,52.1,True,base-set,045/102,Normal,Common,https://cdn.poketrace.com/cards/76a97b9c08ba3ab8.webp,0.6,929,1.274,1.274,0,6.3,True,81,28,80.495,80.495,21.5,29,23.75,23.75,3514,2026-03-11T08:58:38Z,,
sv06-205,019bffb0-7846-73ed-b5ef-98ce3e0bef7a,Hassel,SV06: Twilight Masquerade,1.52,1.07,3164,112,3052,2,1.9,1,52.1,True,sv06-twilight-masquerade,205/167,Holofoil,Ultra Rare,https://cdn.poketrace.com/cards/2ac0aeeb05f6d642.webp,0.94,2876,1.09,1.09,0,9.5,True,29,20,25.782858,23.551579,6.5,16,0,0,3164,2026-03-11T08:58:38Z,,
lc-66,019bff77-befb-757f-890c-fd3c15012811,Tentacruel,Fossil,1.24,1.1,2859,102,2757,2,1.1,1,52,True,fossil,44/62,Unlimited,Uncommon,https://cdn.poketrace.com/cards/1d0e27419642ae89.webp,0.64,613,1.088,1.088,0,4.9,True,79.25,15,0,0,26.99,27,36.017857,36.017857,2859,2026-03-11T08:58:38Z,,
swsh12-180,019bffa2-09c1-74ef-b462-44d68ab4ab7e,Skuntank V,SWSH12: Silver Tempest,1.35,0.72,4553,70,4483,2,8.1,1,52,True,swsh12-silver-tempest,108/195,Holofoil,Ultra Rare,https://cdn.poketrace.com/cards/b871129855bc5685.webp,0.69,4057,0.662,0.662,0,6.8,True,25,10,0,0,14.4,8,0,0,4553,2026-03-11T08:58:38Z,,
swsh11-049,019bffa1-0211-748e-aa95-ddb40cdc961e,Kyurem VMAX,SWSH11: Lost Origin,2.27,2.29,4305,201,4104,2,7.2,0,52,True,swsh11-lost-origin,049/196,Holofoil,Ultra Rare,https://cdn.poketrace.com/cards/08eb29df8ead0fb9.webp,2.04,3791,2.124,2.124,0,18.5,True,45,33,36.996666,36.996666,19.5,25,22.25,22.25,4305,2026-03-11T08:58:38Z,,
sv06-082,019bff77-bef8-74a5-99d8-6e90eedb5803,Alakazam,Base Set,1.43,61.13,2839,390,2449,2,1.3,1,52,True,base-set,001/102,Holofoil,Holo Rare,https://cdn.poketrace.com/cards/1fc85208471fc6aa.webp,51.07,254,60.306,60.306,0,8.1,True,2661,31,1881.7467,1881.7467,276.94,25,255.94429,266.1789,2839,2026-03-11T08:58:38Z,,
swsh12-034,019bffa2-09c0-7728-a27f-8608b5835cb0,Alolan Vulpix VSTAR,SWSH12: Silver Tempest,1.97,1.98,4423,275,4148,2,7.5,1,52,True,swsh12-silver-tempest,034/195,Holofoil,Ultra Rare,https://cdn.poketrace.com/cards/ad0c5ce88a903e17.webp,1.81,3890,1.832,1.832,0,15.3,True,76.8,30,64.19,64.19,24.99,24,0,0,4423,2026-03-11T08:58:38Z,,
dp3-28,019bff77-befb-757f-890c-d816dfe3216f,Golduck,Fossil,1.05,1.1,3290,125,3165,2,2.9,1,52,True,fossil,35/62,Unlimited,Uncommon,https://cdn.poketrace.com/cards/69a376a4b2675d9c.webp,0.56,775,1.132,1.132,0,1.1,True,190,25,0,0,80.83,24,0,0,3188,2026-03-11T08:58:38Z,,
sv03-159,019bffa9-14a4-732a-bc79-47dff819869c,Dragonite ex,SV03: Obsidian Flames,1.97,1.48,5589,218,5371,2,12.3,1,52,True,sv03-obsidian-flames,159/197,Holofoil,Double Rare,https://cdn.poketrace.com/cards/1da6cf1abf3fb71d.webp,1.38,4925,1.662,1.662,0,15.3,True,34,29,39.64143,36.56125,19.99,27,0,0,5589,2026-03-11T08:58:38Z,,
swsh4-37,019bff98-542a-729b-9793-f131659d37df,Galarian Darmanitan VMAX,SWSH04: Vivid Voltage,1.34,1.34,2949,116,2833,2,1.6,1,52,True,swsh04-vivid-voltage,037/185,Holofoil,Ultra Rare,https://cdn.poketrace.com/cards/d40ffd1ff7ab2c76.webp,1.31,2568,1.318,1.318,0,6.6,True,39,28,35.735,35.735,12.5,26,0,0,2949,2026-03-11T08:58:38Z,,
lc-40,019bff77-bef9-75ac-b16b-276e75a6615a,Dewgong,Base Set,1.66,3.71,3168,151,3017,2,2.3,1,52,True,base-set,025/102,Normal,Uncommon,https://cdn.poketrace.com/cards/0617d90e28789b7a.webp,1.53,733,3.624,3.624,0,11.4,True,194.99,26,145.995,145.995,40,25,0,0,3168,2026-03-11T08:58:38Z,,
swsh12-066,019bffa2-09c0-7728-a27f-fecdf562dfae,Unown VSTAR,SWSH12: Silver Tempest,1.15,1.15,4467,138,4329,2,7.5,1,52,True,swsh12-silver-tempest,066/195,Holofoil,Ultra Rare,https://cdn.poketrace.com/cards/29eab306ebd4e7e0.webp,1.38,4005,1.236,1.236,0,3.2,True,24.5,27,32.902,32.902,15.4,25,0,0,4467,2026-03-11T08:58:38Z,,
dp3-58,019bff77-bef9-75ac-b16b-19575512d68c,Pidgeotto,Base Set,1.1,9.75,2737,177,2560,2,0.7,1,52,True,base-set,022/102,Normal,Rare,https://cdn.poketrace.com/cards/1292e00eadef0864.webp,5.06,542,9.82,9.82,0,2.2,True,275,30,212.5,212.5,74.99,24,65.659996,65.659996,2593,2026-03-11T08:58:38Z,,
swsh9-TG17,019bff9d-c5dd-752a-bcc3-8a1a3351d1fc,Mimikyu VMAX,SWSH09: Brilliant Stars,2.34,7.27,3752,247,3505,2,4.6,1,52,True,swsh09-brilliant-stars,069/172,Holofoil,Ultra Rare,https://cdn.poketrace.com/cards/1066f083b4915de7.webp,5.55,3229,6.936,6.936,0,19.2,True,73,36,78.92643,77.37312,24.5,23,23.4975,23.4975,3752,2026-03-11T08:58:38Z,,
sv04-266,019bffab-58ba-7458-9ea7-ef5b7cfcb241,Reversal Energy,SV04: Paradox Rift,2.4,3.02,2895,94,2801,2,1.3,1,52,True,sv04-paradox-rift,266/182,Holofoil,Hyper Rare,https://cdn.poketrace.com/cards/f30ab27291750605.webp,3.12,2657,2.98,2.98,0,19.8,True,29.99,23,24.877142,24.62,5,11,12.5671425,12.298,2895,2026-03-11T08:58:38Z,,
sv05-197,019bffae-2204-77ea-9955-2154384ae18a,Bianca's Devotion,SV05: Temporal Forces,2.33,2.77,2902,138,2764,2,1.6,1,52,True,sv05-temporal-forces,197/162,Holofoil,Ultra Rare,https://cdn.poketrace.com/cards/eb51fea88c9cb7c3.webp,2.53,2527,2.814,2.814,0,19.1,True,31,31,0,0,9.54,32,11.77,11.77,2902,2026-03-11T08:58:38Z,,
swsh4-177,019bff98-542a-729b-9796-079be09f9960,Aegislash V,SWSH04: Vivid Voltage,2.57,0.68,3682,111,3571,2,5.3,1,51.9,True,swsh04-vivid-voltage,126/185,Holofoil,Ultra Rare,https://cdn.poketrace.com/cards/2ac20a4e00b69883.webp,0.54,3147,0.644,0.644,0,21.3,True,21.5,30,28.745,28.745,10.5,21,13,13,3682,2026-03-11T08:58:38Z,,
ex11-52,019bff77-befc-77ae-b882-c94357509dd1,Rapidash,Jungle,1.73,1.84,2915,131,2784,2,2,1,51.9,True,jungle,44/64,Unlimited,Uncommon,https://cdn.poketrace.com/cards/731217386124ada1.webp,0.89,681,1.804,1.804,0,12.4,True,175,12,187.95857,114.27464,22.05,26,214.15666,214.15666,2915,2026-03-11T08:58:38Z,,
ex7-80,019bff77-befa-771d-bab1-6e1cc9b8a45f,Voltorb,Base Set,1.84,3.16,5435,194,5241,2,11.8,1,51.9,True,base-set,067/102,Normal,Common,https://cdn.poketrace.com/cards/de0b44d8b600ada2.webp,1.46,2854,2.788,2.788,0,13.7,True,180,28,155,155,37.69,28,47.844997,47.844997,5435,2026-03-11T08:58:38Z,,
xy12-26,019bff8b-8e0e-7604-a508-fdb4b3d0f668,Slowbro EX,XY - Evolutions,2.32,2.32,2487,164,2323,2,0.3,1,51.9,True,xy-evolutions,26/108,Holofoil,Ultra Rare,https://cdn.poketrace.com/cards/bf20b16f705fa56f.webp,1.89,1604,2.312,2.312,0,19,True,54.05,34,49.384003,49.384003,24.5,28,21.598,21.598,2487,2026-03-11T08:58:38Z,,
base1-48,019bff77-befa-771d-bab1-18539b607f1a,Doduo,Base Set,1.15,1.16,3849,143,3706,2,5.9,1,51.9,True,base-set,048/102,Normal,Common,https://cdn.poketrace.com/cards/0fc40372a92c04a6.webp,0.47,1015,1.092,1.092,0,3.2,True,110,30,0,0,33.88,22,0,0,3849,2026-03-11T08:58:38Z,,
ex6-72,019bff77-befc-77ae-b883-06bc511523f5,Paras,Jungle,1.06,0.35,5680,3,5677,2,13.1,1,51.9,True,jungle,59/64,Unlimited,Common,https://cdn.poketrace.com/cards/07297a68b95ab71a.webp,0.34,1407,0.396,0.396,0,1.3,True,62,1,0,0,19.05,1,0,0,5677,2026-03-11T08:58:38Z,,
base1-83,019bff77-befa-771d-bab1-ae333e84e7a3,Maintenance,Base Set,2.44,2.44,2553,126,2427,2,0.8,1,51.9,True,base-set,083/102,Normal,Uncommon,https://cdn.poketrace.com/cards/e8cc6e3603a4ca28.webp,1.36,657,2.42,2.42,0,20.1,True,290,28,0,0,120,24,0,0,2553,2026-03-11T08:58:38Z,,
sv04.5-178,019bffab-58ba-7458-9ea6-ef46081d068f,Garganacl,SV04: Paradox Rift,2.33,3.4,2775,164,2611,2,1.5,1,51.9,True,sv04-paradox-rift,202/182,Holofoil,Illustration Rare,https://cdn.poketrace.com/cards/f1f6604783ad98a0.webp,3.28,2449,3.452,3.452,0,19.1,True,40,33,40.598,40.598,10.5,30,11.025001,11.025001,2775,2026-03-11T08:58:38Z,,
swsh6-75,019bff9a-858a-738a-a03d-86a5c454861d,Shadow Rider Calyrex VMAX,SWSH06: Chilling Reign,1.52,1.63,4517,167,4350,2,8.5,1,51.9,True,swsh06-chilling-reign,075/198,Holofoil,Ultra Rare,https://cdn.poketrace.com/cards/5a6334d244900f2e.webp,1.4,3829,1.492,1.492,0,9.4,True,23,34,0,0,10.5,16,11.833333,11.833333,4517,2026-03-11T08:58:38Z,,
swsh1-49,019bff99-7af1-7262-a093-b4fd212fd13c,Lapras V,Shining Fates: Shiny Vault,1.97,3.37,2576,240,2336,2,0.5,1,51.9,True,shining-fates-shiny-vault,SV110/SV122,Holofoil,Shiny Holo Rare,https://cdn.poketrace.com/cards/a86e7205723a8b46.webp,3.55,2234,3.352,3.352,0,15.3,True,46,36,38.81,38.81,17.75,32,17.875,17.875,2576,2026-03-11T08:58:38Z,,
swsh10-113,019bff9e-cb4c-7581-bf74-4391a98cd011,Origin Forme Dialga V,SWSH10: Astral Radiance,1.17,1.17,2521,152,2369,2,0.9,1,51.8,True,swsh10-astral-radiance,113/189,Holofoil,Ultra Rare,https://cdn.poketrace.com/cards/4f97ad3441c7232e.webp,0.99,2127,1.16,1.16,0,3.5,True,59.95,25,0,0,15.5,16,0,0,2521,2026-03-11T08:58:38Z,,
base1-40,019bff77-befa-771d-bab0-f88907ff2be8,Raticate,Base Set,2.33,2.33,2958,148,2810,2,2.9,1,51.8,True,base-set,040/102,Normal,Uncommon,https://cdn.poketrace.com/cards/b304e547824f3963.webp,1.18,743,2.262,2.262,0,19,True,167.5,29,200.00714,96.968575,49.99,26,42.23,42.23,2958,2026-03-11T08:58:38Z,,
swsh12-024,019bffa2-09c0-7728-a27f-5c887ca6afc9,Reshiram V,SWSH12: Silver Tempest,1.07,1.08,4227,126,4101,2,7.6,1,51.8,True,swsh12-silver-tempest,024/195,Holofoil,Ultra Rare,https://cdn.poketrace.com/cards/e56060a643b04d55.webp,0.81,3956,0.998,0.998,0,1.5,True,36,31,0,0,10,18,0,0,4162,2026-03-11T08:58:38Z,,
swsh4-169,019bff98-542a-729b-9793-eb62ba9c5410,Galarian Darmanitan V,SWSH04: Vivid Voltage,1.64,0.53,3230,91,3139,2,3.8,1,51.8,True,swsh04-vivid-voltage,036/185,Holofoil,Ultra Rare,https://cdn.poketrace.com/cards/37b3a2d25bf94afd.webp,0.64,2789,0.55,0.55,0,11.1,True,17.5,31,0,0,15.5,21,0,0,3230,2026-03-11T08:58:38Z,,
swsh4-99,019bff98-542a-729b-9795-93d391b21070,Coalossal VMAX,SWSH04: Vivid Voltage,1.4,1.4,2909,125,2784,2,2.4,1,51.8,True,swsh04-vivid-voltage,099/185,Holofoil,Ultra Rare,https://cdn.poketrace.com/cards/b1d65eb39e105e54.webp,1.19,2510,1.434,1.434,0,7.6,True,24.99,30,17.83,17.83,19.99,19,0,0,2909,2026-03-11T08:58:38Z,,
base1-41,019bff77-befa-771d-bab0-ff6dad8a0ccf,Seel,Base Set,1.14,1.1,3175,148,3027,2,3.5,1,51.8,True,base-set,041/102,Normal,Uncommon,https://cdn.poketrace.com/cards/89a6fa22e0a3f86a.webp,0.56,805,1.138,1.138,0,2.9,True,69.16,28,111.13286,69.592224,43.82,21,41.905003,41.905003,3175,2026-03-11T08:58:38Z,,
swsh12.5-046,019bffa3-068f-741c-943a-976367fde329,Rotom VSTAR,Crown Zenith,1.27,1.25,4326,163,4163,2,8.2,1,51.8,True,crown-zenith,046/159,Holofoil,Ultra Rare,https://cdn.poketrace.com/cards/1eafd8daa024ab93.webp,1.12,3951,1.352,1.352,0,5.4,True,23.01,31,29.825714,23.5975,6.5,16,7.6014285,8.267333,4326,2026-03-11T08:58:38Z,,
swsh6-100,019bff9a-858b-718a-932a-449fe525427f,Galarian Slowking VMAX,SWSH06: Chilling Reign,1.61,1.61,2427,124,2303,2,0.6,1,51.8,True,swsh06-chilling-reign,100/198,Holofoil,Ultra Rare,https://cdn.poketrace.com/cards/1461f35b206423c7.webp,1.54,2079,1.6,1.6,0,10.7,True,51,30,0,0,12,14,10.551429,11.373077,2427,2026-03-11T08:58:38Z,,
swsh10-179,019bff9e-cb4d-7658-b47d-cf75fc1f4cca,Oranguru V,SWSH10: Astral Radiance,1.6,0.68,2497,56,2441,2,0.9,1,51.8,True,swsh10-astral-radiance,133/189,Holofoil,Ultra Rare,https://cdn.poketrace.com/cards/01674d8597484872.webp,0.7,2186,0.686,0.686,0,10.6,True,58.5,7,0,0,22.49,3,0,0,2497,2026-03-11T08:58:38Z,,
swsh10-072,019bff9e-cb4c-7581-bf73-a24d9985ad20,Machamp V,SWSH10: Astral Radiance,1.48,1.47,2990,136,2854,2,2.9,1,51.8,True,swsh10-astral-radiance,072/189,Holofoil,Ultra Rare,https://cdn.poketrace.com/cards/4a19daec9967b3cb.webp,1.54,2584,1.428,1.428,0,8.8,True,57.5,12,0,0,16.5,10,0,0,2990,2026-03-11T08:58:38Z,,
sv04.5-187,019bffa7-ed6f-747e-a888-ab1757aa53ce,Kingambit,SV01: Scarlet & Violet Base Set,2.32,6.74,3248,224,3024,2,3.9,1,51.8,True,sv01-scarlet-and-violet-base-set,220/198,Holofoil,Illustration Rare,https://cdn.poketrace.com/cards/f4f225d6f2d24774.webp,5.42,2723,6.478,6.478,0,18.9,True,143.99,30,166.97,166.97,19.01,36,18.626251,18.626251,3248,2026-03-11T08:58:38Z,,
swsh7-14,019bff9a-8592-77ae-8865-8a8ca96dc938,Trevenant VMAX,SWSH07: Evolving Skies,1.56,1.56,2300,110,2190,2,0,1,51.8,True,swsh07-evolving-skies,014/203,Holofoil,Ultra Rare,https://cdn.poketrace.com/cards/add44d54940ac164.webp,1.42,2045,1.56,1.56,0,10,True,21.5,31,0,0,17.99,14,15.245714,12.434615,2300,2026-03-11T08:58:38Z,,
swsh4-21,019bff98-542a-729b-9793-a2225fe1b9da,Orbeetle VMAX,SWSH04: Vivid Voltage,1.3,1.34,3163,153,3010,2,3.7,1,51.8,True,swsh04-vivid-voltage,021/185,Holofoil,Ultra Rare,https://cdn.poketrace.com/cards/18d50f34dd32b1ce.webp,1.23,2686,1.39,1.39,0,5.9,True,30.95,35,28.54875,28.54875,10.5,25,11.57,11.57,3163,2026-03-11T08:58:38Z,,
swsh9-168,019bffa4-08c2-73d1-9af8-3a89f2d9718e,Cheren's Care,Crown Zenith: Galarian Gallery,1.53,3.28,3166,213,2953,2,3.5,1,51.8,True,crown-zenith-galarian-gallery,GG58/GG70,Holofoil,Ultra Rare,https://cdn.poketrace.com/cards/d60c4e8042a2e5fc.webp,2.83,2778,3.166,3.166,0,9.6,True,23.5,31,23.5,23.5,22.25,28,18.875,18.875,3166,2026-03-11T08:58:38Z,,
sv04.5-126,019bffa6-1f2d-777b-a599-6cb69fc12a9f,Dondozo,SV01: Scarlet & Violet Base Set,2,7.17,2288,257,2031,2,0,0,51.8,True,sv01-scarlet-and-violet-base-set,207/198,Holofoil,Illustration Rare,https://cdn.poketrace.com/cards/49fc6cda86c6ecd9.webp,9.16,1691,7.17,7.17,0,15.6,True,226.14,30,153.8025,153.8025,20,41,17.344286,17.344286,2288,2026-03-11T08:58:38Z,,
xy7-75a,019c3ac3-ec6a-771e-9d03-079c04bb2dc4,Hex Maniac,XY - Ancient Origins,2.28,3.16,2198,21,2177,2,0.4,1,51.7,True,xy-ancient-origins,75/98,Normal,Uncommon,https://cdn.poketrace.com/cards/debebfb8e2dd96c3.webp,1.73,630,3.174,3.174,0,18.5,True,0,0,0,0,20.5,1,0,0,2198,2026-03-11T08:58:38Z,,
swsh5-22,019bff99-7af1-7262-a096-43808fb7cff6,Victini VMAX,SWSH05: Battle Styles,2.21,2.23,2220,155,2065,2,0.2,1,51.7,True,swsh05-battle-styles,022/163,Holofoil,Ultra Rare,https://cdn.poketrace.com/cards/66741fec4969deec.webp,2.09,1906,2.234,2.234,0,17.8,True,80,30,65.5,65.5,29.99,6,17.644,17.644,2220,2026-03-11T08:58:38Z,,
swsh4-141,019bff98-542b-72cb-a940-438c0278e7d2,Togekiss VMAX,SWSH04: Vivid Voltage,1.55,1.55,2935,164,2771,2,3.1,1,51.7,True,swsh04-vivid-voltage,141/185,Holofoil,Ultra Rare,https://cdn.poketrace.com/cards/28260ddae03c6f4f.webp,1.61,2497,1.598,1.598,0,9.8,True,36.3,29,35.37,35.37,17.11,21,0,0,2935,2026-03-11T08:58:38Z,,
base1-54,019bff77-befa-771d-bab1-347e0b95717e,Metapod,Base Set,1.04,1.04,4018,164,3854,2,7.5,1,51.7,True,base-set,054/102,Normal,Common,https://cdn.poketrace.com/cards/a05dd3f1b25c3c25.webp,0.42,1001,0.962,0.962,0,0.9,True,65,28,70,70,45,24,40.5,40.5,3885,2026-03-11T08:58:38Z,,
swsh6-80,019bff9a-858b-718a-9329-d6f16a5e4b76,Galarian Zapdos V,SWSH06: Chilling Reign,1.19,1.19,3772,171,3601,2,6.4,0,51.7,True,swsh06-chilling-reign,080/198,Holofoil,Ultra Rare,https://cdn.poketrace.com/cards/6da0d21757dabbbf.webp,1.08,3193,1.114,1.114,0,3.9,True,40,25,35,35,19.1,9,19.03,19.03,3772,2026-03-11T08:58:38Z,,
hgss3-33,019bff77-bef9-75ac-b16a-f560046c2318,Raichu,Base Set,2.05,62.88,2680,374,2306,2,2,1,51.7,True,base-set,014/102,Holofoil,Holo Rare,https://cdn.poketrace.com/cards/3184c96a3f07b7fa.webp,43.24,273,61.64,61.64,0,16.1,True,2500,31,0,0,269.9,24,266.41284,266.41284,2680,2026-03-11T08:58:38Z,,
swsh4.5-SV105,019bff9c-c080-745e-b3db-f219a27dd056,Rillaboom V,SWSH08: Fusion Strike,1.69,0.73,3003,52,2951,2,3.3,1,51.7,True,swsh08-fusion-strike,022/264,Holofoil,Ultra Rare,https://cdn.poketrace.com/cards/9b013a6c766ea704.webp,0.64,2670,0.754,0.754,0,11.8,True,50,6,0,0,1.29,5,8.7425,8.7425,3003,2026-03-11T08:58:38Z,,
swsh8-248,019bff9c-c081-7545-beeb-a26f4ba1793f,Crabominable V,SWSH08: Fusion Strike,1.33,0.64,2959,55,2904,2,3.1,1,51.7,True,swsh08-fusion-strike,076/264,Holofoil,Ultra Rare,https://cdn.poketrace.com/cards/0bfaea4ba1434580.webp,0.75,2585,0.62,0.62,0,6.4,True,10.42,4,14.423333,14.423333,11.99,5,10.934999,10.934999,2959,2026-03-11T08:58:38Z,,
base2-38,019bff77-befc-77ae-b882-b33dc627c8c3,Lickitung,Jungle,1.39,1.46,3441,171,3270,2,5.2,1,51.7,True,jungle,38/64,Unlimited,Uncommon,https://cdn.poketrace.com/cards/b00158597aa05c54.webp,0.72,774,1.384,1.384,0,7.4,True,114.99,32,196.34285,156.6675,23,31,40.335716,28.812,3441,2026-03-11T08:58:38Z,,
xy12-25,019bff77-bef9-75ac-b16a-f1cf5e1f63dd,Poliwrath,Base Set,2.51,26.58,3098,407,2691,2,3.6,1,51.7,True,base-set,013/102,Holofoil,Holo Rare,https://cdn.poketrace.com/cards/e3e83e1de84ed63c.webp,19.01,319,25.624,25.624,0,20.7,True,990,36,1022.5,1022.5,120,34,124.00429,123.71286,3098,2026-03-11T08:58:38Z,,
base1-38,019bff77-befa-771d-bab0-eca0baf2c0f4,Poliwhirl,Base Set,1.34,1.33,3925,166,3759,2,6.8,1,51.7,True,base-set,038/102,Normal,Uncommon,https://cdn.poketrace.com/cards/a633014cfe332dd9.webp,0.5,856,1.24,1.24,0,6.6,True,160,26,0,0,48.88,25,48.88,48.88,3925,2026-03-11T08:58:38Z,,
gym2-92,019c0004-fc82-756f-9930-42e16a64caa0,Misty's Staryu,SV10: Destined Rivals,1.63,0.3,2470,22,2448,2,1.3,1,51.7,True,sv10-destined-rivals,046/182,Reverse_Holofoil,Common,https://cdn.poketrace.com/cards/3cc5c2b40fd62602.webp,0.26,2375,0.304,0.304,0,11,False,0,0,0,0,0,0,0,0,2470,2026-03-11T08:58:38Z,,
ecard1-157,019bff77-befa-771d-bab1-d4592eab7443,Switch,Base Set,1.57,0.46,4555,165,4390,2,10,1,51.6,True,base-set,095/102,Normal,Common,https://cdn.poketrace.com/cards/73170be198e0de9f.webp,0.19,1095,0.414,0.414,0,10.1,True,74.99,32,70.32667,70.32667,36,27,35.3275,35.3275,4555,2026-03-11T08:58:38Z,,
swsh8-218,019bff9c-c081-7545-beec-f787e343210c,Greedent VMAX,SWSH08: Fusion Strike,1.5,1.55,2873,89,2784,2,3.6,1,51.6,True,swsh08-fusion-strike,218/264,Holofoil,Ultra Rare,https://cdn.poketrace.com/cards/1109297b600f5636.webp,1.31,2476,1.494,1.494,0,9.1,True,39.99,19,27.81,21.561766,19.99,13,12.967143,11.7025,2873,2026-03-11T08:58:38Z,,
sv04.5-121,019bffa7-ed6f-747e-a888-7d5c2a52f71f,Wiglett,SV01: Scarlet & Violet Base Set,2.44,11.07,3119,182,2937,2,4.5,1,51.6,True,sv01-scarlet-and-violet-base-set,206/198,Holofoil,Illustration Rare,https://cdn.poketrace.com/cards/263841d3a1f389e4.webp,9.06,2532,10.568,10.568,0,20,True,175,29,177.5,123.29107,15,27,14.497499,14.497499,3119,2026-03-11T08:58:38Z,,
swsh8-259,019c3ac3-ec6f-71ad-8279-0763201bb580,Dancer,SWSH08: Fusion Strike,1.38,0.06,2025,16,2009,2,0,1,51.6,True,swsh08-fusion-strike,232/264,Normal,Uncommon,https://cdn.poketrace.com/cards/8f8dea8de2403ccb.webp,0.08,1893,0.06,0.06,0,7.2,False,0,0,0,0,0,0,0,0,2025,2026-03-11T08:58:38Z,,
sv06-203,019bffb0-7846-73ed-b5ef-91078e51531c,Caretaker,SV06: Twilight Masquerade,1.13,0.88,2702,108,2594,2,2.5,1,51.6,True,sv06-twilight-masquerade,203/167,Holofoil,Ultra Rare,https://cdn.poketrace.com/cards/5ea8dd173e3fdec1.webp,0.88,2458,0.858,0.858,0,2.7,True,26,18,28,28,9.51,18,0,0,2702,2026-03-11T08:58:38Z,,
swsh12-008,019bffa2-09c0-7728-a27e-8c269bbb077b,Serperior VSTAR,SWSH12: Silver Tempest,1.26,1.27,4673,122,4551,2,10.6,1,51.6,True,swsh12-silver-tempest,008/195,Holofoil,Ultra Rare,https://cdn.poketrace.com/cards/4b4d0d13117884b9.webp,0.89,4135,1.136,1.136,0,5.2,True,35,30,0,0,14.5,28,17.658571,11.3248,4673,2026-03-11T08:58:38Z,,
sv08-201,019bffc8-5c95-757c-aede-07ccbb2d4f65,Cetitan,SV08: Surging Sparks,2.29,2.93,5015,254,4761,2,11.8,1,51.6,True,sv08-surging-sparks,201/191,Holofoil,Illustration Rare,https://cdn.poketrace.com/cards/d2a46bc9a7b94049.webp,2.22,4529,2.584,2.584,0,18.6,True,36,30,0,0,10.5,33,8.375,8.375,5015,2026-03-11T08:58:38Z,,
swsh4.5-SV112,019bff99-7af1-7262-a093-c3c1723501eb,Toxtricity V,Shining Fates: Shiny Vault,1.55,1.67,2407,192,2215,2,1.6,1,51.6,True,shining-fates-shiny-vault,SV112/SV122,Holofoil,Shiny Holo Rare,https://cdn.poketrace.com/cards/c2d2284460307c6f.webp,1.5,2084,1.644,1.644,0,9.8,True,45,33,46.0175,46.0175,14.99,21,0,0,2407,2026-03-11T08:58:38Z,,
ex8-24,019bff77-befc-77ae-b882-d38197854925,Seaking,Jungle,1.07,0.94,2956,3,2953,2,3.6,1,51.6,True,jungle,46/64,Unlimited,Uncommon,https://cdn.poketrace.com/cards/8341a83321e9e5cb.webp,0.62,751,0.906,0.906,0,1.5,False,0,0,0,0,0,0,0,0,2956,2026-03-11T08:58:38Z,,
sv05-199,019c3ac3-ec71-70da-b90e-9224608fc2ab,Eri,SV05: Temporal Forces,2.2,0.14,3834,17,3817,2,7.1,1,51.6,True,sv05-temporal-forces,146/162,Normal,Uncommon,https://cdn.poketrace.com/cards/9ee97fcb6d8b50e3.webp,0.11,3424,0.15,0.15,0,17.7,True,16.27,1,0,0,0,0,0,0,3834,2026-03-11T08:58:38Z,,
swsh7-185,019bff9a-8592-77ae-8865-7f9dc99af389,Medicham V,SWSH07: Evolving Skies,2.19,0.7,2466,73,2393,2,1.7,1,51.6,True,swsh07-evolving-skies,083/203,Holofoil,Ultra Rare,https://cdn.poketrace.com/cards/948b728e8466072b.webp,0.67,2085,0.688,0.688,0,17.6,True,70,9,0,0,9.99,6,4.214,4.214,2466,2026-03-11T08:58:38Z,,
swsh11-TG25,019bffa2-09bf-74f6-b7ec-ef3b1e08b5b4,Cook,SWSH11: Lost Origin Trainer Gallery,1.75,2.43,2070,113,1957,2,0,1,51.6,True,swsh11-lost-origin-trainer-gallery,TG25/TG30,Holofoil,Ultra Rare,https://cdn.poketrace.com/cards/77c957ee51638135.webp,1.52,1821,0,0,0,12.5,True,129.99,27,0,0,15,9,0,0,2070,2026-03-11T08:58:38Z,,
swsh10-165,019bff9e-cb4c-7581-bf72-e5988f3eea02,Heatran V,SWSH10: Astral Radiance,1.86,0.78,2345,85,2260,2,1.3,1,51.6,True,swsh10-astral-radiance,025/189,Holofoil,Ultra Rare,https://cdn.poketrace.com/cards/ac38e49dd9ef9ea5.webp,0.69,1979,0.79,0.79,0,13.9,True,40,11,0,0,19.99,15,0,0,2345,2026-03-11T08:58:38Z,,
swsh6-175,019bff9a-858b-718a-932a-0308c37c57be,Sandaconda V,SWSH06: Chilling Reign,1.56,0.65,2503,45,2458,2,1.8,1,51.6,True,swsh06-chilling-reign,089/198,Holofoil,Ultra Rare,https://cdn.poketrace.com/cards/2266fe7e8309c9fc.webp,0.69,2192,0.638,0.638,0,10,True,33,2,0,0,7.5,3,0,0,2503,2026-03-11T08:58:38Z,,
lc-65,019bff77-befc-77ae-b882-d5c8fa6f1d49,Tauros,Jungle,1.18,0.88,3068,138,2930,2,4.3,1,51.6,True,jungle,47/64,Unlimited,Uncommon,https://cdn.poketrace.com/cards/edca137b9287129f.webp,0.42,774,0.842,0.842,0,3.7,True,299,14,216.11858,173.73534,117.01,30,0,0,3068,2026-03-11T08:58:38Z,,
swsh3-118,019bff97-5467-7509-9dc2-1dc8cbd455ce,Scizor V,SWSH03: Darkness Ablaze,1.51,1.52,2236,145,2091,2,1.3,1,51.5,True,swsh03-darkness-ablaze,118/189,Holofoil,Ultra Rare,https://cdn.poketrace.com/cards/ca23ea66db61e5a2.webp,1.14,1938,1.54,1.54,0,9.2,True,84.99,27,79.995,79.995,12.005,24,0,0,2236,2026-03-11T08:58:38Z,,
tk-xy-b-25,019bff77-befa-771d-bab1-d0beddd1ef8f,Potion,Base Set,1.99,0.38,4878,177,4701,2,11.6,1,51.5,True,base-set,094/102,Normal,Common,https://cdn.poketrace.com/cards/6236d8e22036899c.webp,0.19,1307,0.336,0.336,0,15.4,True,95.39,35,0,0,27.99,26,30.673334,30.673334,4878,2026-03-11T08:58:38Z,,
swsh11-183,019bffa1-0211-748e-aa97-1becd44d0ab1,Galarian Perrserker V,SWSH11: Lost Origin,1.49,0.83,5449,76,5373,2,14,1,51.5,True,swsh11-lost-origin,129/196,Holofoil,Ultra Rare,https://cdn.poketrace.com/cards/cf5e7ddb9dfe0751.webp,0.67,4774,0.714,0.714,0,8.9,True,45,19,0,0,8,7,0,0,5449,2026-03-11T08:58:38Z,,
swsh9-097,019bff9d-c5dd-752a-bcc3-f0dfc6bf46db,Aggron VMAX,SWSH09: Brilliant Stars,2.27,2.27,2488,142,2346,2,2.3,1,51.5,True,swsh09-brilliant-stars,097/172,Holofoil,Ultra Rare,https://cdn.poketrace.com/cards/fd89d900ae84411f.webp,1.85,2204,2.218,2.218,0,18.3,True,37.57,29,40.385002,40.385002,25.99,21,0,0,2488,2026-03-11T08:58:38Z,,
swsh12-TG28,019bffa2-09c1-74ef-b464-62f71340c006,Sordward & Shielbert,SWSH12: Silver Tempest Trainer Gallery,2.5,1.39,1936,96,1840,2,0,3,51.5,True,swsh12-silver-tempest-trainer-gallery,TG28/TG30,Holofoil,Ultra Rare,https://cdn.poketrace.com/cards/05080bba021e42e0.webp,1.56,1719,2.575,3.0425,-15.37,20.5,True,18.5,28,31.284286,23.14,13.5,20,10.78,10.226389,1936,2026-03-11T08:58:38Z,,
swsh4.5-SV119,019bff99-7af1-7262-a094-1a093015fb5f,Ditto VMAX,Shining Fates,1.98,3.95,3411,309,3102,2,6,1,51.5,True,shining-fates,051/072,Holofoil,Ultra Rare,https://cdn.poketrace.com/cards/7825eee39bd48447.webp,2.96,2923,3.714,3.714,0,15.3,True,57.64,32,70.94572,70.94572,28.47,22,0,0,3411,2026-03-11T08:58:38Z,,
swsh4.5-SV115,019bff99-7af1-7262-a093-d0907b7f61da,Falinks V,Shining Fates: Shiny Vault,1.29,1.35,2451,185,2266,2,2.4,1,51.5,True,shining-fates-shiny-vault,SV115/SV122,Holofoil,Shiny Holo Rare,https://cdn.poketrace.com/cards/13bb266795cbe69a.webp,1.42,2147,1.382,1.382,0,5.7,True,35,28,32.495,32.495,24.99,23,0,0,2451,2026-03-11T08:58:38Z,,
swsh12-136,019bffa2-09c0-7728-a27e-f63eb7773d63,Regidrago VSTAR,SWSH12: Silver Tempest,1.23,0.96,1954,153,1801,2,0,1,51.5,True,swsh12-silver-tempest,136/195,Holofoil,Ultra Rare,https://cdn.poketrace.com/cards/bb33b161af7b6875.webp,1.15,1383,0.96,0.96,0,4.6,True,20.99,29,0,0,19.99,26,0,0,1954,2026-03-11T08:58:38Z,,
ecard1-155,019bff7e-fc51-74ac-aafd-fe716a105f30,Moo-Moo Milk,Neo Genesis,1.03,0.59,2618,4,2614,2,2.7,1,51.5,True,neo-genesis,101/111,Unlimited,Common,https://cdn.poketrace.com/cards/9eecab1850831aea.webp,0.33,884,0.574,0.574,0,0.7,True,0,0,0,0,40,3,0,0,2615,2026-03-11T08:58:38Z,,
swsh6-113,019bff9a-858c-73e2-9d33-5498ce5e6266,Metagross VMAX,SWSH06: Chilling Reign,1.85,1.83,2267,121,2146,2,1.5,1,51.5,True,swsh06-chilling-reign,113/198,Holofoil,Ultra Rare,https://cdn.poketrace.com/cards/0d69b6733b57ecdb.webp,2.14,1920,1.858,1.858,0,13.8,True,25,30,0,0,16,9,0,0,2267,2026-03-11T08:58:38Z,,
swsh10-114,019bff9e-cb4c-7581-bf74-441af40100c2,Origin Forme Dialga VSTAR,SWSH10: Astral Radiance,1.48,1.48,2099,138,1961,2,0.8,1,51.5,True,swsh10-astral-radiance,114/189,Holofoil,Ultra Rare,https://cdn.poketrace.com/cards/6ba5ebe1e6eba556.webp,1.35,1815,1.468,1.468,0,8.8,True,1200,30,631.235,631.235,29.99,24,0,0,2099,2026-03-11T08:58:38Z,,
swsh4.5-SV120,019bff99-7af1-7262-a093-f3a280c98eca,Dubwool V,Shining Fates: Shiny Vault,1.32,1.08,2128,173,1955,2,1.1,1,51.5,True,shining-fates-shiny-vault,SV120/SV122,Holofoil,Shiny Holo Rare,https://cdn.poketrace.com/cards/3bee586e3b1b5089.webp,1,1860,1.068,1.068,0,6.2,True,30,37,28.013334,28.013334,14.01,24,0,0,2128,2026-03-11T08:58:38Z,,
base1-28,019bff77-bef9-75ac-b16b-3012cecb99ac,Growlithe,Base Set,1.17,1.17,4292,170,4122,2,9.4,1,51.5,True,base-set,028/102,Normal,Uncommon,https://cdn.poketrace.com/cards/09ac3e0a01a8dbc2.webp,0.75,865,1.06,1.06,0,3.5,True,100,29,0,0,15.5,25,18,18,4292,2026-03-11T08:58:38Z,,
g1-RC8,019bff89-bc5f-7465-922f-f60ec576ac38,Froslass,Generations: Radiant Collection,1.1,2.87,1795,88,1707,2,0,3,51.4,True,generations-radiant-collection,RC8/RC32,Holofoil,Uncommon,https://cdn.poketrace.com/cards/9f952200188a5512.webp,2.04,753,3.6335714,3.6335714,0,2.1,True,500,8,216.28714,216.28714,13.5,16,26.75,26.75,1745,2026-03-11T08:58:38Z,,
swsh7-201,019bffa2-09c1-74ef-b464-52bad1dc0b32,Gordie,SWSH12: Silver Tempest Trainer Gallery,1.81,1.58,1738,122,1616,2,0,3,51.4,True,swsh12-silver-tempest-trainer-gallery,TG24/TG30,Holofoil,Ultra Rare,https://cdn.poketrace.com/cards/b16c693e75834579.webp,1.65,1507,3.0985713,3.1139286,-0.49,13.2,True,30,28,0,0,10.5,19,10.105714,11.687058,1738,2026-03-11T08:58:38Z,,
sm3.5-3,019bff77-bef9-75ac-b16a-fbd1be49e37c,Venusaur,Base Set,1.24,140.87,2501,551,1950,2,2.7,1,51.4,True,base-set,015/102,Holofoil,Holo Rare,https://cdn.poketrace.com/cards/39eaccca1bcf6d67.webp,96.74,160,137.022,137.022,0,4.8,True,3356,36,2970.2476,2970.2476,545,41,510.46643,512.3096,2501,2026-03-11T08:58:38Z,,
ex6-35,019bff77-bef9-75ac-b16b-3d2915198b75,Ivysaur,Base Set,1.91,3.9,4696,240,4456,2,11.4,1,51.4,True,base-set,030/102,Normal,Uncommon,https://cdn.poketrace.com/cards/fcda2269874a1b74.webp,1.49,1105,4.346,4.346,0,14.4,True,163.7,28,124.09,124.09,52,21,36,36,4696,2026-03-11T08:58:38Z,,
sm115-20,019bff93-f259-713f-b49e-7a3305239350,Raichu GX,Hidden Fates,2.03,2,2318,307,2011,2,2.2,1,51.4,True,hidden-fates,20/68,Holofoil,Ultra Rare,https://cdn.poketrace.com/cards/f0cf09170888558e.webp,1.61,1791,1.956,1.956,0,15.8,True,45,32,42.898,42.898,19.95,32,19.7575,19.7575,2318,2026-03-11T08:58:38Z,,
swsh2-176,019bff97-5468-75b8-868f-785d69e5517b,Eldegoss V,Champion's Path,2.07,0.74,1898,81,1817,2,0.3,1,51.4,True,champions-path,05/73,Holofoil,Ultra Rare,https://cdn.poketrace.com/cards/88466d2926627250.webp,0.8,1678,0.742,0.742,0,16.2,True,20,25,0,0,12,26,8.585714,10.971458,1898,2026-03-11T08:58:38Z,,
swsh10-050,019bff9e-cb4c-7581-bf73-49a03fcea700,Luxray V,SWSH10: Astral Radiance,1.86,1.84,2839,151,2688,2,4,1,51.4,True,swsh10-astral-radiance,050/189,Holofoil,Ultra Rare,https://cdn.poketrace.com/cards/2620c4549b9c9e23.webp,1.7,2452,1.766,1.766,0,13.9,True,150,11,0,0,39.99,22,0,0,2839,2026-03-11T08:58:38Z,,
sm6-113,019c3ac3-ec6c-77ac-9eb2-51b24cf0e116,Mysterious Treasure,SM - Forbidden Light,2.23,2.23,1931,29,1902,2,0.5,1,51.4,True,sm-forbidden-light,113/131,Normal,Uncommon,https://cdn.poketrace.com/cards/f035c2a80e61d9e9.webp,2.28,763,2.218,2.218,0,17.9,False,0,0,0,0,0,0,0,0,1931,2026-03-11T08:58:38Z,,
swshp-SWSH015,019bff99-7af0-71d4-a48e-775d54da169e,Cinderace V,Shining Fates,1.28,0.62,3191,112,3079,2,5.8,1,51.4,True,shining-fates,018/072,Holofoil,Ultra Rare,https://cdn.poketrace.com/cards/487cb96e6f2c408e.webp,0.74,2757,0.656,0.656,0,5.5,True,19.01,21,26.72,22.528158,14.99,12,0,0,3191,2026-03-11T08:58:38Z,,
base4-64,019bff77-befc-77ae-b882-d86ccd1ad26c,Weepinbell,Jungle,1.06,0.47,4384,150,4234,2,10.2,1,51.4,True,jungle,48/64,Unlimited,Uncommon,https://cdn.poketrace.com/cards/b8a4728c7aec42e9.webp,0.44,856,0.518,0.518,0,1.3,True,149.99,28,207.54286,115.53767,31,29,34.127144,33.052002,4266,2026-03-11T08:58:38Z,,
swsh4-166,019bff98-542a-729b-9793-993153b36135,Orbeetle V,SWSH04: Vivid Voltage,1.81,0.73,3545,90,3455,2,6.8,1,51.4,True,swsh04-vivid-voltage,020/185,Holofoil,Ultra Rare,https://cdn.poketrace.com/cards/16ce21b8627f4ff6.webp,0.61,3007,0.68,0.68,0,13.2,True,29,31,26.5,26.5,5.24,15,7.812857,8.495,3545,2026-03-11T08:58:38Z,,
swsh6-125,019bff9a-8590-7083-8ab1-fcf8566fdd21,Tornadus VMAX,SWSH06: Chilling Reign,1.49,1.49,2600,95,2505,2,3.2,1,51.4,True,swsh06-chilling-reign,125/198,Holofoil,Ultra Rare,https://cdn.poketrace.com/cards/f8df3e0eb1f903df.webp,1.39,2289,1.442,1.442,0,8.9,True,36,27,38.753334,38.753334,24.99,7,0,0,2600,2026-03-11T08:58:38Z,,
swsh9-045,019bff9d-c5dd-752a-bcc3-2aa70f5989d1,Raichu V,SWSH09: Brilliant Stars,1.25,1.24,3631,199,3432,2,7.1,1,51.4,True,swsh09-brilliant-stars,045/172,Holofoil,Ultra Rare,https://cdn.poketrace.com/cards/27b125481268995c.webp,1.29,3182,1.152,1.152,0,5,True,40,30,0,0,20.5,23,13.715714,11.959545,3631,2026-03-11T08:58:38Z,,
swsh3-21,019bff97-5467-7509-9dc0-9651c6f04041,Houndoom V,SWSH03: Darkness Ablaze,1.66,1.63,2135,147,1988,2,1.6,1,51.4,True,swsh03-darkness-ablaze,021/189,Holofoil,Ultra Rare,https://cdn.poketrace.com/cards/d756f96664a47749.webp,1.55,1808,1.604,1.604,0,11.3,True,39.99,32,48.663334,48.663334,25,30,23.1175,23.1175,2135,2026-03-11T08:58:38Z,,
swsh3-184,019bff97-5467-7509-9dc2-5e8705c64cbb,Galarian Stunfisk V,SWSH03: Darkness Ablaze,1.4,0.64,1973,76,1897,2,1.3,1,51.3,True,swsh03-darkness-ablaze,128/189,Holofoil,Ultra Rare,https://cdn.poketrace.com/cards/a4485ccc9e1bb399.webp,0.73,1663,0.632,0.632,0,7.5,True,30,29,30,30,17.84,22,0,0,1973,2026-03-11T08:58:38Z,,
sv06-206,019bffb0-7846-73ed-b5ef-9e8fe5e34cbc,Kieran,SV06: Twilight Masquerade,2.17,2.11,3382,166,3216,2,6.8,1,51.3,True,sv06-twilight-masquerade,206/167,Holofoil,Ultra Rare,https://cdn.poketrace.com/cards/3115fbedf5fe6086.webp,2.22,3014,2.254,2.254,0,17.3,True,40,35,35,35,9.99,33,8.747499,8.747499,3382,2026-03-11T08:58:38Z,,
swsh7-58,019bff9b-b935-713a-8620-99f72e6ea663,Dracozolt V,SWSH07: Evolving Skies,1.11,1.11,2648,80,2568,2,4.1,1,51.3,True,swsh07-evolving-skies,058/203,Holofoil,Ultra Rare,https://cdn.poketrace.com/cards/d930914acc8f3fd3.webp,1.1,2348,1.064,1.064,0,2.3,True,117.5,8,0,0,10,6,9.9,9.9,2648,2026-03-11T08:58:38Z,,
sm9-76,019bff77-befb-757f-890c-ec569874524d,Omastar,Fossil,1.21,1.21,3253,118,3135,2,6.6,1,51.3,True,fossil,40/62,Unlimited,Uncommon,https://cdn.poketrace.com/cards/47143b541bdea43d.webp,0.69,694,1.13,1.13,0,4.2,True,170,23,0,0,27.77,24,0,0,3253,2026-03-11T08:58:38Z,,
xy5-125,019c3ac3-ec6a-771e-9cff-cff71cdeaab4,Dive Ball,XY - Primal Clash,1.64,1.64,1880,18,1862,2,0.7,1,51.3,True,xy-primal-clash,125/160,Normal,Uncommon,https://cdn.poketrace.com/cards/cc5c9ec638afbae0.webp,1.19,868,1.628,1.628,0,11,False,0,0,0,0,0,0,0,0,1880,2026-03-11T08:58:38Z,,
sm5-94,019bffc8-5c96-75dc-b3b7-740a1029c658,Tapu Lele,SV08: Surging Sparks,1.07,0.22,1660,23,1637,2,0,1,51.3,True,sv08-surging-sparks,092/191,Reverse_Holofoil,Rare,https://cdn.poketrace.com/cards/3580c5ffb36d9454.webp,0.19,1573,0.22,0.22,0,1.5,True,25,1,0,0,0,0,0,0,1658,2026-03-11T08:58:38Z,,
swsh10-018,019bff9e-cb4c-7581-bf72-cbabd909c245,Hisuian Lilligant VSTAR,SWSH10: Astral Radiance,1.35,1.35,1757,64,1693,2,0.4,1,51.3,True,swsh10-astral-radiance,018/189,Holofoil,Ultra Rare,https://cdn.poketrace.com/cards/5214d23de13e64d7.webp,1.12,1485,1.356,1.356,0,6.7,True,30,11,0,0,23.5,8,0,0,1757,2026-03-11T08:58:38Z,,
xy12-32,019bff8b-8e0e-7604-a509-1587c010b57b,Starmie BREAK,XY - Evolutions,2.26,2.26,1799,127,1672,2,0.5,1,51.3,True,xy-evolutions,32/108,Holofoil,Rare BREAK,https://cdn.poketrace.com/cards/f99aac71e27290df.webp,1.43,1044,2.248,2.248,0,18.2,True,72.23,31,76.11,76.11,19.19,23,21.726667,21.726667,1799,2026-03-11T08:58:38Z,,
xy1-121,019c3ac3-ec67-74f4-b256-3b82c570cd3a,Muscle Band,XY Base Set,2.4,2.4,1908,38,1870,2,1.2,1,51.3,True,xy-base-set,121/146,Normal,Uncommon,https://cdn.poketrace.com/cards/7748fbccc09a79d6.webp,2.37,413,2.37,2.37,0,19.5,False,0,0,0,0,0,0,0,0,1908,2026-03-11T08:58:38Z,,
base4-55,019bff77-befc-77ae-b882-bfde47b91a9e,Parasect,Jungle,1.09,0.77,3350,1,3349,2,6.5,1,51.3,True,jungle,41/64,Unlimited,Uncommon,https://cdn.poketrace.com/cards/a447b2c86b13ae16.webp,0.46,770,0.82,0.82,0,1.9,True,0,0,0,0,26.75,1,0,0,3349,2026-03-11T08:58:38Z,,
sm8-142,019bff89-bc5f-7465-922f-fdb2b0949fa8,Dedenne,Generations: Radiant Collection,2.09,14.03,1896,109,1787,2,1.1,1,51.3,True,generations-radiant-collection,RC10/RC32,Holofoil,Uncommon,https://cdn.poketrace.com/cards/6babf575860bbb56.webp,10.22,688,13.88,13.88,0,16.4,True,999.99,8,0,0,110,18,0,0,1896,2026-03-11T08:58:38Z,,
dp4-32,019bff77-befb-757f-890a-e26b420e776a,Wigglytuff,Base Set 2,1.99,12.12,2056,217,1839,2,1.8,1,51.3,True,base-set-2,019/130,Holofoil,Holo Rare,https://cdn.poketrace.com/cards/a62466bd39f5cfc6.webp,9.38,270,11.906,11.906,0,15.3,True,150,1,0,0,189.995,10,0,0,2056,2026-03-11T08:58:38Z,,
swshp-SWSH108,019bff99-7af1-7262-a097-148306420af8,Empoleon V,SWSH05: Battle Styles,1.08,0.84,2347,112,2235,2,3.3,1,51.2,True,swsh05-battle-styles,040/163,Holofoil,Ultra Rare,https://cdn.poketrace.com/cards/62f3c3e615901f27.webp,0.84,2032,0.812,0.812,0,1.7,True,24.99,14,0,0,17.5,9,0,0,2298,2026-03-11T08:58:38Z,,
swsh4.5-SV116,019bff99-7af1-7262-a093-db2af601c723,Grimmsnarl V,Shining Fates: Shiny Vault,1.52,1.62,2430,193,2237,2,3.6,1,51.2,True,shining-fates-shiny-vault,SV116/SV122,Holofoil,Shiny Holo Rare,https://cdn.poketrace.com/cards/df15df43ef093161.webp,1.48,2097,1.678,1.678,0,9.3,True,28,32,27.503334,27.503334,33.06,23,0,0,2430,2026-03-11T08:58:38Z,,
ex7-68,019bff7e-1601-757e-bd30-34c52c7ad362,Marill,WoTC Promo,1.08,5.36,1648,186,1462,2,0.7,1,51.2,True,wotc-promo,29/53,Normal,Promo,https://cdn.poketrace.com/cards/77db87421977bff0.webp,2.77,524,5.396,5.396,0,1.7,True,175,32,134.1575,134.1575,39,25,0,0,1592,2026-03-11T08:58:38Z,,
me02-102,019bffa9-14a3-7617-8a43-c7690bfa0939,Paldean Wooper,SV02: Paldea Evolved,1.94,9.03,2307,191,2116,2,3.1,1,51.2,True,sv02-paldea-evolved,221/193,Holofoil,Illustration Rare,https://cdn.poketrace.com/cards/3591f840b4fe0841.webp,8.12,1870,9.306,9.306,0,14.7,True,150,29,144.33333,144.33333,24.93,28,27.460001,27.460001,2307,2026-03-11T08:58:38Z,,
sm115-14,019bff93-f259-713f-b49e-60a506f80405,Starmie GX,Hidden Fates,1.51,1.51,1872,249,1623,2,1.5,1,51.2,True,hidden-fates,14/68,Holofoil,Ultra Rare,https://cdn.poketrace.com/cards/345971498204d912.webp,1.6,1534,1.488,1.488,0,9.2,True,65.2,31,58.733334,58.733334,25,29,16.97,16.97,1872,2026-03-11T08:58:38Z,,
base1-33,019bff77-bef9-75ac-b16b-4b5d7c1d43fa,Kakuna,Base Set,1.81,1.81,3259,133,3126,2,7,1,51.2,True,base-set,033/102,Normal,Uncommon,https://cdn.poketrace.com/cards/3de06477078bba0d.webp,0.68,798,1.684,1.684,0,13.2,True,85,30,86,86,47.9,21,36.45,36.45,3259,2026-03-11T08:58:38Z,,
swsh6-180,019bff9a-858b-718a-932a-581dd5188f70,Liepard V,SWSH06: Chilling Reign,2.16,0.77,2298,67,2231,2,2.9,1,51.2,True,swsh06-chilling-reign,104/198,Holofoil,Ultra Rare,https://cdn.poketrace.com/cards/0b97ce56c52b8a5b.webp,0.86,1909,0.792,0.792,0,17.1,True,49,6,0,0,10.5,6,0,0,2298,2026-03-11T08:58:38Z,,
swsh9-065,019bff9d-c5dd-752a-bcc3-79114fc74fdc,Whimsicott VSTAR,SWSH09: Brilliant Stars,1.19,1.16,3098,112,2986,2,6,1,51.2,True,swsh09-brilliant-stars,065/172,Holofoil,Ultra Rare,https://cdn.poketrace.com/cards/7157a41fd72e75da.webp,1.01,2663,1.09,1.09,0,3.9,True,49.95,30,32.138573,21.1025,8.28,19,6.63,7.579412,3098,2026-03-11T08:58:38Z,,
base4-51,019bff77-befb-757f-890c-e933d6503090,Magmar,Fossil,1.36,0.81,4517,8,4509,2,12.1,1,51.2,True,fossil,39/62,Unlimited,Uncommon,https://cdn.poketrace.com/cards/ee401a96fba7af30.webp,0.46,1014,0.908,0.908,0,6.8,True,0,0,0,0,20.5,1,0,0,4517,2026-03-11T08:58:38Z,,
xy5-141,019c3ac3-ec6a-771e-9d00-0fe7d9bfb262,Teammates,XY - Primal Clash,2.57,2.57,2250,18,2232,2,3,1,51.2,True,xy-primal-clash,141/160,Normal,Uncommon,https://cdn.poketrace.com/cards/8137519c5dbbb813.webp,1.8,803,2.646,2.646,0,21,True,0,0,0,0,8.99,1,0,0,2250,2026-03-11T08:58:38Z,,
sv04-058,019bff8b-8e0e-7604-a509-6738d82c40b9,Mewtwo ex,XY - Evolutions,1.88,6.59,2503,249,2254,2,3.7,1,51.2,True,xy-evolutions,52/108,Holofoil,Ultra Rare,https://cdn.poketrace.com/cards/aa252d9fda2144b4.webp,5.39,1568,6.346,6.346,0,14,True,91.5,39,83.80357,80.754585,35.81,26,25.390715,25.655626,2503,2026-03-11T08:58:38Z,,
swsh8-79,019bff9c-c081-7545-beeb-aedb20e7c754,Inteleon VMAX,SWSH08: Fusion Strike,1.96,1.95,3086,141,2945,2,6.3,1,51.2,True,swsh08-fusion-strike,079/264,Holofoil,Ultra Rare,https://cdn.poketrace.com/cards/4094bd8bd7ef37c3.webp,1.55,2668,1.828,1.828,0,15,True,63.12,30,0,0,9.99,27,13.495,13.495,3086,2026-03-11T08:58:38Z,,
base1-82,019bff77-befa-771d-bab1-a9284fb40842,Full Heal,Base Set,2.35,2.35,2531,195,2336,2,4.1,1,51.2,True,base-set,082/102,Normal,Uncommon,https://cdn.poketrace.com/cards/c4f0b77f58130063.webp,0.85,736,2.254,2.254,0,19,True,319.14,33,0,0,105,37,0,0,2531,2026-03-11T08:58:38Z,,
ex6-20,019bff77-befb-757f-890c-cf7e8816080c,Cloyster,Fossil,1.63,0.94,3530,133,3397,2,7.9,1,51.2,True,fossil,32/62,Unlimited,Uncommon,https://cdn.poketrace.com/cards/c9914aceb19a7952.webp,0.55,779,1.014,1.014,0,10.9,True,120,22,110,110,25,23,47.563,47.563,3530,2026-03-11T08:58:38Z,,
swsh3.5-72,019bff98-5429-740e-8c1c-d1ab86331fbb,Grapploct V,Champion's Path,1.32,0.71,1739,89,1650,2,1.4,1,51.1,True,champions-path,32/73,Holofoil,Ultra Rare,https://cdn.poketrace.com/cards/972d6d001d2b1afc.webp,0.97,1527,0.7,0.7,0,6.2,True,21.5,29,26.666666,26.666666,14.1,28,0,0,1739,2026-03-11T08:58:38Z,,
lc-100,019bff7b-60a8-766b-9d0b-84e30417be74,Full Heal Energy,Team Rocket,1.06,0.81,1675,43,1632,2,1,1,51.1,True,team-rocket,81/82,Unlimited,Uncommon,https://cdn.poketrace.com/cards/a7e7eb4a23f171cc.webp,0.44,445,0.802,0.802,0,1.3,True,23.5,2,25,25,7.1,8,20.389286,20.389286,1654,2026-03-11T08:58:38Z,,
sv04.5-190,019bffa9-14a3-7617-8a43-cf8ccfeace64,Grafaiai,SV02: Paldea Evolved,1.9,5.63,1973,145,1828,2,2.1,1,51.1,True,sv02-paldea-evolved,223/193,Holofoil,Illustration Rare,https://cdn.poketrace.com/cards/b2331a74a0349865.webp,5.24,1616,5.75,5.75,0,14.2,True,44,30,63.25,63.25,15.5,28,16.130001,16.130001,1973,2026-03-11T08:58:38Z,,
g1-RC22,019bff89-bc5f-7465-9230-32daffe1aeba,Diancie,Generations: Radiant Collection,1.64,4.42,1530,79,1451,2,0.3,1,51.1,True,generations-radiant-collection,RC22/RC32,Holofoil,Uncommon,https://cdn.poketrace.com/cards/72e7eeb60dd05142.webp,3.4,580,4.434,4.434,0,11,True,358.56,10,112.42857,146.33221,40,17,29.2,29.2,1530,2026-03-11T08:58:38Z,,
swsh9-114,019bff9d-c5dd-752a-bcc4-36c6de7ffc32,Dracovish V,SWSH09: Brilliant Stars,1.16,1.01,3138,99,3039,2,6.9,1,51.1,True,swsh09-brilliant-stars,114/172,Holofoil,Ultra Rare,https://cdn.poketrace.com/cards/bf6f71982903dac2.webp,0.72,2790,0.94,0.94,0,3.3,True,45,17,0,0,15.51,4,0,0,3138,2026-03-11T08:58:38Z,,
sm8-126,019bff81-ba59-7208-a49a-b461b9de3e50,Scizor,WoTC Promo,2.21,16.1,1653,161,1492,2,1,1,51.1,True,wotc-promo,33/53,Normal,Promo,https://cdn.poketrace.com/cards/fa2a386dd47ac410.webp,11.12,705,15.936,15.936,0,17.6,True,210,30,0,0,59.95,22,0,0,1653,2026-03-11T08:58:38Z,,
base5-43,019bff7a-78f3-7153-ae66-2f3d6e3541ed,Dark Primeape,Team Rocket,1.93,1.82,1937,11,1926,2,2.1,1,51.1,True,team-rocket,43/82,Unlimited,Uncommon,https://cdn.poketrace.com/cards/3317fb3229090819.webp,1.1,502,1.782,1.782,0,14.6,False,0,0,0,0,0,0,0,0,1937,2026-03-11T08:58:38Z,,
base2-45,019bff77-befc-77ae-b882-ccf1e283864e,Rhydon,Jungle,1.04,0.94,3575,18,3557,2,8.5,1,51.1,True,jungle,45/64,Unlimited,Uncommon,https://cdn.poketrace.com/cards/ac2f109980caf9ac.webp,0.58,800,1.02,1.02,0,0.9,True,0,0,0,0,75,1,0,0,3572,2026-03-11T08:58:38Z,,
sv07-163,019bffb5-343c-76dd-8c13-055e69135fde,Briar,SV07: Stellar Crown,2.23,1.59,4880,174,4706,2,13.7,0,51.1,True,sv07-stellar-crown,163/142,Holofoil,Ultra Rare,https://cdn.poketrace.com/cards/438f289f12f65ad7.webp,1.56,4368,1.808,1.808,0,17.8,True,25,31,22.166666,22.166666,15.99,26,0,0,4880,2026-03-11T08:58:38Z,,
swsh4.5-38,019bff99-7af1-7262-a093-5b4d7113e42c,Morpeko VMAX,Shining Fates,2.09,2.09,2865,228,2637,2,5.8,0,51.1,True,shining-fates,038/072,Holofoil,Ultra Rare,https://cdn.poketrace.com/cards/ff2d3cd63a88b540.webp,2.06,2539,2.212,2.212,0,16.4,True,44.55,39,35.255,35.255,10,21,13.057143,10.7481575,2865,2026-03-11T08:58:38Z,,
me01-145,019bffac-ba78-77ae-9c13-2141de11de0e,Houndstone,SV: Paldean Fates,2.14,1.69,1329,58,1271,2,0,1,51.1,True,sv-paldean-fates,168/091,Holofoil,Shiny Rare,https://cdn.poketrace.com/cards/7733ee762c59078a.webp,1.5,1213,1.69,1.69,0,16.9,True,32.99,9,26.632856,28.30375,7.5,4,11.833333,11.833333,1329,2026-03-11T08:58:38Z,,
gym2-62,019bff78-a647-717f-a4e4-0538467fad5d,Blaine's Growlithe,Gym Challenge,1.79,1.7,1545,73,1472,2,0.4,1,51.1,True,gym-challenge,062/132,Unlimited,Common,https://cdn.poketrace.com/cards/2aaa9fab1f340fe2.webp,1.17,698,1.706,1.706,0,12.9,True,54.99,15,47.454285,47.110714,30,12,17.755714,18.912727,1545,2026-03-11T08:58:38Z,,
hgss1-29,019bff77-befb-757f-890c-f14f7474e28d,Sandslash,Fossil,1.13,0.97,3304,108,3196,2,7.4,1,51.1,True,fossil,41/62,Unlimited,Uncommon,https://cdn.poketrace.com/cards/566c729f09b40c49.webp,0.63,750,1.042,1.042,0,2.7,True,105,15,67.524284,56.236,27,24,26.387142,20.4512,3304,2026-03-11T08:58:38Z,,
base5-41,019bff79-8e11-736b-b11d-03b6be8e5df2,Dark Muk,Team Rocket,2.38,1.52,1976,59,1917,2,2.1,1,51.1,True,team-rocket,41/82,Unlimited,Uncommon,https://cdn.poketrace.com/cards/3611fb3b00ab48bd.webp,0.94,438,1.488,1.488,0,19.2,True,15,2,49.99,49.99,24.99,12,15.124286,21.081333,1976,2026-03-11T08:58:38Z,,
swsh10-001,019bff9e-cb4c-7581-bf72-86c9d0049ff1,Beedrill V,SWSH10: Astral Radiance,1.04,1.05,2583,66,2517,2,4.8,1,51.1,True,swsh10-astral-radiance,001/189,Holofoil,Ultra Rare,https://cdn.poketrace.com/cards/a465a1b24643d27d.webp,0.85,2267,1.1,1.1,0,0.9,True,23.5,8,25.124287,25.124287,19.99,8,0,0,2560,2026-03-11T08:58:38Z,,
swsh3.5-8,019bff97-5468-75b8-868f-4eadc56309c9,Incineroar V,Champion's Path,1.21,1.21,1710,107,1603,2,2,1,51,True,champions-path,08/73,Holofoil,Ultra Rare,https://cdn.poketrace.com/cards/2b94fc7bb6ed3580.webp,1.27,1482,1.186,1.186,0,4.2,True,40,27,40,40,19.99,25,17.886667,17.886667,1710,2026-03-11T08:58:38Z,,
swshp-SWSH266,019bffa2-09c0-7728-a27e-38818f2180ec,Deoxys V,SWSH: Sword & Shield Promo Cards,1.87,1.61,1591,68,1523,2,1.4,1,51,True,swsh-sword-and-shield-promo-cards,SWSH266,Holofoil,Promo,https://cdn.poketrace.com/cards/2af868d66c72acca.webp,1.71,1317,1.632,1.632,0,13.9,True,140,2,179.995,179.995,0,0,0,0,1591,2026-03-11T08:58:38Z,,
swsh1-139,019bff9f-d1f6-73bc-9afe-bb17516a4294,Zamazenta V,SWSH10: Astral Radiance Trainer Gallery,1.01,6.85,1266,91,1175,2,0,1,51,True,swsh10-astral-radiance-trainer-gallery,TG22/TG30,Holofoil,Ultra Rare,https://cdn.poketrace.com/cards/9bdddbb331ea1473.webp,5.8,1043,6.85,6.85,0,0.2,True,45.99,30,43.995003,43.995003,24.99,23,0,0,1196,2026-03-11T08:58:38Z,,
g1-RC19,019bff89-bc5f-7465-9230-23c260be441a,Swirlix,Generations: Radiant Collection,2.52,7.85,1658,76,1582,2,1.8,1,51,True,generations-radiant-collection,RC19/RC32,Holofoil,Uncommon,https://cdn.poketrace.com/cards/7dbb99ccb63e7586.webp,6.49,650,7.71,7.71,0,20.5,True,275,7,120.646,120.646,25,7,32.5,32.5,1658,2026-03-11T08:58:38Z,,
pl3-50,019bff77-bef9-75ac-b16b-1dfb59e80b55,Arcanine,Base Set,2.23,3.02,3894,230,3664,2,10.5,1,51,True,base-set,023/102,Normal,Uncommon,https://cdn.poketrace.com/cards/bf03e8b08c598353.webp,1.46,864,3.338,3.338,0,17.8,True,245,28,243.25,243.25,62,25,65.15357,67.00938,3894,2026-03-11T08:58:38Z,,
swsh4.5-SV088,019c0000-679a-751f-a892-143aee799885,Galarian Stunfisk,SV09: Journey Together,1.82,0.19,1216,10,1206,2,0,1,51,True,sv09-journey-together,106/159,Reverse_Holofoil,Common,https://cdn.poketrace.com/cards/fd1b1acbfc13b1cc.webp,0.18,1181,0.19,0.19,0,13.3,False,0,0,0,0,0,0,0,0,1216,2026-03-11T08:58:38Z,,
swsh5-19,019bff99-7af1-7262-a095-fa3ab1b01f4a,Flapple VMAX,SWSH05: Battle Styles,1.81,1.81,1820,98,1722,2,2,1,51,True,swsh05-battle-styles,019/163,Holofoil,Ultra Rare,https://cdn.poketrace.com/cards/5e747f76422eda61.webp,1.7,1583,1.846,1.846,0,13.1,True,23.5,21,28.637144,25.59921,9.09,9,11.411428,10.9225,1820,2026-03-11T08:58:38Z,,
sv04.5-106,019bffac-ba78-77ae-9c12-25177b78a1c3,Capsakid,SV: Paldean Fates,2.53,1.93,1421,60,1361,2,0.7,1,51,True,sv-paldean-fates,106/091,Holofoil,Shiny Rare,https://cdn.poketrace.com/cards/3ec6b1fa12cb994f.webp,1.83,1320,1.916,1.916,0,20.6,True,49.95,12,29.914286,28.218182,12.99,3,9.135,9.135,1421,2026-03-11T08:58:38Z,,
swsh3.5-16,019bff97-5468-75b8-868f-446aee1ff075,Gardevoir V,Champion's Path,1.6,1.64,2867,131,2736,2,6.1,1,51,True,champions-path,16/73,Holofoil,Ultra Rare,https://cdn.poketrace.com/cards/72d8fb816625a599.webp,1.32,2484,1.54,1.54,0,10.4,True,41,29,0,0,25,18,0,0,2867,2026-03-11T08:58:38Z,,
swsh4.5-SV108,019bff99-7af1-7262-a093-ab113d6df074,Centiskorch V,Shining Fates: Shiny Vault,1.55,1.15,2368,157,2211,2,4.2,1,51,True,shining-fates-shiny-vault,SV108/SV122,Holofoil,Shiny Holo Rare,https://cdn.poketrace.com/cards/78e5ecfe1dbd206d.webp,1.13,2119,1.102,1.102,0,9.7,True,25,30,0,0,13.5,26,0,0,2368,2026-03-11T08:58:38Z,,
ex2-47,019bff7e-fc51-74ac-aaff-0de59c05d9ae,Murkrow,Neo Revelation,1.5,0.74,1642,45,1597,2,1.6,1,51,True,neo-revelation,46/64,Unlimited,Common,https://cdn.poketrace.com/cards/c2f414791fe41573.webp,0.62,369,0.752,0.752,0,9,True,65,5,76.37572,65.144,25,4,17.637142,23.136957,1642,2026-03-11T08:58:38Z,,
xy12-112,019bff8b-8e0e-7604-a50a-56278763c73d,Imakuni?'s Doduo,XY - Evolutions,2.38,2.38,2649,166,2483,2,5.4,1,51,True,xy-evolutions,112/108,Normal,Secret Rare,https://cdn.poketrace.com/cards/befb00538973c7f8.webp,1.88,1624,2.252,2.252,0,19.2,True,125,33,124.707,124.707,21.5,25,23.5,23.5,2649,2026-03-11T08:58:38Z,,
swsh4.5-69,019bff9f-d1f7-75bf-a521-9dd249200d3a,Piers,SWSH10: Astral Radiance Trainer Gallery,1.82,4.05,1421,114,1307,2,0.5,1,51,True,swsh10-astral-radiance-trainer-gallery,TG28/TG30,Holofoil,Ultra Rare,https://cdn.poketrace.com/cards/07981fdc3a15f825.webp,3.24,1184,4.072,4.072,0,13.3,True,28,30,30.833334,30.833334,25,18,18.833334,18.833334,1421,2026-03-11T08:58:38Z,,
base5-73,019bff83-863d-7188-8d83-9d2399f8876f,The Boss's Way,Team Rocket,1.22,0.95,1756,60,1696,2,1.9,1,51,True,team-rocket,73/82,Unlimited,Uncommon,https://cdn.poketrace.com/cards/6d2f2b1a839c4735.webp,0.58,495,0.968,0.968,0,4.4,True,29.99,3,0,0,17.99,7,0,0,1756,2026-03-11T08:58:38Z,,
bw1-5,019bff81-ba5a-741b-bef4-8e48112cfcbd,Serperior,Legendary Treasures: Radiant Collection,2.18,3.95,1306,29,1277,2,0,1,51,True,legendary-treasures-radiant-collection,RC3/RC25,Holofoil,Uncommon,https://cdn.poketrace.com/cards/ec82cfac45992928.webp,2.07,396,3.95,3.95,0,17.3,True,131.36,1,0,0,19.99,1,0,0,1306,2026-03-11T08:58:38Z,,
swsh4.5-SV021,019bff99-7af0-71d4-a48d-eb969953b548,Galarian Mr. Rime,Shining Fates: Shiny Vault,1.36,0.99,1488,119,1369,2,0.8,1,51,True,shining-fates-shiny-vault,SV021/SV122,Holofoil,Shiny Holo Rare,https://cdn.poketrace.com/cards/8287ab08224b94fb.webp,0.91,1226,0.982,0.982,0,6.8,True,20,32,0,0,4.25,15,10.254286,11.415714,1488,2026-03-11T08:58:38Z,,
swsh5-142,019bff99-7af1-7262-a095-74e8b3bba16a,Kricketune V,SWSH05: Battle Styles,2.36,0.66,2011,69,1942,2,2.7,1,51,True,swsh05-battle-styles,006/163,Holofoil,Ultra Rare,https://cdn.poketrace.com/cards/1cba0e1d5527b3a6.webp,0.66,1712,0.642,0.642,0,19,True,50,5,0,0,14.5,3,16.810001,16.810001,2011,2026-03-11T08:58:38Z,,
g1-45,019bff77-befb-757f-890c-dc7539355730,Golem,Fossil,1.45,1.31,2755,1,2754,2,5.8,1,51,True,fossil,36/62,Unlimited,Uncommon,https://cdn.poketrace.com/cards/0158ca80f5498d00.webp,1.02,580,1.386,1.386,0,8.2,True,0,0,0,0,0,0,0,0,2755,2026-03-11T08:58:38Z,,
sv02-242,019bffa9-14a3-7617-8a44-37f7ee48a9c9,Annihilape ex,SV02: Paldea Evolved,2.14,3.86,2075,143,1932,2,3.2,1,51,True,sv02-paldea-evolved,242/193,Holofoil,Ultra Rare,https://cdn.poketrace.com/cards/500f2e0e6686a1dc.webp,3.64,1761,3.982,3.982,0,16.9,True,80,25,0,0,20,29,27.956667,27.956667,2075,2026-03-11T08:58:38Z,,
base5-39,019bff79-8e11-736b-b11c-d00ade9d395f,Dark Kadabra,Team Rocket,1.75,1.96,2880,71,2809,2,6.2,1,51,True,team-rocket,39/82,Unlimited,Uncommon,https://cdn.poketrace.com/cards/64960743a439ada1.webp,0.99,671,1.838,1.838,0,12.4,True,79.99,11,0,0,40,15,0,0,2880,2026-03-11T08:58:38Z,,
hgss2-22,019bff77-befc-77ae-b882-c7dcd7725dce,Primeape,Jungle,1.21,1.2,3080,8,3072,2,7.3,1,51,True,jungle,43/64,Unlimited,Uncommon,https://cdn.poketrace.com/cards/f520c31169f18f32.webp,0.62,806,1.288,1.288,0,4.2,True,0,0,0,0,0,0,0,0,3080,2026-03-11T08:58:38Z,,
swsh7-92,019bff9a-8592-77ae-8865-9c99102f4fcd,Lycanroc VMAX,SWSH07: Evolving Skies,1.98,1.98,2349,148,2201,2,4.4,1,51,True,swsh07-evolving-skies,092/203,Holofoil,Ultra Rare,https://cdn.poketrace.com/cards/ef41b3b18d1b674f.webp,1.96,2050,2.068,2.068,0,15.1,True,75,36,44,44,22.99,14,19.244999,19.244999,2349,2026-03-11T08:58:38Z,,
swsh3.5-1,019bff97-5468-75b8-868f-681933b964ed,Venusaur V,Champion's Path,2.09,2.04,1779,141,1638,2,2.5,1,50.9,True,champions-path,01/73,Holofoil,Ultra Rare,https://cdn.poketrace.com/cards/26135231d782e3af.webp,2.17,1491,2.092,2.092,0,16.3,True,40,35,39.995003,39.995003,12.01,20,11.255,11.255,1779,2026-03-11T08:58:38Z,,
sm115-6,019bff93-f259-713f-b49e-4283d5c2c7cb,Pinsir GX,Hidden Fates,1.15,1.15,1768,188,1580,2,2.4,1,50.9,True,hidden-fates,6/68,Holofoil,Ultra Rare,https://cdn.poketrace.com/cards/9ef6a651b6ea7d05.webp,1.23,1490,1.178,1.178,0,3.1,True,41.99,35,34.646667,34.646667,19.95,23,14.348572,13.53,1768,2026-03-11T08:58:38Z,,
base5-37,019bff79-8e10-76e9-bb11-3aa2dc9737bb,Dark Golduck,Team Rocket,2.34,2.78,2138,50,2088,2,4,1,50.9,True,team-rocket,37/82,Unlimited,Uncommon,https://cdn.poketrace.com/cards/0401a62ecb24fc74.webp,1.77,595,2.67,2.67,0,18.8,True,27,1,122.5,122.5,17.66,11,16.945715,31.427856,2138,2026-03-11T08:58:38Z,,
swsh3-116,019bff99-7af1-7262-a093-f7d5484a59cb,Eternatus V,Shining Fates: Shiny Vault,1.27,4.96,2436,236,2200,2,5,1,50.9,True,shining-fates-shiny-vault,SV121/SV122,Holofoil,Shiny Holo Rare,https://cdn.poketrace.com/cards/298f9a6b55e9189f.webp,4.72,2049,5.21,5.21,0,5.3,True,58,37,52.996666,52.996666,19.5,22,18.153334,18.153334,2436,2026-03-11T08:58:38Z,,
xy2-77,019bff77-befb-757f-890a-cef36562c810,Pidgeot,Base Set 2,1.99,27.34,1157,222,935,2,0.3,1,50.9,True,base-set-2,014/130,Holofoil,Holo Rare,https://cdn.poketrace.com/cards/1980755294d044cb.webp,18.95,119,27.428,27.428,0,15.2,True,760,7,0,0,175,16,163.19,163.19,1157,2026-03-11T08:58:38Z,,
sv04.5-176,019bffa9-14a3-7617-8a43-c30964d4e39f,Nacli,SV02: Paldea Evolved,1.85,5.26,1930,134,1796,2,3.3,1,50.9,True,sv02-paldea-evolved,220/193,Holofoil,Illustration Rare,https://cdn.poketrace.com/cards/345072bc2da1a8c6.webp,4.41,1578,5.084,5.084,0,13.6,True,35.21,28,0,0,17.5,29,0,0,1930,2026-03-11T08:58:38Z,,
swsh7-48,019bff9b-b935-713a-8620-8ea1c0d37baf,Arctovish V,SWSH07: Evolving Skies,1.13,1.01,2534,55,2479,2,5.7,1,50.9,True,swsh07-evolving-skies,048/203,Holofoil,Ultra Rare,https://cdn.poketrace.com/cards/4c194ac7eb0b4944.webp,0.95,2227,0.952,0.952,0,2.7,True,54,7,50.415,50.415,13,4,8.6866665,8.6866665,2534,2026-03-11T08:58:38Z,,
neo1-26,019bff77-befc-77ae-b884-16c296fb9f24,Aipom,Neo Revelation,2.06,0.57,1169,32,1137,2,0,1,50.9,True,neo-revelation,41/64,Unlimited,Common,https://cdn.poketrace.com/cards/018c5dfd450bf675.webp,0.39,215,0.57,0.57,0,16,True,10.52,3,56.501427,56.501427,0,0,0,0,1169,2026-03-11T08:58:38Z,,
gym2-79,019bff7d-2e12-77f0-9b56-388fb998e337,Koga's Koffing,Gym Challenge,2.1,0.91,1231,61,1170,2,0.2,1,50.9,True,gym-challenge,079/132,Unlimited,Common,https://cdn.poketrace.com/cards/095b2724d1678b2d.webp,0.51,358,0.912,0.912,0,16.4,True,80,9,39.974285,37.99625,6.5,14,17.201427,17.9105,1231,2026-03-11T08:58:38Z,,
sv01-237,019bffa7-ed6f-747e-a888-edcf92c1b967,Katy,SV01: Scarlet & Violet Base Set,2.44,2.44,2760,163,2597,2,6.5,1,50.9,True,sv01-scarlet-and-violet-base-set,237/198,Holofoil,Ultra Rare,https://cdn.poketrace.com/cards/07ae6c90d0d270e1.webp,1.89,2346,2.598,2.598,0,19.7,True,30,33,0,0,8.5,27,14.63,14.283846,2760,2026-03-11T08:58:38Z,,
gym1-125,019bff81-ba59-7208-a499-60465cc903d0,Sabrina's Gaze,Gym Heroes,1.44,0.76,1504,51,1453,2,1.3,1,50.9,True,gym-heroes,125/132,Unlimited,Common,https://cdn.poketrace.com/cards/67887c54b3fe7b0e.webp,0.67,435,0.75,0.75,0,8.1,True,100,9,56.13286,58.54778,18.95,10,19.015715,19.562,1504,2026-03-11T08:58:38Z,,
swsh10-054,019bff9e-cb4c-7581-bf73-594b0b2c793b,Hisuian Typhlosion VSTAR,SWSH10: Astral Radiance,1.85,1.86,1896,109,1787,2,2.8,1,50.9,True,swsh10-astral-radiance,054/189,Holofoil,Ultra Rare,https://cdn.poketrace.com/cards/17cf5254c225332a.webp,1.65,1570,1.808,1.808,0,13.6,True,36.02,31,32.010002,32.010002,21.24,22,0,0,1896,2026-03-11T08:58:38Z,,
ex10-26,019bff7c-4505-7332-a33b-a7937361ba47,Hitmontop,WoTC Promo,1.34,8.86,1634,166,1468,2,1.8,1,50.9,True,wotc-promo,37/53,Normal,Promo,https://cdn.poketrace.com/cards/ef5b10fee107e6b0.webp,6.06,828,8.698,8.698,0,6.5,True,66,29,0,0,20,24,21.88,21.88,1634,2026-03-11T08:58:38Z,,
swsh3-1,019bff97-5466-7019-9640-22deec8cfb22,Butterfree V,SWSH03: Darkness Ablaze,1.29,1.28,2392,152,2240,2,5.2,1,50.9,True,swsh03-darkness-ablaze,001/189,Holofoil,Ultra Rare,https://cdn.poketrace.com/cards/54693ae183aca7c1.webp,0.99,2018,1.214,1.214,0,5.6,True,59.95,30,45.646667,45.646667,16.5,26,0,0,2392,2026-03-11T08:58:38Z,,
gym1-86,019bff7e-fc50-71f0-aee3-2c7f021a5c44,Misty's Horsea,Gym Heroes,1.16,1.11,1506,3,1503,2,1.6,1,50.9,True,gym-heroes,086/132,Unlimited,Common,https://cdn.poketrace.com/cards/52bd3b51970020ae.webp,0.7,443,1.092,1.092,0,3.3,False,0,0,0,0,0,0,0,0,1506,2026-03-11T08:58:38Z,,
base5-75,019bff7a-78f4-707a-bf6f-20f3ee27c160,Digger,Team Rocket,1.96,1.09,1337,12,1325,2,0.7,1,50.9,True,team-rocket,75/82,Unlimited,Uncommon,https://cdn.poketrace.com/cards/2f4c2972f36eb820.webp,0.65,452,1.082,1.082,0,14.9,True,0,0,0,0,0,0,0,0,1337,2026-03-11T08:58:38Z,,
sm9-95,019bff89-bc5f-7465-9230-1724978711de,Yveltal,Generations: Radiant Collection,2.04,3.87,1734,69,1665,2,2.5,1,50.9,True,generations-radiant-collection,RC16/RC32,Holofoil,Uncommon,https://cdn.poketrace.com/cards/c865df0ccef826e0.webp,1.83,802,3.966,3.966,0,15.8,True,524,6,0,0,41,10,0,0,1734,2026-03-11T08:58:38Z,,
swsh6-162,019bff9a-858a-738a-a03c-9369a95fac70,Volcanion V,SWSH06: Chilling Reign,2.12,0.77,2184,69,2115,2,4.2,1,50.9,True,swsh06-chilling-reign,025/198,Holofoil,Ultra Rare,https://cdn.poketrace.com/cards/43798be19cef9dec.webp,0.67,1922,0.738,0.738,0,16.6,True,44.99,12,36.995003,36.995003,13.5,9,0,0,2184,2026-03-11T08:58:38Z,,
swshp-SWSH083,019bff98-542b-72cb-a941-95728a13ebd5,Alakazam V,SWSH: Sword & Shield Promo Cards,1.64,1.45,2573,82,2491,2,5.5,3,50.9,True,swsh-sword-and-shield-promo-cards,SWSH083,Holofoil,Promo,https://cdn.poketrace.com/cards/22f99c4c23a0e624.webp,1.12,2227,1.37,1.37,0,10.9,True,39,2,0,0,39.6,1,27.295,27.295,2573,2026-03-11T08:58:38Z,,
swsh9-185,019c3ac3-ec6f-71ad-827c-1295c2e62bc0,Magma Basin,SWSH09: Brilliant Stars,2.03,0.15,2496,26,2470,2,5.3,1,50.9,True,swsh09-brilliant-stars,144/172,Normal,Uncommon,https://cdn.poketrace.com/cards/368d8a04d2f81308.webp,0.1,2274,0.142,0.142,0,15.7,False,0,0,0,0,0,0,0,0,2496,2026-03-11T08:58:38Z,,
bw11-105,019bff79-8e10-76e9-bb0c-ee044ef47a2b,Cinccino,Legendary Treasures: Radiant Collection,1.42,8.03,1498,45,1453,2,1.3,1,50.9,True,legendary-treasures-radiant-collection,RC19/RC25,Holofoil,Uncommon,https://cdn.poketrace.com/cards/d9028cc34cd67072.webp,5.65,477,7.926,7.926,0,7.8,True,375,2,0,0,17.5,4,0,0,1498,2026-03-11T08:58:38Z,,
ex7-67,019bff7e-1601-757e-bd2f-ec281af2fa57,Mareep,Neo Discovery,1.1,0.85,1390,51,1339,2,1.2,1,50.9,True,neo-discovery,58/75,Unlimited,Common,https://cdn.poketrace.com/cards/9ffc4da5efdb22b8.webp,0.52,412,0.86,0.86,0,2.1,True,55,8,47.163574,45.278038,27.21,7,21.07,24.95827,1361,2026-03-11T08:58:38Z,,
swsh7-28,019bff9a-8592-77ae-8865-defae3c7aa09,Gyarados V,SWSH07: Evolving Skies,2.05,2.14,3203,177,3026,2,8.1,1,50.9,True,swsh07-evolving-skies,028/203,Holofoil,Ultra Rare,https://cdn.poketrace.com/cards/54391cf8539e3669.webp,1.92,2758,1.966,1.966,0,15.9,True,73,23,0,0,20.5,22,23.244999,23.244999,3203,2026-03-11T08:58:38Z,,
swsh12-213,019bffa2-09c1-74ef-b463-f3c84364c827,Gapejaw Bog,SWSH12: Silver Tempest,2.31,2.31,1815,134,1681,2,2.5,1,50.9,True,swsh12-silver-tempest,213/195,Holofoil,Secret Rare,https://cdn.poketrace.com/cards/a91e8d0f771d9129.webp,1.87,1571,2.252,2.252,0,18.5,True,26,31,33,33,15,25,11.09,11.283333,1815,2026-03-11T08:58:38Z,,
swsh9-161,019bff9d-c5dd-752a-bcc3-cf14613b359d,Honchkrow V,SWSH09: Brilliant Stars,1.35,0.71,3232,91,3141,2,8.2,1,50.9,True,swsh09-brilliant-stars,088/172,Holofoil,Ultra Rare,https://cdn.poketrace.com/cards/363d45533e8baf36.webp,0.67,2885,0.652,0.652,0,6.6,True,35,9,0,0,12.5,12,0,0,3232,2026-03-11T08:58:38Z,,
swsh3.5-15,019bff97-5468-75b8-868f-9e672b739c85,Drednaw VMAX,Champion's Path,2.14,2.14,1285,121,1164,2,0.6,1,50.9,True,champions-path,15/73,Holofoil,Ultra Rare,https://cdn.poketrace.com/cards/40dc8aa33f8cf5ef.webp,2.16,1066,2.128,2.128,0,16.8,True,33.265,30,33.627502,33.627502,10.5,16,0,0,1285,2026-03-11T08:58:38Z,,
sm12-189,019c3ac3-ec6d-756e-8a4c-0a7609d2f945,Cynthia & Caitlin,SM - Cosmic Eclipse,1.69,1.69,2330,34,2296,2,4.7,1,50.9,True,sm-cosmic-eclipse,189/236,Normal,Uncommon,https://cdn.poketrace.com/cards/96b2a6bd466ba0bd.webp,1.87,1754,1.61,1.61,0,11.6,True,74,4,0,0,0,0,0,0,2330,2026-03-11T08:58:38Z,,
swsh3-180,019bff97-5467-7509-9dc2-9972dd5c8e7d,Vikavolt V,SWSH03: Darkness Ablaze,1.65,0.71,1762,106,1656,2,2.8,1,50.8,True,swsh03-darkness-ablaze,060/189,Holofoil,Ultra Rare,https://cdn.poketrace.com/cards/5e293766c4e5b3dc.webp,0.85,1461,0.69,0.69,0,11,True,22.5,31,0,0,7.51,23,9.505714,11.028571,1762,2026-03-11T08:58:38Z,,
sv03-212,019bffaa-1a45-759c-ad7f-f86db29715c7,Vespiquen ex,SV03: Obsidian Flames,1.53,0.96,4501,221,4280,2,14,1,50.8,True,sv03-obsidian-flames,212/197,Holofoil,Ultra Rare,https://cdn.poketrace.com/cards/841a1b61876d1961.webp,1.1,3887,1.094,1.094,0,9.4,True,32,34,32,32,24,24,13.170714,12.415,4501,2026-03-11T08:58:38Z,,
swsh4-174,019bff98-542b-72cb-a940-679309447310,Galarian Sirfetch'd V,SWSH04: Vivid Voltage,1.92,1.75,1032,138,894,2,0,1,50.8,True,swsh04-vivid-voltage,174/185,Holofoil,Ultra Rare,https://cdn.poketrace.com/cards/a53084ea074319ca.webp,1.61,811,1.75,1.75,0,14.4,True,47.75,28,42.875,42.875,14.9,28,15.544286,15.004807,1032,2026-03-11T08:58:38Z,,
lc-39,019bff7a-78f3-7153-ae66-a1eecc01e467,Dark Wartortle,Team Rocket,2.46,3.14,2989,126,2863,2,7.6,1,50.8,True,team-rocket,46/82,Unlimited,Uncommon,https://cdn.poketrace.com/cards/c2516cbf8d106b7c.webp,1.35,756,2.902,2.902,0,19.9,True,108.32,14,156.88286,111.555,29.99,25,54.219284,32.953705,2989,2026-03-11T08:58:38Z,,
swsh3.5-71,019bff98-5429-740e-8c1c-a9f525a98d47,Galarian Cursola V,Champion's Path,1.38,0.97,1358,90,1268,2,1.4,1,50.8,True,champions-path,21/73,Holofoil,Ultra Rare,https://cdn.poketrace.com/cards/195c4e4bfbbf5f30.webp,0.83,1112,0.956,0.956,0,7.1,True,14.54,30,22.27,22.27,19.95,28,0,0,1358,2026-03-11T08:58:38Z,,
gym2-97,019bff81-ba59-7208-a499-553de981a4ea,Sabrina's Gastly,Gym Heroes,1.77,1.62,1444,2,1442,2,1.5,1,50.8,True,gym-heroes,093/132,Unlimited,Common,https://cdn.poketrace.com/cards/e776bd5c5e9dae91.webp,1.05,385,1.596,1.596,0,12.6,False,0,0,0,0,0,0,0,0,1444,2026-03-11T08:58:38Z,,
ex10-48,019bff82-9f83-70dd-a44d-7e089bc97861,Smeargle,WoTC Promo,2.22,10.68,1056,159,897,2,0,1,50.8,True,wotc-promo,32/53,Normal,Promo,https://cdn.poketrace.com/cards/fef027fad5d5bc22.webp,6.78,397,10.68,10.68,0,17.6,True,95,30,0,0,25,22,0,0,1056,2026-03-11T08:58:38Z,,
swsh11-195,019c3ac3-ec70-77fb-8935-3dac380bf51f,Thorton,SWSH11: Lost Origin,1.32,0.13,1369,23,1346,2,1.5,1,50.8,True,swsh11-lost-origin,167/196,Normal,Uncommon,https://cdn.poketrace.com/cards/6c4c9ead6b9ecb59.webp,0.14,1229,0.128,0.128,0,6.1,False,0,0,0,0,0,0,0,0,1369,2026-03-11T08:58:38Z,,
swsh10-117,019bff9e-cb4c-7581-bf74-50be18108e50,Garchomp V,SWSH10: Astral Radiance,1.12,1.12,2834,59,2775,2,7.3,1,50.8,True,swsh10-astral-radiance,117/189,Holofoil,Ultra Rare,https://cdn.poketrace.com/cards/b67fa943c86856c3.webp,1.13,2420,1.038,1.038,0,2.5,True,50,17,0,0,15.4,10,0,0,2834,2026-03-11T08:58:38Z,,
dp2-24,019bff77-befc-77ae-b882-a76c2150c8cb,Exeggutor,Jungle,1.44,1.51,2935,140,2795,2,7.7,1,50.8,True,jungle,35/64,Unlimited,Uncommon,https://cdn.poketrace.com/cards/fa6e5ef130f51496.webp,0.73,693,1.394,1.394,0,8,True,185,19,167.60571,93.96733,36.71,25,45.934998,45.934998,2935,2026-03-11T08:58:38Z,,
neo4-55,019bff77-befb-757f-890a-db329248ee41,Scyther,Base Set 2,1.78,26.98,1142,206,936,2,0.6,1,50.8,True,base-set-2,017/130,Holofoil,Holo Rare,https://cdn.poketrace.com/cards/964c3d38c61fd041.webp,15.97,127,26.814,26.814,0,12.7,True,911,4,0,0,150,12,133.19,133.19,1142,2026-03-11T08:58:38Z,,
swsh8-73,019bff9c-c081-7545-beeb-947341a9c363,Greninja V,SWSH08: Fusion Strike,1.75,1.76,3371,201,3170,2,9.9,3,50.7,True,swsh08-fusion-strike,073/264,Holofoil,Ultra Rare,https://cdn.poketrace.com/cards/a70ef577471887a4.webp,1.6,2935,1.935,1.935,0,12.3,True,190,31,145.845,145.845,14.99,33,17.996666,17.996666,3371,2026-03-11T08:58:38Z,,
swsh3-115,019bff97-5467-7509-9dc2-d11a502e8caa,Grimmsnarl VMAX,SWSH03: Darkness Ablaze,1.86,1.84,1698,133,1565,2,3.4,1,50.7,True,swsh03-darkness-ablaze,115/189,Holofoil,Ultra Rare,https://cdn.poketrace.com/cards/e266106535feb93c.webp,1.88,1441,1.778,1.778,0,13.7,True,39.99,31,27.997501,27.997501,12,22,10.742857,13.447143,1698,2026-03-11T08:58:38Z,,
swsh10-026,019bff9e-cb4c-7581-bf72-ea011b3e10a2,Heatran VMAX,SWSH10: Astral Radiance,1.57,1.57,1621,74,1547,2,2.9,1,50.7,True,swsh10-astral-radiance,026/189,Holofoil,Ultra Rare,https://cdn.poketrace.com/cards/c8aab733b791c616.webp,1.39,1426,1.524,1.524,0,9.9,True,34.99,19,0,0,11.5,5,0,0,1621,2026-03-11T08:58:38Z,,
dp3-125,019c3ac3-ec68-7410-8bd5-4357f2ef66c2,Roseanne's Research,Secret Wonders,1.94,1.94,1066,84,982,2,0.8,1,50.7,True,secret-wonders,125/132,Normal,Uncommon,https://cdn.poketrace.com/cards/4b53e5b3db0a0205.webp,1.46,213,1.956,1.956,0,14.6,True,142.5,3,0,0,19.99,2,0,0,1066,2026-03-11T08:58:38Z,,
gym1-83,019bff7e-1600-7088-8281-a82cca47f60a,Lt. Surge's Spearow,Gym Heroes,1.01,0.76,1314,2,1312,2,1.6,1,50.7,True,gym-heroes,083/132,Unlimited,Common,https://cdn.poketrace.com/cards/ffdc402cc6230f7d.webp,0.52,402,0.772,0.772,0,0.2,False,0,0,0,0,0,0,0,0,1314,2026-03-11T08:58:38Z,,
swsh10-187,019c3ac3-ec6f-71ad-827f-e3cbff261f49,Kamado,SWSH10: Astral Radiance,1.49,0.06,943,10,933,2,0,1,50.7,True,swsh10-astral-radiance,149/189,Normal,Uncommon,https://cdn.poketrace.com/cards/ac8bc9c4544e833d.webp,0.03,865,0.06,0.06,0,8.8,True,0,0,0,0,0,0,0,0,943,2026-03-11T08:58:38Z,,
sm1-89,019bff8b-8e11-77cf-94aa-6497b9f3927c,Solgaleo GX,SM Base Set,2.33,2.33,1389,115,1274,2,1.8,1,50.7,True,sm-base-set,89/149,Holofoil,Ultra Rare,https://cdn.poketrace.com/cards/6a5e14bf34c52453.webp,2.15,800,2.372,2.372,0,18.6,True,26.01,30,0,0,16.5,24,0,0,1389,2026-03-11T08:58:38Z,,
swshp-SWSH200,019bff99-7af1-7262-a097-0bebded629e9,Corviknight V,SWSH05: Battle Styles,1.74,0.91,2124,115,2009,2,4.8,1,50.7,True,swsh05-battle-styles,109/163,Holofoil,Ultra Rare,https://cdn.poketrace.com/cards/4fd57a5d3b1eb4d1.webp,0.71,1814,0.866,0.866,0,12.2,True,40,13,30.27,34.935833,22.09,10,18.45,18.02125,2124,2026-03-11T08:58:38Z,,
hgss1-85,019bff82-9f84-7584-9776-94f1c7ecf2bd,Sunkern,Neo Genesis,1.21,0.69,1211,31,1180,2,1.4,1,50.7,True,neo-genesis,078/111,Unlimited,Common,https://cdn.poketrace.com/cards/031fc82fe31c512e.webp,0.46,251,0.68,0.68,0,4.2,True,19.5,5,44.19143,45.7545,21.76,5,14.225714,16.408043,1211,2026-03-11T08:58:38Z,,
swsh4-25,019bff77-befa-771d-bab0-f5909f0a78c9,Charizard,Base Set,2.31,527.92,1958,803,1155,2,4.2,1,50.7,True,base-set,004/102,Holofoil,Holo Rare,https://cdn.poketrace.com/cards/d64defcfc64ff4ea.webp,425.55,91,505.682,505.682,0,18.4,True,16500,28,0,0,3111.55,36,2929.6658,2877.8887,1958,2026-03-11T08:58:38Z,,
base5-34,019bff79-8e10-76e9-bb11-00a7f4dc5b63,Dark Electrode,Team Rocket,1.7,1.66,1866,55,1811,2,3.9,1,50.7,True,team-rocket,34/82,Unlimited,Uncommon,https://cdn.poketrace.com/cards/4fd75bc3d36d4b9b.webp,1.07,467,1.724,1.724,0,11.7,True,101.56,5,0,0,31.99,5,31.732857,31.732857,1866,2026-03-11T08:58:38Z,,
swsh11-181,019bffa2-09bf-74f6-b7ec-d229cb457648,Gallade V,SWSH11: Lost Origin Trainer Gallery,2.47,7.07,1743,162,1581,2,3.5,1,50.7,True,swsh11-lost-origin-trainer-gallery,TG19/TG30,Holofoil,Ultra Rare,https://cdn.poketrace.com/cards/c00ec0b1e28259c2.webp,6.67,1470,6.82,6.82,0,19.9,True,74.99,32,0,0,7.5,26,8.5,8.5,1743,2026-03-11T08:58:38Z,,
hgss2-17,019bff7d-2e12-77f0-9b55-2114e12c147e,Kingdra,Neo Genesis,2.44,17.29,1500,272,1228,2,2.6,1,50.7,True,neo-genesis,008/111,Unlimited_Holofoil,Holo Rare,https://cdn.poketrace.com/cards/ffce384e77c30faa.webp,11.01,152,16.844,16.844,0,19.6,True,1300,14,0,0,80,22,70.03333,70.03333,1500,2026-03-11T08:58:38Z,,
gym2-64,019bff78-a647-717f-a4e4-270007cc104f,Blaine's Ponyta,Gym Challenge,1.23,0.96,1335,1,1334,2,1.9,1,50.7,True,gym-challenge,064/132,Unlimited,Common,https://cdn.poketrace.com/cards/40408390b2d01996.webp,0.63,460,0.942,0.942,0,4.6,True,0,0,0,0,0,0,0,0,1335,2026-03-11T08:58:38Z,,
swsh10-084,019bff9e-cb4c-7581-bf73-d28a81f433ff,Hisuian Decidueye VSTAR,SWSH10: Astral Radiance,1.49,1.49,2014,63,1951,2,4.4,1,50.7,True,swsh10-astral-radiance,084/189,Holofoil,Ultra Rare,https://cdn.poketrace.com/cards/7fd1874e6082f0c7.webp,1.12,1773,1.424,1.424,0,8.8,True,35,11,0,0,10.5,16,0,0,2014,2026-03-11T08:58:38Z,,
swsh5-63,019bff99-7af1-7262-a097-b46c8b61f81c,Necrozma V,SWSH05: Battle Styles,1.19,1.19,1919,70,1849,2,4.2,1,50.7,True,swsh05-battle-styles,063/163,Holofoil,Ultra Rare,https://cdn.poketrace.com/cards/143b9419fdacc3fa.webp,0.98,1667,1.14,1.14,0,3.8,True,39.99,5,29.335,29.335,9,4,7.5766664,7.5766664,1919,2026-03-11T08:58:38Z,,
swshp-SWSH004,019bff95-4414-759b-8e0b-30128f8e6164,Meowth V,SWSH: Sword & Shield Promo Cards,2.54,7.51,1983,172,1811,2,4.2,0,50.7,True,swsh-sword-and-shield-promo-cards,SWSH005,Holofoil,Promo,https://cdn.poketrace.com/cards/6230f5b01ef5df24.webp,5.71,1510,7.192,7.192,0,20.5,True,119.95,36,103.115,103.115,31,26,22.104286,17.074375,1983,2026-03-11T08:58:38Z,,
me01-142,019bff99-7af0-71d4-a48e-0aea7aaa9101,Inteleon,Shining Fates: Shiny Vault,2.05,4.2,949,116,833,2,0.5,1,50.7,True,shining-fates-shiny-vault,SV027/SV122,Holofoil,Shiny Holo Rare,https://cdn.poketrace.com/cards/a026ceb442ecf89c.webp,3.75,771,4.222,4.222,0,15.8,True,40.04,24,29.148571,28.976088,17.52,26,13.01,13.01,949,2026-03-11T08:58:38Z,,
swsh10-173,019bff9e-cb4c-7581-bf73-cd0568702bbb,Hisuian Decidueye V,SWSH10: Astral Radiance,1.69,0.9,2975,91,2884,2,8.4,1,50.7,True,swsh10-astral-radiance,083/189,Holofoil,Ultra Rare,https://cdn.poketrace.com/cards/ec6a412b03c485c8.webp,0.67,2611,0.824,0.824,0,11.6,True,21,7,0,0,11,3,0,0,2975,2026-03-11T08:58:38Z,,
swshp-SWSH199,019bff9a-8592-77ae-8865-91b057ad7e5e,Lycanroc V,SWSH07: Evolving Skies,1.45,0.83,2538,55,2483,2,6.3,1,50.7,True,swsh07-evolving-skies,091/203,Holofoil,Ultra Rare,https://cdn.poketrace.com/cards/1347541dd2a6ad1b.webp,0.86,2262,0.778,0.778,0,8.2,True,33,1,0,0,29.95,3,8.75,8.75,2538,2026-03-11T08:58:38Z,,
sv01-242,019bffa6-1f2d-777b-a599-7fdb66147cf3,Team Star Grunt,SV01: Scarlet & Violet Base Set,1.46,1.47,2636,151,2485,2,7.1,1,50.7,True,sv01-scarlet-and-violet-base-set,242/198,Holofoil,Ultra Rare,https://cdn.poketrace.com/cards/211546af4545902c.webp,1.22,2234,1.574,1.574,0,8.3,True,40,30,31.665,26.140894,10.5,28,0,0,2636,2026-03-11T08:58:38Z,,
swsh10-102,019bff9e-cb4c-7581-bf74-1af832360252,Hisuian Samurott VSTAR,SWSH10: Astral Radiance,1.48,1.48,1840,87,1753,2,3.6,1,50.7,True,swsh10-astral-radiance,102/189,Holofoil,Ultra Rare,https://cdn.poketrace.com/cards/073f046ef015a830.webp,1.26,1550,1.534,1.534,0,8.6,True,37.5,29,38.25,38.25,24.75,13,0,0,1840,2026-03-11T08:58:38Z,,
swsh11-TG26,019bffa2-09bf-74f6-b7ec-f1f9a05100a4,Kabu,SWSH11: Lost Origin Trainer Gallery,1.39,1.47,1748,107,1641,2,3.5,1,50.7,True,swsh11-lost-origin-trainer-gallery,TG26/TG30,Holofoil,Ultra Rare,https://cdn.poketrace.com/cards/9139c2cdffc9cf7e.webp,1.47,1558,1.418,1.418,0,7.3,True,39.99,30,0,0,24.69,19,0,0,1748,2026-03-11T08:58:38Z,,
sv04.5-108,019bffac-ba78-77ae-9c12-2dbe8756adf4,Rellor,SV: Paldean Fates,2.26,1.81,1317,60,1257,2,2.2,0,50.6,True,sv-paldean-fates,108/091,Holofoil,Shiny Rare,https://cdn.poketrace.com/cards/9d9c7208f9378697.webp,1.69,1198,1.77,1.77,0,17.9,True,60,12,58.75,58.75,14,4,0,0,1317,2026-03-11T08:58:38Z,,
lc-101,019bff80-d350-706b-9565-568252840fe3,Potion Energy,Team Rocket,1.05,1.34,1300,34,1266,2,2.2,1,50.6,True,team-rocket,82/82,Unlimited,Uncommon,https://cdn.poketrace.com/cards/b897aecec6638d76.webp,0.64,351,1.31,1.31,0,1.1,True,0,0,0,0,12,4,0,0,1286,2026-03-11T08:58:38Z,,
bw7-47,019bffa2-09c2-77fd-b88a-a3ec1e222ec8,Keldeo,Miscellaneous Cards & Products,1.58,0.53,1334,20,1314,2,2.3,1,50.6,True,miscellaneous-cards-and-products,045/189,Holofoil,Holo Rare,https://cdn.poketrace.com/cards/2b963d1de5e42f99.webp,0.55,1032,0.518,0.518,0,10.1,True,279.99,1,0,0,0,0,0,0,1334,2026-03-11T08:58:38Z,,
swsh4.5-SV025,019bff99-7af0-71d4-a48d-fe18c20cb381,Sobble,Shining Fates: Shiny Vault,1.73,1.53,1358,134,1224,2,2.4,1,50.6,True,shining-fates-shiny-vault,SV025/SV122,Holofoil,Shiny Holo Rare,https://cdn.poketrace.com/cards/a665d1a16e587892.webp,1.13,1101,1.566,1.566,0,12,True,33,29,40.98143,29.621786,10.51,26,14.015,14.015,1358,2026-03-11T08:58:38Z,,
swsh1-120,019bff95-4415-71ab-8e62-8ed0d164d58c,Sableye V,SWSH01: Sword & Shield Base Set,1.35,1.34,1687,107,1580,2,3.6,1,50.6,True,swsh01-sword-and-shield-base-set,120/202,Holofoil,Ultra Rare,https://cdn.poketrace.com/cards/1732e6b45f3baf71.webp,1.04,1374,1.292,1.292,0,6.6,True,47.49,31,51.245003,51.245003,18,20,17,17,1687,2026-03-11T08:58:38Z,,
swsh10-164,019bff9e-cb4d-7658-b47e-4b0803171f54,Virizion V,SWSH10: Astral Radiance,1.86,1.86,973,67,906,2,0.9,1,50.6,True,swsh10-astral-radiance,164/189,Holofoil,Ultra Rare,https://cdn.poketrace.com/cards/4d0aab9dd6d7b167.webp,1.66,780,1.876,1.876,0,13.6,True,35.88,18,0,0,5.5,9,0,0,973,2026-03-11T08:58:38Z,,
swsh10-TG10,019bff99-7af1-7262-a093-0413def7d1c2,Galarian Obstagoon,Shining Fates: Shiny Vault,1.93,2.34,766,80,686,2,0,1,50.6,True,shining-fates-shiny-vault,SV080/SV122,Holofoil,Shiny Holo Rare,https://cdn.poketrace.com/cards/b500fc69af23250c.webp,2.47,639,2.34,2.34,0,14.4,True,40,20,27.995714,27.763159,19.99,9,13.358571,14.81375,766,2026-03-11T08:58:38Z,,
xy11-75,019bff8a-a5c1-7149-81da-fe250359747c,Magearna EX,XY - Steam Siege,1.47,1.47,989,81,908,2,1,1,50.6,True,xy-steam-siege,75/114,Holofoil,Ultra Rare,https://cdn.poketrace.com/cards/fc0b2548fc800d39.webp,1.22,567,1.484,1.484,0,8.5,True,48,31,42,42,10.59,18,0,0,989,2026-03-11T08:58:38Z,,
bw8-98,019bff77-befb-757f-890b-2ddb056268cb,Clefable,Base Set 2,1.54,16.82,1292,216,1076,2,1.9,1,50.6,True,base-set-2,005/130,Holofoil,Holo Rare,https://cdn.poketrace.com/cards/a632e920d57ed6d0.webp,12.36,165,17.134,17.134,0,9.5,True,2500,4,0,0,109.99,14,0,0,1292,2026-03-11T08:58:38Z,,
swsh10-180,019bff9e-cb4d-7658-b47d-d21fd085f3c7,Wyrdeer V,SWSH10: Astral Radiance,1.98,0.83,2833,54,2779,2,8.4,1,50.6,True,swsh10-astral-radiance,134/189,Holofoil,Ultra Rare,https://cdn.poketrace.com/cards/6d8c811d73ccb556.webp,0.69,2448,0.76,0.76,0,15,True,55,5,12.79,12.79,7.5,5,0,0,2833,2026-03-11T08:58:38Z,,
xy5-69,019bff77-befb-757f-890a-bb4a3a8cd6b4,Nidoqueen,Base Set 2,1.97,24.95,1065,216,849,2,1,1,50.6,True,base-set-2,012/130,Holofoil,Holo Rare,https://cdn.poketrace.com/cards/5101addaf425b819.webp,16.53,114,24.692,24.692,0,14.9,True,897.65,5,0,0,174.68,21,148.59,148.59,1065,2026-03-11T08:58:38Z,,
ex12-58,019bff7e-1601-757e-bd2d-141739081cfb,Magby,Neo Genesis,2.27,2.48,1105,89,1016,2,1.6,1,50.6,True,neo-genesis,023/111,Unlimited,Rare,https://cdn.poketrace.com/cards/fee5aa6ed5e63b86.webp,1.39,221,2.44,2.44,0,18,True,59,9,50.068573,50.72,18.3,20,15.894285,14.477058,1105,2026-03-11T08:58:38Z,,
gym1-94,019bff81-ba59-7208-a499-8c4409352057,Sabrina's Mr. Mime,Gym Heroes,1.08,1.59,1268,10,1258,2,2.1,1,50.6,True,gym-heroes,094/132,Unlimited,Common,https://cdn.poketrace.com/cards/228764ebb58ba1c4.webp,0.78,407,1.624,1.624,0,1.7,False,0,0,0,0,0,0,0,0,1268,2026-03-11T08:58:38Z,,
gym1-72,019bff78-a648-7332-9aa4-1490ee285987,Brock's Sandshrew,Gym Heroes,1.26,0.8,1227,9,1218,2,1.7,1,50.6,True,gym-heroes,071/132,Unlimited,Common,https://cdn.poketrace.com/cards/97af8d7820be4862.webp,0.51,387,0.814,0.814,0,5.1,True,0,0,0,0,0,0,0,0,1227,2026-03-11T08:58:38Z,,
swsh4.5-SV089,019bff99-7af1-7262-a093-4744ab6e1fa1,Corviknight,Shining Fates: Shiny Vault,1.32,1.18,1386,144,1242,2,2.7,0,50.6,True,shining-fates-shiny-vault,SV089/SV122,Holofoil,Shiny Holo Rare,https://cdn.poketrace.com/cards/8a8e72a76bd9615b.webp,1.17,1090,1.148,1.148,0,6.1,True,45,28,0,0,14.1,21,0,0,1386,2026-03-11T08:58:38Z,,
gym1-122,019bff7b-60a5-76b8-99df-f3e10df03810,Energy Flow,Gym Heroes,1.01,0.4,886,21,865,2,0.5,1,50.6,True,gym-heroes,122/132,Unlimited,Common,https://cdn.poketrace.com/cards/671a688b6b60e085.webp,0.37,316,0.398,0.398,0,0.2,True,59,1,0,0,0,0,0,0,879,2026-03-11T08:58:38Z,,
col1-47,019bffac-ba78-77ae-9c10-f44f7c739647,Mime Jr.,SV: Paldean Fates,1.28,0.17,1323,21,1302,2,2.4,1,50.6,True,sv-paldean-fates,031/091,Reverse_Holofoil,Common,https://cdn.poketrace.com/cards/f2d35ce1138dbaf6.webp,0.2,1204,0.166,0.166,0,5.4,True,34.95,1,0,0,0,0,0,0,1323,2026-03-11T08:58:38Z,,
gym2-82,019bff7d-2e13-7175-b43d-597e5e991de3,Koga's Weedle,Gym Challenge,1.99,0.9,982,37,945,2,1.1,1,50.6,True,gym-challenge,082/132,Unlimited,Common,https://cdn.poketrace.com/cards/1ffa4f00375680de.webp,0.66,251,0.91,0.91,0,15.1,True,59.99,6,0,0,19.99,6,0,0,982,2026-03-11T08:58:38Z,,
lc-28,019bff77-befa-771d-bab1-bd95fcae491a,Magneton,Base Set,2.56,32.25,3316,351,2965,2,9.9,1,50.6,True,base-set,009/102,Holofoil,Holo Rare,https://cdn.poketrace.com/cards/71b331bda7444103.webp,13.62,360,29.062,29.062,0,20.7,True,950,30,0,0,159.99,25,141.63715,141.63715,3316,2026-03-11T08:58:38Z,,
sm2-57,019bff8c-7243-760b-b38f-4d9968fe7830,Toxapex GX,SM - Guardians Rising,1.94,1.94,751,58,693,2,0.2,1,50.6,True,sm-guardians-rising,57/145,Holofoil,Ultra Rare,https://cdn.poketrace.com/cards/fcae4fd05785dbd5.webp,1.6,431,1.944,1.944,0,14.6,True,27,11,0,0,11.4,14,0,0,751,2026-03-11T08:58:38Z,,
xy0-3,019bff99-7af0-71d4-a48d-2de4aed3ddf2,Chespin,McDonald's 25th Anniversary Promos,1,0.43,1366,8,1358,2,2.3,1,50.6,True,mcdonalds-25th-anniversary-promos,006/025,Normal,Promo,https://cdn.poketrace.com/cards/6b21742388973d50.webp,0.28,920,0.42,0.42,0,0,False,0,0,0,0,0,0,0,0,1366,2026-03-11T08:58:38Z,,
xy11-67,019bff8a-a5c1-7149-81da-de544595d7e2,Steelix EX,XY - Steam Siege,1.92,1.92,1212,126,1086,2,1.8,1,50.6,True,xy-steam-siege,67/114,Holofoil,Ultra Rare,https://cdn.poketrace.com/cards/5b35d0b489d61918.webp,1.61,525,1.886,1.886,0,14.3,True,59.6,29,0,0,8.5,28,14,14,1212,2026-03-11T08:58:38Z,,
neo4-80,019bff80-d352-765e-b96f-d76ca8dc4b86,Remoraid,Neo Revelation,1.02,0.51,1308,26,1282,2,2,1,50.6,True,neo-revelation,50/64,Unlimited,Common,https://cdn.poketrace.com/cards/d66efeab78ca0816.webp,0.49,318,0.5,0.5,0,0.4,True,21.5,7,0,0,20.95,1,0,0,1289,2026-03-11T08:58:38Z,,
sm12-168,019bff7d-2e11-71aa-95c2-95153d243c03,Igglybuff,WoTC Promo,2.31,9.94,1282,146,1136,2,2.1,1,50.6,True,wotc-promo,36/53,Normal,Promo,https://cdn.poketrace.com/cards/fbe3978d6b970365.webp,7.76,665,9.734,9.734,0,18.4,True,152.5,30,0,0,34.99,25,0,0,1282,2026-03-11T08:58:38Z,,
sm12-35,019bff95-4414-759b-8e0a-21c66b7e02e5,Volcarona GX,SM - Cosmic Eclipse,2.16,2.16,864,115,749,2,0.6,1,50.6,True,sm-cosmic-eclipse,35/236,Holofoil,Ultra Rare,https://cdn.poketrace.com/cards/37fcb8c966fa8883.webp,1.63,644,2.148,2.148,0,16.9,True,80,29,44.998573,33.933334,3.25,27,19.037144,15.7930765,864,2026-03-11T08:58:38Z,,
neo2-47,019bff83-863f-718a-b5c3-541369fa2e05,Unown [D],Neo Discovery,1.26,1.18,792,31,761,2,0.3,1,50.6,True,neo-discovery,47/75,Unlimited,Uncommon,https://cdn.poketrace.com/cards/dc7a67aeec8e4dab.webp,0.83,188,1.176,1.176,0,5.1,True,71.99,1,0,0,26,5,0,0,792,2026-03-11T08:58:38Z,,
swsh7-101,019bff9a-8592-77ae-8866-01f17ab60b3b,Garbodor VMAX,SWSH07: Evolving Skies,1.77,1.79,2268,136,2132,2,6.1,1,50.6,True,swsh07-evolving-skies,101/203,Holofoil,Ultra Rare,https://cdn.poketrace.com/cards/aeb7f30c464f332d.webp,1.81,1984,1.9,1.9,0,12.5,True,38,30,0,0,25,23,24.984999,24.984999,2268,2026-03-11T08:58:38Z,,
sm4-70,019bff8d-8220-71c8-9392-1022bd366728,Kartana GX,SM - Crimson Invasion,2.39,1.61,720,67,653,2,0,1,50.6,True,sm-crimson-invasion,70/111,Holofoil,Ultra Rare,https://cdn.poketrace.com/cards/bce772a9147e4843.webp,1.79,387,1.61,1.61,0,19.1,True,18.5,24,28.741428,23.970476,13.5,19,8.71,11.165,720,2026-03-11T08:58:38Z,,
base1-80,019bff77-befa-771d-bab1-a23b107ff221,Defender,Base Set,1.54,1.54,2365,1,2364,2,6.5,1,50.6,True,base-set,080/102,Normal,Uncommon,https://cdn.poketrace.com/cards/c85734186d1bc6ab.webp,0.68,676,1.44,1.44,0,9.5,True,0,0,0,0,0,0,0,0,2365,2026-03-11T08:58:38Z,,
gym1-41,019bff78-a648-7332-9aa3-e8e5b5f451e2,Brock's Lickitung,Gym Heroes,2.34,2.06,946,44,902,2,0.6,1,50.6,True,gym-heroes,041/132,Unlimited,Uncommon,https://cdn.poketrace.com/cards/b533eedb12b4a740.webp,1.49,274,2.072,2.072,0,18.7,True,80,1,80.25,80.25,21.41,7,26.998571,23.627037,946,2026-03-11T08:58:38Z,,
swsh8-104,019bff9c-c081-7545-beec-108f8a0b350b,Boltund VMAX,SWSH08: Fusion Strike,1.83,1.8,2747,169,2578,2,7.8,1,50.6,True,swsh08-fusion-strike,104/264,Holofoil,Ultra Rare,https://cdn.poketrace.com/cards/4e7317c2f52147b3.webp,1.49,2382,1.66,1.66,0,13.3,True,39.99,32,35.495003,35.495003,13.785,18,14.647142,14.831333,2747,2026-03-11T08:58:38Z,,
swsh3-66,019bff99-7af0-71d4-a48e-7011f862e383,Arctozolt,Shining Fates: Shiny Vault,1.19,3.49,777,91,686,2,0.3,1,50.6,True,shining-fates-shiny-vault,SV046/SV122,Holofoil,Shiny Holo Rare,https://cdn.poketrace.com/cards/05d6cde201fc6705.webp,3.26,598,3.502,3.502,0,3.8,True,10,24,0,0,30,14,0,0,777,2026-03-11T08:58:38Z,,
swsh1-193,019bff95-4414-759b-8e0b-99da3d3eb2d2,Stonjourner V,SWSH01: Sword & Shield Base Set,1.87,0.73,1400,79,1321,2,3,1,50.5,True,swsh01-sword-and-shield-base-set,115/202,Holofoil,Ultra Rare,https://cdn.poketrace.com/cards/38bf3371256df49c.webp,0.71,1131,0.708,0.708,0,13.7,True,20,32,0,0,4.05,18,11.844286,11.787059,1400,2026-03-11T08:58:38Z,,
gym1-107,019bff79-8e0f-74bf-99c3-5b207b245544,Celadon City Gym,Gym Heroes,1.28,0.94,635,27,608,2,0,1,50.5,True,gym-heroes,107/132,Unlimited,Uncommon,https://cdn.poketrace.com/cards/faf8df8663578b3e.webp,0.63,114,0.94,0.94,0,5.4,True,74.99,2,0,0,5,2,0,0,635,2026-03-11T08:58:38Z,,
sv09-165,019bff82-9f85-738b-8710-39c11599947a,Swinub,Neo Revelation,2.05,0.52,1261,27,1234,2,2.3,1,50.5,True,neo-revelation,57/64,Unlimited,Common,https://cdn.poketrace.com/cards/0160dd64afa18f9c.webp,0.48,288,0.508,0.508,0,15.7,True,12.3,5,0,0,19.99,3,0,0,1261,2026-03-11T08:58:38Z,,
sv04.5-150,019bff79-8e10-76e9-bb0d-87d4849a48d1,Cleffa,WoTC Promo,1.99,8.04,1295,166,1129,2,2.5,1,50.5,True,wotc-promo,31/53,Normal,Promo,https://cdn.poketrace.com/cards/2223efa8029662b1.webp,6.98,679,8.24,8.24,0,15.1,True,123.5,30,0,0,43.19,25,39.2925,39.2925,1295,2026-03-11T08:58:38Z,,
tk-xy-sy-29,019bff7c-4505-7332-a337-f14c2b6b36f1,Granbull,Neo Genesis,1.4,1.47,929,7,922,2,1,1,50.5,True,neo-genesis,037/111,Unlimited,Uncommon,https://cdn.poketrace.com/cards/dd67276a82d421d9.webp,0.96,283,1.456,1.456,0,7.4,True,0,0,0,0,0,0,0,0,929,2026-03-11T08:58:38Z,,
bw8-81,019bffb0-7845-751b-84c6-64d893c635d8,Conkeldurr,SV06: Twilight Masquerade,1.32,0.26,1459,15,1444,2,3.1,1,50.5,True,sv06-twilight-masquerade,105/167,Reverse_Holofoil,Uncommon,https://cdn.poketrace.com/cards/6dafcc30e2ca92f5.webp,0.19,1319,0.252,0.252,0,6.1,False,0,0,0,0,0,0,0,0,1459,2026-03-11T08:58:38Z,,
sm3-84,019bff8d-8220-71c8-938c-481d25d6e911,Alolan Muk GX,SM - Burning Shadows,2.5,2.48,996,122,874,2,1.2,1,50.5,True,sm-burning-shadows,84/147,Holofoil,Ultra Rare,https://cdn.poketrace.com/cards/b8f64ba6bb90f280.webp,2.22,580,2.45,2.45,0,20.1,True,125,31,0,0,15.56,26,0,0,996,2026-03-11T08:58:38Z,,
sm2-85,019bff8c-7243-760b-b38f-d5b2d23d0a03,Metagross GX,SM - Guardians Rising,2.46,2.46,777,78,699,2,0.8,1,50.5,True,sm-guardians-rising,85/145,Holofoil,Ultra Rare,https://cdn.poketrace.com/cards/b47de068106dac26.webp,2.15,454,2.48,2.48,0,19.7,True,44,29,0,0,10.5,19,0,0,777,2026-03-11T08:58:38Z,,
sv04.5-163,019bffa9-14a3-7617-8a43-ae9a272c37ec,Rabsca,SV02: Paldea Evolved,2.15,5.41,1921,135,1786,2,5.2,1,50.5,True,sv02-paldea-evolved,215/193,Holofoil,Illustration Rare,https://cdn.poketrace.com/cards/584c94a00474c0ec.webp,4.45,1605,5.128,5.128,0,16.8,True,73.99,33,67.642494,67.642494,9,28,0,0,1921,2026-03-11T08:58:38Z,,
swsh5-110,019bff99-7af1-7262-a097-0d031a9ad571,Corviknight VMAX,SWSH05: Battle Styles,2.34,2.32,2163,184,1979,2,5.9,1,50.5,True,swsh05-battle-styles,110/163,Holofoil,Ultra Rare,https://cdn.poketrace.com/cards/095fe2f775551166.webp,1.8,1847,2.182,2.182,0,18.6,True,65,32,49.756668,49.756668,25,16,0,0,2163,2026-03-11T08:58:38Z,,
sm4-74,019bff8d-8220-71c8-9392-2026a0983bdb,Alolan Exeggutor GX,SM - Crimson Invasion,2.23,2.37,656,99,557,2,0,1,50.5,True,sm-crimson-invasion,74/111,Holofoil,Ultra Rare,https://cdn.poketrace.com/cards/833bfdf001a12656.webp,1.7,360,2.37,2.37,0,17.6,True,85,29,71.711426,38.025192,23.5,27,17.52143,13.8938465,656,2026-03-11T08:58:38Z,,
sm2-18,019bff8c-7243-760b-b38e-88f4759d71cc,Turtonator GX,SM - Guardians Rising,1.88,1.88,795,61,734,2,0.5,1,50.5,True,sm-guardians-rising,18/145,Holofoil,Ultra Rare,https://cdn.poketrace.com/cards/0d9336d88a1733fa.webp,1.52,487,1.87,1.87,0,13.8,True,44.99,17,32.14143,26.59375,5.5,13,0,0,795,2026-03-11T08:58:38Z,,
swsh7-233,019c3ac3-ec6e-7325-9cea-30acc33c1120,Toy Catcher,SWSH07: Evolving Skies,2.48,0.06,642,12,630,2,0,1,50.5,True,swsh07-evolving-skies,163/203,Normal,Uncommon,https://cdn.poketrace.com/cards/01da15ebc1bb1141.webp,0.06,574,0.06,0.06,0,19.9,False,0,0,0,0,0,0,0,0,642,2026-03-11T08:58:38Z,,
swshp-SWSH011,019bff9e-cb4b-734c-ae40-cf9e0ec1ed0f,Wooloo,Miscellaneous Cards & Products,1.83,0.42,2428,9,2419,2,7.1,1,50.5,True,miscellaneous-cards-and-products,222/264,Holofoil,Promo,https://cdn.poketrace.com/cards/61e4df06f4db0e85.webp,0.29,2040,0.39,0.39,0,13.3,False,0,0,0,0,0,0,0,0,2428,2026-03-11T08:58:38Z,,
swsh4.5-SV084,019bffb5-343b-77b4-8f24-90036ca43dc3,Morgrem,SV07: Stellar Crown,2.28,0.13,965,15,950,2,1.5,1,50.5,True,sv07-stellar-crown,095/142,Reverse_Holofoil,Common,https://cdn.poketrace.com/cards/0e2e2948bfb4cdda.webp,0.09,919,0.128,0.128,0,18.1,True,27.98,1,0,0,0,0,0,0,965,2026-03-11T08:58:38Z,,
sv04.5-104,019bffac-ba78-77ae-9c12-1e1d652e1bfd,Arboliva,SV: Paldean Fates,2.31,1.73,1296,62,1234,2,2.5,1,50.5,True,sv-paldean-fates,104/091,Holofoil,Shiny Rare,https://cdn.poketrace.com/cards/b3f78f061f2739be.webp,1.71,1179,1.774,1.774,0,18.4,True,42.99,10,0,0,18.99,2,0,0,1296,2026-03-11T08:58:38Z,,
ex2-23,019bff82-9f84-7584-9775-9f0e3b59414b,Steelix,Neo Genesis,2.54,39.43,608,26,582,2,0.1,1,50.5,True,neo-genesis,015/111,Unlimited_Holofoil,Holo Rare,https://cdn.poketrace.com/cards/33420ab788f429e9.webp,29.3,113,39.472,39.472,0,20.4,True,599,2,0,0,109.99,5,142.495,142.495,608,2026-03-11T08:58:38Z,,
bw9-73,019bff91-e4db-74ae-971a-56eeac2379ab,Bisharp,Miscellaneous Cards & Products,1.01,0.86,908,27,881,2,0.9,1,50.5,True,miscellaneous-cards-and-products,064/114,Holofoil,Promo,https://cdn.poketrace.com/cards/2d3aefb3c2d2a71c.webp,0.84,600,0.852,0.852,0,0.2,True,0,0,0,0,36.5,2,0,0,905,2026-03-11T08:58:38Z,,
sm5-116,019bff95-4414-759b-8e08-f74c67bafe02,Silvally GX,SM - Cosmic Eclipse,2.34,5.91,1112,159,953,2,2,1,50.5,True,sm-cosmic-eclipse,184/236,Holofoil,Ultra Rare,https://cdn.poketrace.com/cards/67ecc07cddcca8e9.webp,4.69,806,6.028,6.028,0,18.6,True,79.99,31,71.009285,54.62942,25,30,26,26,1112,2026-03-11T08:58:38Z,,
dp2-30,019bff77-befb-757f-890b-7370f372b951,Mr. Mime,Base Set 2,2.03,5.59,991,69,922,2,1.6,1,50.5,True,base-set-2,027/130,Normal,Rare,https://cdn.poketrace.com/cards/b3b39427ec1493a9.webp,3.33,278,5.498,5.498,0,15.5,True,28,11,36.662857,39.84889,47.25,22,20.442858,21.472,991,2026-03-11T08:58:38Z,,
swsh1-86,019bff95-4415-71ab-8e61-fd85b0af9c05,Wobbuffet V,SWSH01: Sword & Shield Base Set,1,0.99,1441,96,1345,2,3.4,1,50.5,True,swsh01-sword-and-shield-base-set,086/202,Holofoil,Ultra Rare,https://cdn.poketrace.com/cards/45b14eb3f792058c.webp,1.05,1205,0.956,0.956,0,0,True,45,30,0,0,13.1,16,15.1214285,14.958667,1386,2026-03-11T08:58:38Z,,
swsh4.5-SV087,019bffa4-08c3-76a4-9178-0a2be7309f7d,Galarian Perrserker,Crown Zenith,1.78,0.26,1165,25,1140,2,2.3,1,50.5,True,crown-zenith,085/159,Reverse_Holofoil,Rare,https://cdn.poketrace.com/cards/9ca0501f0ccb70b4.webp,0.3,1052,0.266,0.266,0,12.6,True,0,0,0,0,0,0,0,0,1165,2026-03-11T08:58:38Z,,
ex2-36,019bff7b-60a5-76b8-99df-3e667aa39c9d,Elekid,Neo Genesis,2.41,3.51,896,11,885,2,1,1,50.5,True,neo-genesis,022/111,Unlimited,Rare,https://cdn.poketrace.com/cards/4689afe4a8c0970e.webp,2.04,259,3.476,3.476,0,19.3,False,0,0,0,0,0,0,0,0,896,2026-03-11T08:58:38Z,,
sm1-27,019bff8b-8e10-7797-baf9-5cc510f1aaf5,Incineroar GX,SM Base Set,2.42,2.42,1371,90,1281,2,3,1,50.5,True,sm-base-set,27/149,Holofoil,Ultra Rare,https://cdn.poketrace.com/cards/5e0053a66974dd34.webp,1.89,874,2.492,2.492,0,19.4,True,48.22,26,45.71,36.042,18.5,25,17.105715,17.718334,1371,2026-03-11T08:58:38Z,,
sv04.5-144,019bffa7-ed6f-747e-a888-86b64af370b9,Pawmot,SV01: Scarlet & Violet Base Set,2.31,6.45,3090,181,2909,2,9.6,1,50.5,True,sv01-scarlet-and-violet-base-set,209/198,Holofoil,Illustration Rare,https://cdn.poketrace.com/cards/2281676317c36c9f.webp,4.98,2572,5.834,5.834,0,18.4,True,72,22,0,0,17.02,27,18.58,18.58,3090,2026-03-11T08:58:38Z,,
gym2-77,019bff7d-2e12-77f0-9b56-25a41b8b1474,Koga's Ekans,Gym Challenge,1.28,0.86,1308,33,1275,2,2.8,1,50.5,True,gym-challenge,077/132,Unlimited,Common,https://cdn.poketrace.com/cards/d7b80f7e5148170d.webp,0.62,401,0.836,0.836,0,5.4,True,56.99,9,0,0,21.31,3,0,0,1308,2026-03-11T08:58:38Z,,
sv08-202,019bff82-9f84-7584-9776-0c33fc671260,Stunfisk,Legendary Treasures: Radiant Collection,1.67,3.34,1631,32,1599,2,3.8,1,50.5,True,legendary-treasures-radiant-collection,RC12/RC25,Holofoil,Uncommon,https://cdn.poketrace.com/cards/394c53239244f469.webp,1.69,569,3.212,3.212,0,11.2,True,52.99,1,0,0,21.5,4,0,0,1631,2026-03-11T08:58:38Z,,
xy10-19,019bff8a-a5c0-76a9-86a3-974ad823cdd5,Omastar BREAK,XY - Fates Collide,2.37,2.33,809,61,748,2,0.8,1,50.5,True,xy-fates-collide,19/124,Holofoil,Rare BREAK,https://cdn.poketrace.com/cards/79faa641e1862901.webp,1.36,417,2.312,2.312,0,18.9,True,150,16,0,0,19.5,9,15.5271435,17.33,809,2026-03-11T08:58:38Z,,
swsh8-282,019c3ac3-ec6d-756e-8a51-7b52210b4ae0,Training Court,SWSH02: Rebel Clash,2.12,0.19,1143,20,1123,2,2.1,1,50.5,True,swsh02-rebel-clash,169/192,Normal,Uncommon,https://cdn.poketrace.com/cards/fb5b36045a0e3e25.webp,0.14,776,0.186,0.186,0,16.5,True,0,0,0,0,0,0,0,0,1143,2026-03-11T08:58:38Z,,
xy4-93,019c3ac3-ec69-768f-9596-57e240f10d02,Dimension Valley,XY - Phantom Forces,1.08,1.08,1066,14,1052,2,1.9,1,50.5,True,xy-phantom-forces,93/119,Normal,Uncommon,https://cdn.poketrace.com/cards/d625659a71dcbe5c.webp,0.85,433,1.06,1.06,0,1.7,True,0,0,0,0,11.5,1,0,0,1065,2026-03-11T08:58:38Z,,
dp4-55,019bff83-863e-704c-9303-5ce04bf2942e,Togetic,Neo Genesis,1.03,29.86,686,247,439,2,0,1,50.5,True,neo-genesis,016/111,Unlimited_Holofoil,Holo Rare,https://cdn.poketrace.com/cards/655383059e81cefc.webp,21.36,76,29.86,29.86,0,0.6,True,900,25,1647.9767,1647.9767,200,22,0,0,461,2026-03-11T08:58:38Z,,
swsh5-158,019c3ac3-ec6e-7325-9ce6-1011491a7158,Bruno,SWSH05: Battle Styles,1.93,0.09,693,11,682,2,0,1,50.5,True,swsh05-battle-styles,121/163,Normal,Uncommon,https://cdn.poketrace.com/cards/c3d0e59f7585359a.webp,0.06,615,0.09,0.09,0,14.4,False,0,0,0,0,0,0,0,0,693,2026-03-11T08:58:38Z,,
gym1-110,019bff7b-60a6-776a-9f3d-fc74eb1a6d00,Erika's Perfume,Gym Heroes,1.41,1.1,673,4,669,2,0,1,50.5,True,gym-heroes,110/132,Unlimited,Uncommon,https://cdn.poketrace.com/cards/fbd0e37618f4d491.webp,0.91,125,1.1,1.1,0,7.5,False,0,0,0,0,0,0,0,0,673,2026-03-11T08:58:38Z,,
neo1-42,019bff7f-e2b8-7168-a03c-30838424ea9f,Noctowl,Neo Genesis,2.32,3.1,656,26,630,2,0,1,50.5,True,neo-genesis,042/111,Unlimited,Uncommon,https://cdn.poketrace.com/cards/4fe517487cfe7605.webp,2.22,168,3.1,3.1,0,18.5,True,48.95,4,67.81714,58.848,43.4,2,29.11,26.305714,656,2026-03-11T08:58:38Z,,
bw11-30,019bff77-befa-771d-bab0-e3cb2b295128,Magikarp,Base Set,1.82,2.87,5336,199,5137,2,18.6,1,50.5,True,base-set,035/102,Normal,Uncommon,https://cdn.poketrace.com/cards/5051ac406f359d87.webp,1.03,1304,3.404,3.404,0,13.1,True,300,33,273.998,273.998,54.54,23,67.99333,67.99333,5336,2026-03-11T08:58:38Z,,
swsh4.5-SV023,019bff99-7af0-71d4-a48d-f6a7849f18c1,Galarian Darumaka,Shining Fates: Shiny Vault,2.32,1.77,715,70,645,2,0.3,1,50.5,True,shining-fates-shiny-vault,SV023/SV122,Holofoil,Shiny Holo Rare,https://cdn.poketrace.com/cards/e3aa87131c5135b9.webp,1.75,593,1.776,1.776,0,18.5,True,22.5,14,0,0,13,8,0,0,715,2026-03-11T08:58:38Z,,
neo1-77,019bff82-9f84-7584-9776-30e3d7012362,Sudowoodo,Neo Genesis,1.05,0.76,1024,44,980,2,1.3,1,50.5,True,neo-genesis,077/111,Unlimited,Common,https://cdn.poketrace.com/cards/6b4f0d0b1d169b05.webp,0.63,347,0.75,0.75,0,1.1,True,24.62,1,0,0,32.95,9,0,0,1001,2026-03-11T08:58:38Z,,
xy2-88,019c3ac3-ec69-768f-9593-40e46ad5f151,Blacksmith,XY - Flashfire,1.57,1.57,825,21,804,2,0.6,1,50.5,True,xy-flashfire,88/106,Normal,Uncommon,https://cdn.poketrace.com/cards/73623a6ca3955506.webp,1.05,244,1.56,1.56,0,9.9,True,0,0,0,0,0,0,0,0,825,2026-03-11T08:58:38Z,,
swsh5-51,019bff99-7af1-7262-a097-6f6f111d75f5,Tapu Koko VMAX,SWSH05: Battle Styles,1.58,1.58,1760,89,1671,2,4.4,1,50.5,True,swsh05-battle-styles,051/163,Holofoil,Ultra Rare,https://cdn.poketrace.com/cards/598923011ead0396.webp,1.59,1537,1.51,1.51,0,10,True,35,30,0,0,24.99,5,9.3025,9.3025,1760,2026-03-11T08:58:38Z,,
swsh7-59,019bff9b-b935-713a-8620-a4f661143f4c,Dracozolt VMAX,SWSH07: Evolving Skies,1.84,1.84,2284,108,2176,2,6.4,1,50.5,True,swsh07-evolving-skies,059/203,Holofoil,Ultra Rare,https://cdn.poketrace.com/cards/ff71f72b777103d5.webp,1.9,2002,1.722,1.722,0,13.4,True,24.5,29,25.449999,25.449999,10.5,10,0,0,2284,2026-03-11T08:58:38Z,,
dp5-27,019bffb0-7845-751b-84c5-9e1f797620ee,Phione,SV06: Twilight Masquerade,2.1,0.19,1225,15,1210,2,2.1,1,50.5,True,sv06-twilight-masquerade,055/167,Reverse_Holofoil,Common,https://cdn.poketrace.com/cards/f49ae4c3047631b9.webp,0.14,1066,0.194,0.194,0,16.3,True,0,0,0,0,0,0,0,0,1225,2026-03-11T08:58:38Z,,
gym2-91,019bff7e-fc50-71f0-aee3-584bbf3efb98,Misty's Seel,Gym Heroes,1.46,0.89,1290,37,1253,2,2.7,1,50.5,True,gym-heroes,088/132,Unlimited,Common,https://cdn.poketrace.com/cards/1b10376f4cbba4e1.webp,0.54,363,0.866,0.866,0,8.3,True,62.99,6,0,0,19.5,9,24.75,24.75,1290,2026-03-11T08:58:38Z,,
xy5-29,019bff85-5460-7187-9f17-bfe2748f2bb1,Camerupt EX,XY - Primal Clash,1.83,1.83,614,73,541,2,0.3,1,50.4,True,xy-primal-clash,29/160,Holofoil,Ultra Rare,https://cdn.poketrace.com/cards/ae103d138a32cad1.webp,1.24,255,1.824,1.824,0,13.2,True,68,14,0,0,4.31,24,0,0,614,2026-03-11T08:58:38Z,,
bw11-RC15,019bff83-863d-7188-8d83-0f1be1285bf0,Teddiursa,Neo Discovery,1.64,0.83,1795,46,1749,2,5.1,1,50.4,True,neo-discovery,65/75,Unlimited,Common,https://cdn.poketrace.com/cards/034af38e29aa7f45.webp,0.49,539,0.788,0.788,0,10.8,True,39.99,3,53.805714,57.13233,55,6,29.735714,21.009644,1795,2026-03-11T08:58:38Z,,
ex10-20,019bff77-bef9-75ac-b16b-3ab0c302a008,Chansey,Base Set,2.57,45.54,2372,372,2000,2,7.5,1,50.4,True,base-set,003/102,Holofoil,Holo Rare,https://cdn.poketrace.com/cards/964fed83007d0ba8.webp,23.96,291,42.122,42.122,0,20.7,True,4999,31,0,0,315,19,323.28,323.28,2372,2026-03-11T08:58:38Z,,
sv04-263,019bffab-58ba-7458-9ea7-e188aa8f873d,Beach Court,SV04: Paradox Rift,2.55,2.81,2167,100,2067,2,6.4,1,50.4,True,sv04-paradox-rift,263/182,Holofoil,Hyper Rare,https://cdn.poketrace.com/cards/981b6b1a3217c672.webp,2.16,1934,2.63,2.63,0,20.5,True,55,14,0,0,18.89,11,0,0,2167,2026-03-11T08:58:38Z,,
swsh4.5-SV043,019bffa4-08c2-73d1-9af9-7ace8a1794fc,Pincurchin,Crown Zenith,2.54,0.29,1100,17,1083,2,2.1,1,50.4,True,crown-zenith,056/159,Reverse_Holofoil,Uncommon,https://cdn.poketrace.com/cards/235a738d9786d9a9.webp,0.24,962,0.284,0.284,0,20.4,False,0,0,0,0,0,0,0,0,1100,2026-03-11T08:58:38Z,,
swsh7-229,019c3ac3-ec6e-7325-9ce9-dd753f90b312,Boost Shake,SWSH07: Evolving Skies,2.1,0.07,1206,13,1193,2,2.9,1,50.4,True,swsh07-evolving-skies,142/203,Normal,Uncommon,https://cdn.poketrace.com/cards/94c1ee9da004635f.webp,0.12,990,0.068,0.068,0,16.2,False,0,0,0,0,0,0,0,0,1206,2026-03-11T08:58:38Z,,
sm8-98,019bff90-f393-73c5-8bd3-db2b9fba5cc9,Sigilyph GX,SM - Lost Thunder,1.85,1.87,506,41,465,2,0.2,1,50.4,True,sm-lost-thunder,98/214,Holofoil,Ultra Rare,https://cdn.poketrace.com/cards/8713de6ceb00afc1.webp,1.6,375,1.874,1.874,0,13.5,True,60,9,39.035,39.035,8.01,8,11.211429,11.211429,506,2026-03-11T08:58:38Z,,
swsh4.5-SV109,019bffa2-09bf-74f6-b7ec-b8878b821047,Centiskorch VMAX,SWSH11: Lost Origin Trainer Gallery,2.12,5.61,1852,138,1714,2,5.2,1,50.4,True,swsh11-lost-origin-trainer-gallery,TG15/TG30,Holofoil,Ultra Rare,https://cdn.poketrace.com/cards/b5274bb85cb1d259.webp,5.26,1559,5.32,5.32,0,16.4,True,37.97,30,43.653336,43.653336,12.5,28,0,0,1852,2026-03-11T08:58:38Z,,
gym2-61,019bff78-a647-717f-a4e3-f53d2cea1c53,Blaine's Doduo,Gym Challenge,1.21,0.66,1043,4,1039,2,2.1,1,50.4,True,gym-challenge,061/132,Unlimited,Common,https://cdn.poketrace.com/cards/4fc2fbef05c5d8f0.webp,0.52,365,0.674,0.674,0,4.2,True,0,0,0,0,0,0,0,0,1043,2026-03-11T08:58:38Z,,
sv04.5-189,019bffac-ba79-773e-9b06-cc8fdc8f7e5c,Shroodle,SV: Paldean Fates,1.83,1.98,1469,64,1405,2,3.7,1,50.4,True,sv-paldean-fates,189/091,Holofoil,Shiny Rare,https://cdn.poketrace.com/cards/fe81fad0538cccf3.webp,1.68,1383,1.906,1.906,0,13.2,True,52,8,63,63,26.15,3,16.5,16.5,1469,2026-03-11T08:58:38Z,,
swsh4.5-66,019c3ac3-ec6e-7325-9cdf-ad376b02d3af,Bird Keeper,SWSH03: Darkness Ablaze,2.12,0.12,1819,14,1805,2,5,1,50.4,True,swsh03-darkness-ablaze,159/189,Normal,Uncommon,https://cdn.poketrace.com/cards/a006e47f6ac5d999.webp,0.12,1338,0.126,0.126,0,16.4,True,0,0,0,0,6.5,1,0,0,1819,2026-03-11T08:58:38Z,,
gym1-87,019bff7e-fc50-71f0-aee3-393526f4f7a1,Misty's Poliwag,Gym Heroes,1.12,0.76,1666,52,1614,2,4.5,1,50.4,True,gym-heroes,087/132,Unlimited,Common,https://cdn.poketrace.com/cards/4679a4bfd66c747e.webp,0.66,428,0.726,0.726,0,2.5,True,49.95,4,0,0,8.5,12,0,0,1666,2026-03-11T08:58:38Z,,
swsh3.5-69,019bff97-5468-75b8-868f-9ad36998dd08,Drednaw V,Champion's Path,1.41,0.65,1567,96,1471,2,4.3,1,50.4,True,champions-path,14/73,Holofoil,Ultra Rare,https://cdn.poketrace.com/cards/596f3ff5ba15c62b.webp,0.89,1352,0.678,0.678,0,7.5,True,16.5,28,22.39,18.695,7,24,10.212857,9.868409,1567,2026-03-11T08:58:38Z,,
swsh11-TG11,019bff9a-8590-7083-8ab1-e66946babebc,Castform,SWSH06: Chilling Reign,1.22,0.28,1038,16,1022,2,2.1,1,50.4,True,swsh06-chilling-reign,121/198,Reverse_Holofoil,Common,https://cdn.poketrace.com/cards/9180bcfcc8eeeab9.webp,0.24,853,0.286,0.286,0,4.4,False,0,0,0,0,0,0,0,0,1038,2026-03-11T08:58:38Z,,
gym2-95,019bff81-ba59-7208-a499-4895af904a59,Sabrina's Drowzee,Gym Heroes,1.01,1.3,1245,38,1207,2,3.1,1,50.4,True,gym-heroes,092/132,Unlimited,Common,https://cdn.poketrace.com/cards/27a30874d84ffff5.webp,0.83,341,1.26,1.26,0,0.2,True,89.99,4,0,0,15,7,0,0,1226,2026-03-11T08:58:38Z,,
sm10-149,019bff92-de40-7086-ac3c-49884fd4ed2b,Persian GX,SM - Unbroken Bonds,2.15,2.15,733,103,630,2,0.9,1,50.4,True,sm-unbroken-bonds,149/214,Holofoil,Ultra Rare,https://cdn.poketrace.com/cards/dfd9c3016a56c129.webp,1.95,559,2.17,2.17,0,16.8,True,39,31,34.5,34.5,15.51,23,13.634286,14.422381,733,2026-03-11T08:58:38Z,,
swsh4.5-SV091,019bff99-7af1-7262-a093-516ca45f0960,Copperajah,Shining Fates: Shiny Vault,1.61,1.48,661,60,601,2,0.5,1,50.4,True,shining-fates-shiny-vault,SV091/SV122,Holofoil,Shiny Holo Rare,https://cdn.poketrace.com/cards/71673f8ba7a0deec.webp,1.17,564,1.472,1.472,0,10.4,True,36.63,15,0,0,6.5,3,0,0,661,2026-03-11T08:58:38Z,,
base1-89,019bff77-befa-771d-bab1-b885bf49ecef,Revive,Base Set,2.15,2.19,2558,146,2412,2,7.9,1,50.4,True,base-set,089/102,Normal,Uncommon,https://cdn.poketrace.com/cards/853ad5eec424d2ab.webp,1.13,707,2.018,2.018,0,16.8,True,485,28,547.5,547.5,35,25,44.877144,36.80348,2558,2026-03-11T08:58:38Z,,
swshp-SWSH010,019bff99-7af0-71d4-a48d-b06a205dd090,Gossifleur,Shining Fates: Shiny Vault,1.43,1.78,708,79,629,2,1,1,50.4,True,shining-fates-shiny-vault,SV010/SV122,Holofoil,Shiny Holo Rare,https://cdn.poketrace.com/cards/df3e7fa6e8dbeaba.webp,1.62,590,1.798,1.798,0,7.8,True,36.2,19,0,0,8.5,10,0,0,708,2026-03-11T08:58:38Z,,
sm8-100,019bffc8-5c95-757c-aede-30aee13678ba,Cofagrigus,SV08: Surging Sparks,1.23,0.22,1395,13,1382,2,3.6,1,50.4,True,sv08-surging-sparks,083/191,Reverse_Holofoil,Rare,https://cdn.poketrace.com/cards/55ccc0f0f320f215.webp,0.14,1291,0.228,0.228,0,4.5,True,0,0,0,0,0,0,0,0,1395,2026-03-11T08:58:38Z,,
sm11-25,019bff92-de41-7265-b537-5ce8ea84e170,Heatran GX,SM - Unified Minds,1.75,1.6,474,70,404,2,0,1,50.4,True,sm-unified-minds,25/236,Holofoil,Ultra Rare,https://cdn.poketrace.com/cards/b247460bf3f1965e.webp,1.29,325,1.6,1.6,0,12.2,True,32,18,33.20786,30.465,26.9,11,14.152857,14.932,474,2026-03-11T08:58:38Z,,
hgss1-86,019bff83-863e-704c-9304-3565aaa4980c,Totodile,Neo Destiny,1.48,2.41,989,8,981,2,1.7,1,50.4,True,neo-destiny,085/105,Unlimited,Common,https://cdn.poketrace.com/cards/214a9008cbcdde31.webp,1.57,377,2.45,2.45,0,8.6,True,0,0,0,0,13.5,1,0,0,989,2026-03-11T08:58:38Z,,
dp7-86,019c3ac3-ec66-706d-a4a4-c1ac77e899e1,Luxury Ball,Stormfront,1.57,1.57,634,25,609,2,0.6,1,50.4,True,stormfront,86/100,Normal,Uncommon,https://cdn.poketrace.com/cards/f0d9db4f0265ea32.webp,1.31,112,1.58,1.58,0,9.9,False,0,0,0,0,0,0,0,0,634,2026-03-11T08:58:38Z,,
ex4-63,019c3ac3-ec69-768f-9586-bdce91eee088,Team Magma's Houndour,Team Magma vs Team Aqua,2.41,0.77,454,23,431,2,0,1,50.4,True,team-magma-vs-team-aqua,62/95,Normal,Common,https://cdn.poketrace.com/cards/324ccfb97ef51efa.webp,0.57,187,0.77,0.77,0,19.3,True,49.99,1,0,0,0,0,0,0,454,2026-03-11T08:58:38Z,,
me02.5-259,019bffc8-5c95-757c-aede-3aa82cd316ef,Counter Gain,SV08: Surging Sparks,1.09,0.26,2481,14,2467,2,7.7,1,50.4,True,sv08-surging-sparks,169/191,Reverse_Holofoil,Uncommon,https://cdn.poketrace.com/cards/1b33d0526a25ac77.webp,0.21,2381,0.24,0.24,0,1.9,False,0,0,0,0,0,0,0,0,2481,2026-03-11T08:58:38Z,,
bw5-49,019bff77-befc-77ae-b883-31c7d78ec6b4,Slowking,Southern Islands,2.4,149.93,699,231,468,2,0.9,1,50.4,True,southern-islands,14/18,Reverse_Holofoil,Promo,https://cdn.poketrace.com/cards/2cb9b349d144d467.webp,86.64,87,148.508,148.508,0,19.2,True,3950,17,3357.4258,2232.06,390,21,355,355,699,2026-03-11T08:58:38Z,,
xy9-14,019bff89-bc5e-71ed-9468-ab4fe31ad034,Emboar EX,XY - BREAKpoint,2.2,2.25,521,66,455,2,0,1,50.4,True,xy-breakpoint,14/122,Holofoil,Ultra Rare,https://cdn.poketrace.com/cards/ba475863c558354e.webp,2.26,215,2.25,2.25,0,17.3,True,169.95,14,0,0,40,10,0,0,521,2026-03-11T08:58:38Z,,
gym1-53,019bff7e-fc50-71f0-aee3-4353b713f3fc,Misty's Poliwhirl,Gym Heroes,2.03,1.86,901,1,900,2,1.4,1,50.4,True,gym-heroes,053/132,Unlimited,Uncommon,https://cdn.poketrace.com/cards/00830778219ea90e.webp,1.64,254,1.834,1.834,0,15.5,False,0,0,0,0,0,0,0,0,901,2026-03-11T08:58:38Z,,
ex11-55,019bff81-ba5b-72b4-ae79-23216d2922ab,Skarmory,Neo Genesis,2.38,22.92,618,36,582,2,0.2,1,50.4,True,neo-genesis,013/111,Unlimited_Holofoil,Holo Rare,https://cdn.poketrace.com/cards/03f2d5a880011d42.webp,16.85,115,22.882,22.882,0,19,True,975,1,0,0,155,4,0,0,618,2026-03-11T08:58:38Z,,
sv05-153,019bff7e-fc4e-7689-a93c-b85d2a2a2bcc,Master Ball,Gym Challenge,1.04,2.94,598,1,597,2,0.4,1,50.4,True,gym-challenge,116/132,Unlimited,Uncommon,https://cdn.poketrace.com/cards/53bb0100812f07eb.webp,2.37,153,2.952,2.952,0,0.9,False,0,0,0,0,0,0,0,0,598,2026-03-11T08:58:38Z,,
neo1-93,019bff7c-4504-758b-a7c9-d5b04cfd423b,Gold Berry,Neo Genesis,1.51,3.32,673,4,669,2,0.5,1,50.4,True,neo-genesis,093/111,Unlimited,Uncommon,https://cdn.poketrace.com/cards/6e02a1c77bdb56b1.webp,2.51,150,3.302,3.302,0,9,False,0,0,0,0,0,0,0,0,673,2026-03-11T08:58:38Z,,
sm2-25,019bff8c-7243-760b-b38e-b50088f5aba2,Politoed,SM - Guardians Rising,1.26,0.96,503,26,477,2,0,1,50.4,True,sm-guardians-rising,25/145,Reverse_Holofoil,Holo Rare,https://cdn.poketrace.com/cards/4c3edc6cd330fd0e.webp,1.06,299,0.96,0.96,0,5.1,True,0,0,0,0,34.95,2,0,0,503,2026-03-11T08:58:38Z,,
ex2-60,019bff7a-78f4-707a-bf71-f2bbaf54c169,Dunsparce,Neo Discovery,1.64,0.59,1309,49,1260,2,3.1,1,50.4,True,neo-discovery,54/75,Unlimited,Common,https://cdn.poketrace.com/cards/1a8ad53274ae82da.webp,0.41,348,0.572,0.572,0,10.8,True,44.99,5,0,0,24.29,4,15.045714,23.46342,1309,2026-03-11T08:58:38Z,,
swshp-SWSH207,019c3ac3-ec6f-71ad-827f-3fd328aa54f3,Hisuian Samurott,SWSH10: Astral Radiance,1.72,0.26,808,44,764,2,1.5,1,50.3,True,swsh10-astral-radiance,100/189,Holofoil,Holo Rare,https://cdn.poketrace.com/cards/ad66c76fa845d315.webp,0.27,662,0.264,0.264,0,11.8,True,29.99,1,0,0,16.99,1,0,0,808,2026-03-11T08:58:38Z,,
sm7-85,019bff90-0db3-7328-a5c9-1474eb9bad41,Alolan Raticate GX,SM - Celestial Storm,2.03,2.75,383,31,352,2,0,1,50.3,True,sm-celestial-storm,85/168,Holofoil,Ultra Rare,https://cdn.poketrace.com/cards/89ce91c7f0268b83.webp,2.6,225,2.75,2.75,0,15.5,True,72.14,8,52.21143,52.21143,13.5,3,10.835,10.835,383,2026-03-11T08:58:38Z,,
xy6-51,019bff8b-8e11-77cf-94aa-81d088f244d9,Dragonite,SM Base Set,1.37,1.41,879,78,801,2,2,1,50.3,True,sm-base-set,96/149,Reverse_Holofoil,Holo Rare,https://cdn.poketrace.com/cards/d66a7ec1bb3485b2.webp,1.36,522,1.382,1.382,0,6.9,True,102.5,19,88.02857,80.72375,30,28,0,0,879,2026-03-11T08:58:38Z,,
xy6-92,019bff86-38c8-778e-9e3e-fb4aaa6f220a,Trainers' Mail,XY - Roaring Skies,1.94,2.04,402,16,386,2,0,1,50.3,True,xy-roaring-skies,92/108,Reverse_Holofoil,Uncommon,https://cdn.poketrace.com/cards/38c008a9fe6423d9.webp,1.49,141,2.04,2.04,0,14.5,True,0,0,0,0,0,0,0,0,402,2026-03-11T08:58:38Z,,
swshp-SWSH021,019bff96-3f25-72d1-b36a-878b33f30e32,Polteageist V,SWSH: Sword & Shield Promo Cards,1.28,1.65,543,30,513,2,0.5,1,50.3,True,swsh-sword-and-shield-promo-cards,SWSH021,Holofoil,Promo,https://cdn.poketrace.com/cards/42ca5be48425daa8.webp,1.27,431,1.658,1.658,0,5.4,False,0,0,0,0,0,0,0,0,543,2026-03-11T08:58:38Z,,
pl4-87,019c3ac3-ec65-7568-b38e-00cc965354c6,Expert Belt,Arceus,1.06,1.06,391,25,366,2,0,1,50.3,True,arceus,87/99,Normal,Uncommon,https://cdn.poketrace.com/cards/b6a3995deef9e338.webp,0.85,83,1.06,1.06,0,1.3,True,0,0,0,0,0,0,0,0,385,2026-03-11T08:58:38Z,,
dv1-17,019bff7a-78f4-707a-bf71-858c706a2264,Druddigon,Dragon Vault,2.36,2.36,355,54,301,2,0.1,1,50.3,True,dragon-vault,17/20,Holofoil,Holo Rare,https://cdn.poketrace.com/cards/ac4bca587f8f1036.webp,1.95,158,2.362,2.362,0,18.8,True,295,6,104.936,104.936,79.99,9,0,0,355,2026-03-11T08:58:38Z,,
hgss3-74,019c3ac3-ec65-7568-b38f-b54c49230aa3,Flower Shop Lady,Undaunted,1.64,1.64,379,22,357,2,0.1,1,50.3,True,undaunted,74/90,Normal,Uncommon,https://cdn.poketrace.com/cards/22c1c00030d6aeef.webp,0.98,111,1.642,1.642,0,10.8,True,0,0,0,0,34.95,1,0,0,379,2026-03-11T08:58:38Z,,
neo4-37,019bff7a-78f3-7153-ae66-13e9d64bba08,Dark Omanyte,Neo Destiny,1.87,3.68,564,4,560,2,0.5,1,50.3,True,neo-destiny,037/105,Unlimited,Uncommon,https://cdn.poketrace.com/cards/30478f6c31b1ef69.webp,2.84,222,3.66,3.66,0,13.7,True,0,0,0,0,0,0,0,0,564,2026-03-11T08:58:38Z,,
swsh11-066,019bff7b-60a8-766b-9d0c-ce4d79feda50,Gengar,Legendary Collection,2.37,141.12,336,246,90,2,0,1,50.3,True,legendary-collection,011/110,Reverse_Holofoil,Holo Rare,https://cdn.poketrace.com/cards/443f2f96bc965b6a.webp,94.92,19,141.12,141.12,0,18.8,True,2665,5,5683.2974,5683.2974,6000,27,0,0,336,2026-03-11T08:58:38Z,,
dp3-118,019bff84-6f78-703d-b07e-a8d94bf64302,Wooper,Neo Discovery,1.66,1.62,1623,6,1617,2,4.9,1,50.3,True,neo-discovery,71/75,Unlimited,Common,https://cdn.poketrace.com/cards/72965b746a0bd167.webp,1.12,508,1.54,1.54,0,11.1,True,0,0,0,0,0,0,0,0,1623,2026-03-11T08:58:38Z,,
neo4-58,019bff83-8640-7057-ac6c-55cd87047eb2,Unown [P],Neo Destiny,2.09,2.77,432,3,429,2,0.1,1,50.3,True,neo-destiny,058/105,Unlimited,Uncommon,https://cdn.poketrace.com/cards/9860f6549c60f536.webp,2.61,176,2.7725,2.7725,0,16.1,False,0,0,0,0,0,0,0,0,432,2026-03-11T08:58:38Z,,
dc1-12,019c3ac3-ec68-7410-8be2-fea9508901e4,Team Magma's Aron,Team Magma vs Team Aqua,1.68,0.72,401,25,376,2,0.3,1,50.3,True,team-magma-vs-team-aqua,58/95,Normal,Common,https://cdn.poketrace.com/cards/f396234c38113531.webp,0.47,175,0.718,0.718,0,11.3,True,44.99,1,0,0,6,2,0,0,401,2026-03-11T08:58:38Z,,
ex1-59,019bff7e-fc51-74ac-aafe-8589681a2667,Mudkip,Crystal Guardians,2.54,37.53,360,101,259,2,0,1,50.3,True,crystal-guardians,57/100,Reverse_Holofoil,Common,https://cdn.poketrace.com/cards/0776e5c1263b0fe1.webp,18.77,85,37.53,37.53,0,20.4,True,1095,8,0,0,150.05,27,0,0,360,2026-03-11T08:58:38Z,,
swsh8-258,019bff9c-c080-745e-b3db-b3c207aac3a9,Chili & Cilan & Cress,SWSH08: Fusion Strike,1.68,0.21,318,9,309,2,0,1,50.3,True,swsh08-fusion-strike,227/264,Reverse_Holofoil,Uncommon,https://cdn.poketrace.com/cards/1899688def948308.webp,0.18,273,0.21,0.21,0,11.3,False,0,0,0,0,0,0,0,0,318,2026-03-11T08:58:38Z,,
sm12-62,019bff93-f25a-71cc-92f8-14729ea2554b,Wishiwashi,SM - Cosmic Eclipse,2.1,2.73,367,22,345,2,0.1,1,50.3,True,sm-cosmic-eclipse,62/236,Reverse_Holofoil,Holo Rare,https://cdn.poketrace.com/cards/8522f90aff9ef2be.webp,1.92,304,2.726,2.726,0,16.2,False,0,0,0,0,0,0,0,0,367,2026-03-11T08:58:38Z,,
dp3-60,019bff80-d351-7535-a79a-3f8d2bcc501d,Quagsire,Neo Revelation,2.3,2.19,1397,54,1343,2,4.2,1,50.3,True,neo-revelation,48/64,Unlimited,Common,https://cdn.poketrace.com/cards/83883074b78d23f0.webp,2.37,411,2.098,2.098,0,18.2,True,54.84,6,0,0,19.86,4,0,0,1397,2026-03-11T08:58:38Z,,
neo1-104,019bff7a-78f3-7153-ae67-008a2d81e826,Darkness Energy,Neo Genesis,2.3,5.33,579,24,555,2,0.9,1,50.3,True,neo-genesis,104/111,Unlimited,Rare,https://cdn.poketrace.com/cards/738f97c3384351ab.webp,3.61,127,5.282,5.282,0,18.2,True,39,5,0,0,9.51,2,0,0,579,2026-03-11T08:58:38Z,,
sm3-17,019bff8c-7244-7168-b577-0ca702e401af,Golisopod GX,SM - Burning Shadows,1.26,1.25,1049,125,924,2,2.6,1,50.3,True,sm-burning-shadows,17/147,Holofoil,Ultra Rare,https://cdn.poketrace.com/cards/2b7b9f0a053daa68.webp,1.35,627,1.282,1.282,0,5,True,59.99,29,0,0,17,22,0,0,1049,2026-03-11T08:58:38Z,,
swsh12.5-014,019bffa4-08c2-73d1-9af8-258c714a5ab6,Leafeon VSTAR,Crown Zenith,2.24,2.25,4258,273,3985,2,15.1,1,50.3,True,crown-zenith,014/159,Holofoil,Ultra Rare,https://cdn.poketrace.com/cards/c721ac052e521aba.webp,2.22,3828,2.59,2.59,0,17.6,True,39.99,35,44.745003,44.745003,22.75,24,21.71857,16.960682,4258,2026-03-11T08:58:38Z,,
swsh1-192,019bff99-7af1-7262-a093-7039564f7b5d,Indeedee V,Shining Fates,1.69,0.53,3312,121,3191,2,11.7,1,50.3,True,shining-fates,039/072,Holofoil,Ultra Rare,https://cdn.poketrace.com/cards/c4d5ab30428a5f49.webp,0.63,2824,0.592,0.592,0,11.5,True,27.27,20,0,0,13,15,0,0,3312,2026-03-11T08:58:38Z,,
dc1-27,019c3ac3-ec6a-771e-9d00-841b357932ba,Team Aqua's Great Ball,Double Crisis,1.06,1.06,372,13,359,2,0,1,50.3,True,double-crisis,27/34,Normal,Uncommon,https://cdn.poketrace.com/cards/f47981dcfea2c95b.webp,0.79,182,1.06,1.06,0,1.3,False,0,0,0,0,0,0,0,0,372,2026-03-11T08:58:38Z,,
neo1-90,019bff83-863e-704c-9303-0ccef4b2727c,Time Capsule,Neo Genesis,1.27,1.19,490,24,466,2,0.3,1,50.3,True,neo-genesis,090/111,Unlimited,Rare,https://cdn.poketrace.com/cards/6902e16b7d6e7b12.webp,0.89,176,1.194,1.194,0,5.2,True,50,2,0,0,19.99,2,14.3171425,18.5416,490,2026-03-11T08:58:38Z,,
swsh9-029,019bff9d-c5dd-752a-bcc2-e9cf4119386b,Kingler VMAX,SWSH09: Brilliant Stars,1.95,1.95,3049,179,2870,2,10.4,1,50.3,True,swsh09-brilliant-stars,029/172,Holofoil,Ultra Rare,https://cdn.poketrace.com/cards/034cd7b56165a274.webp,2.01,2647,2.152,2.152,0,14.6,True,45.99,32,0,0,19.95,24,16.225,16.225,3049,2026-03-11T08:58:38Z,,
me02-104,019bff8b-8e10-7797-baf9-c710ed3cca75,Togedemaru,SM Base Set,1.49,0.25,336,26,310,2,0,1,50.3,True,sm-base-set,53/149,Reverse_Holofoil,Common,https://cdn.poketrace.com/cards/14d4584c152942aa.webp,0.22,270,0.25,0.25,0,8.7,True,50,1,0,0,6.05,1,0,0,336,2026-03-11T08:58:38Z,,
ex2-30,019bff78-a647-717f-a4e1-1143bf0e1f2d,Azumarill,Neo Genesis,1.53,20.26,744,198,546,2,1.3,1,50.3,True,neo-genesis,002/111,Unlimited_Holofoil,Holo Rare,https://cdn.poketrace.com/cards/24db8e6e63c89098.webp,16.34,116,19.996,19.996,0,9.3,True,855,4,0,0,72.72,21,0,0,744,2026-03-11T08:58:38Z,,
pop6-12,019bff78-a648-7332-9aa5-0684c7f1f194,Buneary,POP Series 9,2.5,0.6,442,20,422,2,0,1,50.3,True,pop-series-9,012/017,Normal,Common,https://cdn.poketrace.com/cards/2be17467bcd41e6f.webp,0.36,93,0.6,0.6,0,20,True,0,0,0,0,0,0,0,0,442,2026-03-11T08:58:38Z,,
swsh4.5-SV075,019bff99-7af1-7262-a092-e40e1b55cadc,Stonjourner,Shining Fates: Shiny Vault,2.13,1.24,644,62,582,2,0.8,1,50.3,True,shining-fates-shiny-vault,SV075/SV122,Holofoil,Shiny Holo Rare,https://cdn.poketrace.com/cards/b0b1ef4265619d94.webp,1.12,562,1.23,1.23,0,16.5,True,31.51,10,21.552856,26.063334,10,12,0,0,644,2026-03-11T08:58:38Z,,
xy10-62,019bff8a-a5c0-76a9-86a4-2eba99d84579,Bronzong BREAK,XY - Fates Collide,2.5,2.5,835,57,778,2,1.7,1,50.3,True,xy-fates-collide,62/124,Holofoil,Rare BREAK,https://cdn.poketrace.com/cards/b5ecc35b74d6baf8.webp,1.86,402,2.458,2.458,0,20,True,80,15,0,0,15.5,13,0,0,835,2026-03-11T08:58:38Z,,
sm8-130,019bff90-f394-72bf-a496-b8369385eb94,Genesect GX,SM - Lost Thunder,2.13,2.13,566,41,525,2,0.8,1,50.3,True,sm-lost-thunder,130/214,Holofoil,Ultra Rare,https://cdn.poketrace.com/cards/f21daa7914b98011.webp,1.86,421,2.112,2.112,0,16.5,True,34,12,0,0,15.5,7,10.126667,10.126667,566,2026-03-11T08:58:38Z,,
swsh9-TG09,019bff78-a646-72eb-8307-1837d105cc2a,Ariados,Neo Genesis,1.56,0.87,892,31,861,2,2.1,1,50.3,True,neo-genesis,027/111,Unlimited,Uncommon,https://cdn.poketrace.com/cards/175f380dc1c3222e.webp,0.65,189,0.852,0.852,0,9.7,True,33.68,3,0,0,12.01,5,0,0,892,2026-03-11T08:58:38Z,,
hgss1-36,019bff78-a647-717f-a4e4-c1741a7bbad6,Blissey,Neo Revelation,1.42,58.94,389,163,226,2,0,1,50.3,True,neo-revelation,02/64,Unlimited_Holofoil,Holo Rare,https://cdn.poketrace.com/cards/3e63a80128e46100.webp,41.9,19,58.94,58.94,0,7.7,True,210,1,90000,90000,175,13,0,0,389,2026-03-11T08:58:38Z,,
dp4-18,019bff7d-2e10-7263-8140-c0d6e2128d8a,Houndoom,Neo Revelation,2.3,208.21,443,245,198,2,0.3,1,50.3,True,neo-revelation,08/64,Unlimited_Holofoil,Holo Rare,https://cdn.poketrace.com/cards/81c176a78fea1c95.webp,156.26,27,208.846,208.846,0,18.2,True,2600,1,0,0,700,20,1083,1083,443,2026-03-11T08:58:38Z,,
bw4-20,019bff8a-a5c1-7149-81da-9ef942bd026a,Chandelure,XY - Steam Siege,1.63,1.26,498,29,469,2,0.5,1,50.3,True,xy-steam-siege,50/114,Reverse_Holofoil,Holo Rare,https://cdn.poketrace.com/cards/bb02a12a617ac426.webp,1.16,335,1.266,1.266,0,10.7,True,179.99,1,47.424286,58.30875,0,0,0,0,498,2026-03-11T08:58:38Z,,
col1-23,019bff77-befc-77ae-b884-cd7bbf1e0598,Ampharos,Neo Genesis,1.61,24.09,714,212,502,2,1.2,1,50.3,True,neo-genesis,001/111,Unlimited_Holofoil,Holo Rare,https://cdn.poketrace.com/cards/bb6d5e6aa885a156.webp,17.8,115,23.804,23.804,0,10.4,True,518.75,19,323.64142,296.35236,60,18,55.915,55.915,714,2026-03-11T08:58:38Z,,
xy4-95,019c3ac3-ec69-768f-9596-583e26b4abce,Gengar Spirit Link,XY - Phantom Forces,2.2,2.2,895,23,872,2,2,1,50.3,True,xy-phantom-forces,95/119,Normal,Uncommon,https://cdn.poketrace.com/cards/06211d6eb98cf0c3.webp,0.74,274,2.244,2.244,0,17.2,True,0,0,0,0,18.5,1,0,0,895,2026-03-11T08:58:38Z,,
xy4-23,019bff85-5458-73eb-811a-bd5dd379f60d,Manectric EX,XY - Phantom Forces,2.47,2.47,391,48,343,2,0,1,50.3,True,xy-phantom-forces,23/119,Holofoil,Ultra Rare,https://cdn.poketrace.com/cards/15e1a6f5ba14b668.webp,2.12,121,2.47,2.47,0,19.8,True,24.5,6,0,0,29.99,3,0,0,391,2026-03-11T08:58:38Z,,
bw2-94,019c3ac3-ec6a-771e-9d08-ca7773376ac1,Max Potion,XY - BREAKpoint,1.1,0.22,562,13,549,2,0.9,1,50.3,True,xy-breakpoint,103/122,Normal,Uncommon,https://cdn.poketrace.com/cards/98066ae6cde803b6.webp,0.22,253,0.218,0.218,0,2.1,True,0,0,0,0,2.25,1,0,0,561,2026-03-11T08:58:38Z,,
sm7.5-62,019c3ac3-ec6c-77ac-9eb5-5fbb8d3e5bae,Switch Raft,Dragon Majesty,2.14,2.14,426,20,406,2,0.4,1,50.3,True,dragon-majesty,62/70,Normal,Uncommon,https://cdn.poketrace.com/cards/48783765fb0e8096.webp,1.86,216,2.148,2.148,0,16.6,False,0,0,0,0,0,0,0,0,426,2026-03-11T08:58:38Z,,
sm9-64,019c0000-679a-751f-a891-51a32ef1074e,Alolan Marowak,SV09: Journey Together,1.05,0.21,1618,29,1589,2,4.8,1,50.3,True,sv09-journey-together,057/159,Reverse_Holofoil,Uncommon,https://cdn.poketrace.com/cards/fee836243ec8bcff.webp,0.21,1562,0.2,0.2,0,1.1,True,0,0,0,0,19.99,1,0,0,1617,2026-03-11T08:58:38Z,,
sv08-194,019bff8d-8220-71c8-938c-9b5953904c1a,Shiinotic,SM - Burning Shadows,2.31,0.41,532,21,511,2,0.5,1,50.3,True,sm-burning-shadows,98/147,Reverse_Holofoil,Rare,https://cdn.poketrace.com/cards/5a72df85d02e11bf.webp,0.44,370,0.408,0.408,0,18.3,True,99.99,1,0,0,9.5,1,0,0,532,2026-03-11T08:58:38Z,,
neo4-99,019bff7b-60a6-776a-9f3d-266803a0c221,Energy Stadium,Neo Destiny,1.16,1.25,446,1,445,2,0.5,1,50.3,True,neo-destiny,099/105,Unlimited,Uncommon,https://cdn.poketrace.com/cards/3e01a4f5c1c01203.webp,1.32,141,1.244,1.244,0,3.2,False,0,0,0,0,0,0,0,0,446,2026-03-11T08:58:38Z,,
gym1-126,019bff83-863e-704c-9304-c45ee97caefb,Trash Exchange,Gym Heroes,1.09,0.79,724,31,693,2,1.5,1,50.3,True,gym-heroes,126/132,Unlimited,Common,https://cdn.poketrace.com/cards/c851bf7b63336427.webp,0.56,237,0.802,0.802,0,1.9,True,84.99,4,0,0,6.38,2,0,0,714,2026-03-11T08:58:38Z,,
sm115-36,019bff93-f259-713f-b49e-b98842d2bf75,Onix GX,Hidden Fates,2.44,2.44,1797,261,1536,2,5.7,1,50.3,True,hidden-fates,36/68,Holofoil,Ultra Rare,https://cdn.poketrace.com/cards/c2cc89c1576d1c26.webp,2.24,1476,2.302,2.302,0,19.5,True,68.9,39,52.2325,52.2325,24.99,27,23.163334,23.163334,1797,2026-03-11T08:58:38Z,,
xy3-104,019c3ac3-ec69-768f-9594-fe0c35b48bbe,Strong Energy,XY - Furious Fists,1.77,1.77,613,24,589,2,1.1,1,50.3,True,xy-furious-fists,104/111,Normal,Uncommon,https://cdn.poketrace.com/cards/522619530c5fab04.webp,0.61,191,1.75,1.75,0,12.5,True,0,0,0,0,0,0,0,0,613,2026-03-11T08:58:38Z,,
swsh1-116,019bff95-4415-71ab-8e62-79e09754dad5,Stonjourner VMAX,SWSH01: Sword & Shield Base Set,1.77,1.77,1338,96,1242,2,4,1,50.3,True,swsh01-sword-and-shield-base-set,116/202,Holofoil,Ultra Rare,https://cdn.poketrace.com/cards/a2ea568c5c6c00b7.webp,1.62,1136,1.7,1.7,0,12.5,True,21,32,23,23,10.63,23,0,0,1338,2026-03-11T08:58:38Z,,
swsh9-TG12,019bff8b-8e11-77cf-94aa-c2deb3e068fb,Oranguru,SM Base Set,1.75,0.34,593,15,578,2,0.6,1,50.3,True,sm-base-set,113/149,Reverse_Holofoil,Holo Rare,https://cdn.poketrace.com/cards/79cfef1abdb2a42f.webp,0.36,337,0.338,0.338,0,12.2,True,0,0,0,0,9.95,2,0,0,593,2026-03-11T08:58:38Z,,
swsh2-122,019bff96-3f25-72d1-b369-34f3a90ecfc3,Malamar VMAX,SWSH02: Rebel Clash,1.77,1.77,948,93,855,2,2,1,50.3,True,swsh02-rebel-clash,122/192,Holofoil,Ultra Rare,https://cdn.poketrace.com/cards/f80a461eeae24a21.webp,1.72,802,1.806,1.806,0,12.5,True,28.99,32,0,0,8.5,23,0,0,948,2026-03-11T08:58:38Z,,
xy8-12,019bff89-bc59-76a1-b46c-44dc34f44f77,Chesnaught BREAK,XY - BREAKthrough,2.34,2.34,631,36,595,2,0.8,1,50.3,True,xy-breakthrough,12/162,Holofoil,Ultra Rare,https://cdn.poketrace.com/cards/22ca4253902dc8e3.webp,1.62,310,2.322,2.322,0,18.6,True,99.99,8,89.495,89.495,29.99,5,0,0,631,2026-03-11T08:58:38Z,,
xy8-104,019bff89-bc5b-7666-8b1b-5599b169e6f8,Florges BREAK,XY - BREAKthrough,2.43,2.43,690,42,648,2,1,1,50.3,True,xy-breakthrough,104/162,Holofoil,Rare BREAK,https://cdn.poketrace.com/cards/961930a089ea988c.webp,1.96,291,2.406,2.406,0,19.4,True,100,7,0,0,25,6,0,0,690,2026-03-11T08:58:38Z,,
swshp-SWSH205,019c3ac3-ec6f-71ad-827e-996a28cd78af,Hisuian Basculegion,SWSH10: Astral Radiance,2.17,0.19,939,15,924,2,2.1,1,50.3,True,swsh10-astral-radiance,044/189,Normal,Rare,https://cdn.poketrace.com/cards/f44fee89f4f4ac06.webp,0.12,727,0.186,0.186,0,16.9,False,0,0,0,0,0,0,0,0,939,2026-03-11T08:58:38Z,,
dv1-1,019bff77-bef9-75ac-b16b-29e09d6b646a,Dratini,Base Set,2.42,2.91,4527,209,4318,2,16.5,1,50.3,True,base-set,026/102,Normal,Uncommon,https://cdn.poketrace.com/cards/eab157dc7406d679.webp,0.96,849,2.43,2.43,0,19.3,True,167.5,36,168.75,168.75,54.59,31,0,0,4527,2026-03-11T08:58:38Z,,
pl2-76,019c3ac3-ec67-74f4-b260-93f7f0fb8f9e,Quagsire GL,Rising Rivals,1,1,385,11,374,2,0.4,1,50.2,True,rising-rivals,76/111,Normal,Common,https://cdn.poketrace.com/cards/963c719b47f821f1.webp,0.7,137,0.996,0.996,0,0,False,0,0,0,0,0,0,0,0,385,2026-03-11T08:58:38Z,,
ex1-17,019bff7a-78f4-707a-bf6f-f157a803563e,Donphan,Neo Genesis,1.37,3.46,646,54,592,2,1.7,1,50.2,True,neo-genesis,021/111,Unlimited,Rare,https://cdn.poketrace.com/cards/aa5b368047e67c96.webp,2.75,192,3.402,3.402,0,6.9,True,25.65,8,0,0,53.92,16,0,0,646,2026-03-11T08:58:38Z,,
xy5-50,019bff85-5461-76a3-b101-6fb8f25f4989,Huntail,XY - Primal Clash,1.02,0.99,202,21,181,2,0,1,50.2,True,xy-primal-clash,50/160,Reverse_Holofoil,Holo Rare,https://cdn.poketrace.com/cards/0e4200231e0cfd61.webp,0.72,116,0.99,0.99,0,0.4,False,0,0,0,0,0,0,0,0,202,2026-03-11T08:58:38Z,,
sm2-74,019bff8c-7243-760b-b38f-a0e980fe8d9d,Lycanroc GX,SM - Guardians Rising,2.18,2.18,783,94,689,2,2.2,1,50.2,True,sm-guardians-rising,74/145,Holofoil,Ultra Rare,https://cdn.poketrace.com/cards/d6bb665717683d68.webp,1.99,455,2.228,2.228,0,17,True,88,20,0,0,12.5,14,0,0,783,2026-03-11T08:58:38Z,,
g1-RC18,019bff89-bc5f-7465-9230-1d05204b4e89,Floette,Generations: Radiant Collection,1.24,3.58,1567,62,1505,2,5.1,1,50.2,True,generations-radiant-collection,RC18/RC32,Holofoil,Uncommon,https://cdn.poketrace.com/cards/365373ceaeaa5ee2.webp,1.87,700,3.398,3.398,0,4.7,True,149.99,6,78.77,78.77,18.5,15,22.545715,16.804285,1567,2026-03-11T08:58:38Z,,
2017sm-11,019bff98-542b-72cb-a940-4f6998442927,Pikipek,SWSH04: Vivid Voltage,2.31,0.18,517,15,502,2,1.1,1,50.2,True,swsh04-vivid-voltage,143/185,Reverse_Holofoil,Common,https://cdn.poketrace.com/cards/45b4c7a015a085ec.webp,0.19,453,0.182,0.182,0,18.3,False,0,0,0,0,0,0,0,0,517,2026-03-11T08:58:38Z,,
ex9-40,019bff82-9f84-7584-9777-68e700a98509,Swalot,Crystal Guardians,1.44,6.99,199,32,167,2,0,1,50.2,True,crystal-guardians,11/100,Reverse_Holofoil,Holo Rare,https://cdn.poketrace.com/cards/602aa462c11637f7.webp,4.94,86,6.99,6.99,0,7.9,True,99,4,101.722855,125.18727,40,8,31.237143,25.778421,199,2026-03-11T08:58:38Z,,
bw8-84,019bff8d-8220-71c8-938f-6adde65d42dd,Liepard,Shining Legends,1.13,0.28,202,18,184,2,0,1,50.2,True,shining-legends,49/73,Reverse_Holofoil,Uncommon,https://cdn.poketrace.com/cards/31d5f4a8d7350a1e.webp,0.3,163,0.28,0.28,0,2.7,True,0,0,0,0,7.5,2,0,0,202,2026-03-11T08:58:38Z,,
pl1-116,019c3ac3-ec68-7410-8be2-c517aa197133,Team Galactic's Invention G-101 Energy Gain,Platinum,1.78,1.78,340,17,323,2,0.4,1,50.2,True,platinum,116/127,Normal,Uncommon,https://cdn.poketrace.com/cards/425840c63f3fd7b4.webp,1.58,80,1.788,1.788,0,12.6,False,0,0,0,0,0,0,0,0,340,2026-03-11T08:58:38Z,,
swsh12-TG06,019bff90-0db2-75a5-9cd1-bc924c9d48a6,Malamar,SM - Forbidden Light,1.28,1.06,278,20,258,2,0,1,50.2,True,sm-forbidden-light,51/131,Reverse_Holofoil,Rare,https://cdn.poketrace.com/cards/c9d8f955de9ca5d1.webp,0.91,157,1.06,1.06,0,5.4,True,21.5,1,38.87,38.87,0,0,0,0,278,2026-03-11T08:58:38Z,,
dp1-35,019bff7f-e2b8-7168-a03d-cae97726c9c9,Pachirisu,Great Encounters,1.29,7.88,247,46,201,2,0.2,1,50.2,True,great-encounters,5/106,Reverse_Holofoil,Holo Rare,https://cdn.poketrace.com/cards/e4d04d9fe66e6ded.webp,6.67,50,7.866,7.866,0,5.6,True,299.99,4,160.85333,160.85333,49.99,1,0,0,247,2026-03-11T08:58:38Z,,
swsh7-200,019bff79-8e10-76e9-bb0e-6e4cba3026de,Copycat,Expedition,2.41,22.5,202,29,173,2,0,1,50.2,True,expedition,138/165,Reverse_Holofoil,Uncommon,https://cdn.poketrace.com/cards/05ec485b8ffe34c3.webp,15.92,45,22.5,22.5,0,19.2,True,82,5,82.92,76.50077,11.5,4,20.921429,24.04,202,2026-03-11T08:58:38Z,,
swshp-SWSH051,019bff77-befc-77ae-b883-2b46800375d1,Lapras,Southern Islands,2.31,46.82,435,140,295,2,0.5,1,50.2,True,southern-islands,12/18,Normal,Promo,https://cdn.poketrace.com/cards/2a5adbe34ca2fec4.webp,36.16,90,47.032,47.032,0,18.3,True,316.95,31,305.975,305.975,85,17,89.605,89.605,435,2026-03-11T08:58:38Z,,
ex15-77,019c3ac3-ec67-74f4-b255-82c817d5328e,Mr. Stone's Project,Holon Phantoms,1.32,0.8,212,14,198,2,0,1,50.2,True,holon-phantoms,88/110,Normal,Uncommon,https://cdn.poketrace.com/cards/91fd3a1a9fc54693.webp,0.49,96,0.8,0.8,0,6.1,True,33,1,0,0,0,0,0,0,212,2026-03-11T08:58:38Z,,
ex11-70,019c3ac3-ec66-706d-a49a-d735103193a8,Holon's Magnemite,Delta Species,1.62,1.62,354,26,328,2,0.5,1,50.2,True,delta-species,70/113,Normal,Common,https://cdn.poketrace.com/cards/2057749ff2957a28.webp,1.3,97,1.612,1.612,0,10.5,True,227.5,2,0,0,33.83,2,0,0,354,2026-03-11T08:58:38Z,,
dp6-44,019bff77-befb-757f-890b-846eb350b524,Victreebel,Base Set 2,1.8,3.05,1023,53,970,2,3.1,1,50.2,True,base-set-2,032/130,Normal,Rare,https://cdn.poketrace.com/cards/bcfb176373569dab.webp,2.4,224,2.954,2.954,0,12.8,True,150,10,0,0,25.99,11,0,0,1023,2026-03-11T08:58:38Z,,
sv04.5-140,019bffaa-1a44-730b-9815-c04fac503a34,Toxel,SV03: Obsidian Flames,2.33,0.17,1388,10,1378,2,4.7,1,50.2,True,sv03-obsidian-flames,071/197,Reverse_Holofoil,Common,https://cdn.poketrace.com/cards/84edf524dcdb6b94.webp,0.13,1313,0.178,0.178,0,18.4,False,0,0,0,0,0,0,0,0,1388,2026-03-11T08:58:38Z,,
sm4-31,019c3ac3-ec6b-7535-9312-7da5df3ffc6e,Alolan Raichu,SM - Crimson Invasion,1.04,1.04,712,82,630,2,1.7,1,50.2,True,sm-crimson-invasion,31/111,Holofoil,Holo Rare,https://cdn.poketrace.com/cards/83ba2f237eda4fab.webp,0.7,299,1.058,1.058,0,0.9,True,48.58,10,0,0,22.5,23,0,0,658,2026-03-11T08:58:38Z,,
me01-152,019bff7a-78f4-707a-bf6e-1046f89c3dfa,Delibird,Neo Revelation,1.95,36.82,449,171,278,2,1,1,50.2,True,neo-revelation,05/64,Unlimited_Holofoil,Holo Rare,https://cdn.poketrace.com/cards/86280931ef83a94b.webp,30.7,69,37.18,37.18,0,14.6,True,510.17,12,0,0,74.9,25,0,0,449,2026-03-11T08:58:38Z,,
ex10-100,019bff8d-8220-71c8-938f-c66dbf557010,Warp Energy,Shining Legends,1.17,0.32,290,18,272,2,0,1,50.2,True,shining-legends,70/73,Reverse_Holofoil,Uncommon,https://cdn.poketrace.com/cards/961ce54526f1573b.webp,0.27,189,0.32,0.32,0,3.4,True,0,0,0,0,0,0,0,0,290,2026-03-11T08:58:38Z,,
xy0-8,019bff89-bc59-76a1-b46c-7b96c15e39f0,Fennekin,XY - BREAKthrough,1.8,0.82,255,17,238,2,0,1,50.2,True,xy-breakthrough,25/162,Reverse_Holofoil,Common,https://cdn.poketrace.com/cards/f98d177b240d3492.webp,0.46,174,0.82,0.82,0,12.8,True,0,0,0,0,34.99,2,22.26,22.26,255,2026-03-11T08:58:38Z,,
ex16-35,019bff7e-fc4f-7384-9b8a-2faa52576198,Metang,Deoxys,1.72,12.9,190,41,149,2,0,1,50.2,True,deoxys,40/107,Reverse_Holofoil,Uncommon,https://cdn.poketrace.com/cards/c35af3351503fab4.webp,7.48,64,12.9,12.9,0,11.8,True,349.99,2,153.90334,153.90334,43.69,9,39.56286,38.39875,190,2026-03-11T08:58:38Z,,
ex7-42,019c3ac3-ec64-7448-8de7-45f8b055176b,Dark Weezing,Team Rocket Returns,2.22,2.22,290,70,220,2,0.2,1,50.2,True,team-rocket-returns,42/109,Normal,Uncommon,https://cdn.poketrace.com/cards/28ce6306675e36d9.webp,1.97,80,2.216,2.216,0,17.4,True,120,14,0,0,29.99,11,0,0,290,2026-03-11T08:58:38Z,,
sm3-25,019bff8c-7244-7168-b577-41436c7f6cbf,Salazzle GX,SM - Burning Shadows,1.79,1.79,941,75,866,2,2.7,1,50.2,True,sm-burning-shadows,25/147,Holofoil,Ultra Rare,https://cdn.poketrace.com/cards/520e369debaea20a.webp,1.35,591,1.742,1.742,0,12.7,True,100,14,48.282856,37.115383,22.75,17,23.875,23.875,941,2026-03-11T08:58:38Z,,
swshp-SWSH226,019c3ac3-ec6f-71ad-8280-db9a9c856724,Spark,Pokemon GO,1.82,0.11,697,24,673,2,1.8,1,50.2,True,pokemon-go,070/078,Normal,Uncommon,https://cdn.poketrace.com/cards/9db823d2231570f5.webp,0.1,571,0.112,0.112,0,13.1,True,22.5,1,0,0,0,0,0,0,697,2026-03-11T08:58:38Z,,
ex7-40,019bff7a-78f3-7153-ae66-31fb6c586ca5,Dark Pupitar,Neo Destiny,1.71,3.26,365,8,357,2,0.4,1,50.2,True,neo-destiny,038/105,Unlimited,Uncommon,https://cdn.poketrace.com/cards/6727f46097fd60cc.webp,2.42,151,3.248,3.248,0,11.7,True,45.83,1,0,0,0,0,0,0,365,2026-03-11T08:58:38Z,,
ex2-61,019bff7a-78f5-732c-acbe-66050096f23a,Duskull,Crystal Guardians,2.48,4.27,285,59,226,2,0.1,1,50.2,True,crystal-guardians,51/100,Reverse_Holofoil,Common,https://cdn.poketrace.com/cards/5e3812676f4e58c7.webp,2.66,78,4.264,4.264,0,19.8,True,202.5,10,132.54715,115.64777,36,19,21.328571,21.806843,285,2026-03-11T08:58:38Z,,
xy3-95,019bff85-5457-7688-83c6-f8434687f49a,Korrina,XY - Furious Fists,1.69,3.09,221,16,205,2,0.1,1,50.2,True,xy-furious-fists,95/111,Reverse_Holofoil,Uncommon,https://cdn.poketrace.com/cards/631dfb997d393577.webp,2.26,104,3.088,3.088,0,11.4,True,0,0,0,0,34.03,1,0,0,221,2026-03-11T08:58:38Z,,
bw2-63,019bff83-863d-7188-8d83-8d5f8af47857,Terrakion,Legendary Treasures,1.53,1.32,279,11,268,2,0,1,50.2,True,legendary-treasures,84/113,Reverse_Holofoil,Holo Rare,https://cdn.poketrace.com/cards/5263f5f0d00409e8.webp,1.11,221,1.32,1.32,0,9.3,True,0,0,0,0,0,0,0,0,279,2026-03-11T08:58:38Z,,
dp6-20,019bff78-a647-717f-a4e2-e2a86516632e,Bellossom,Neo Genesis,2.13,22.6,750,212,538,2,2.1,1,50.2,True,neo-genesis,003/111,Unlimited_Holofoil,Holo Rare,https://cdn.poketrace.com/cards/c28f462212ea9d96.webp,17.24,98,22.126,22.126,0,16.5,True,550,30,0,0,115,20,82.736664,82.736664,750,2026-03-11T08:58:38Z,,
dp6-119,019bff81-ba5b-72b4-ae79-9ec63544b16c,Skitty,EX Trainer Kit 1: Latias & Latios,1.11,0.36,394,6,388,2,0.6,1,50.2,True,ex-trainer-kit-1-latias-and-latios,6/10,Normal,Common,https://cdn.poketrace.com/cards/a27dd9a964906ceb.webp,0.33,136,0.358,0.358,0,2.3,False,0,0,0,0,0,0,0,0,394,2026-03-11T08:58:38Z,,
sm6-27,019c3ac3-ec6c-77ac-9eb1-18b2b77abc3c,Amaura,SM - Forbidden Light,1.75,1.75,1048,17,1031,2,3.3,1,50.2,True,sm-forbidden-light,27/131,Normal,Uncommon,https://cdn.poketrace.com/cards/fc7ec42f463ce4f5.webp,1.78,641,1.808,1.808,0,12.2,False,0,0,0,0,0,0,0,0,1048,2026-03-11T08:58:38Z,,
gym2-73,019bff7c-4504-758b-a7c8-8e9fd48c2138,Giovanni's Magikarp,Gym Challenge,1.79,2.84,1353,82,1271,2,4.4,1,50.2,True,gym-challenge,073/132,Unlimited,Common,https://cdn.poketrace.com/cards/fb1b12b90560b057.webp,1.84,384,2.966,2.966,0,12.7,True,188.5,19,0,0,41,12,0,0,1353,2026-03-11T08:58:38Z,,
sm1-42,019bff8b-8e10-7797-baf9-9b1483d6018e,Primarina GX,SM Base Set,2.38,2.38,1410,113,1297,2,4.4,1,50.2,True,sm-base-set,42/149,Holofoil,Ultra Rare,https://cdn.poketrace.com/cards/c850c3737ea342c0.webp,2.39,848,2.276,2.276,0,18.9,True,59.99,31,0,0,12.5,28,16.244999,16.244999,1410,2026-03-11T08:58:38Z,,
ex4-34,019c3ac3-ec69-768f-9586-b5fc0f1aa98f,Team Magma's Houndoom,Team Magma vs Team Aqua,2.23,2.23,339,32,307,2,0.2,1,50.2,True,team-magma-vs-team-aqua,34/95,Normal,Uncommon,https://cdn.poketrace.com/cards/b73d0bba79ced942.webp,1.87,107,2.226,2.226,0,17.5,True,249.99,1,0,0,13.5,7,0,0,339,2026-03-11T08:58:38Z,,
tk-xy-n-2,019bff9b-b936-7265-850c-3961d982d296,Gourgeist,SWSH07: Evolving Skies,1.3,0.16,527,21,506,2,1.3,1,50.2,True,swsh07-evolving-skies,077/203,Reverse_Holofoil,Rare,https://cdn.poketrace.com/cards/8dcd683c6c587617.webp,0.18,450,0.158,0.158,0,5.7,True,0,0,0,0,5,1,0,0,527,2026-03-11T08:58:38Z,,
swsh5-163,019bff9d-c5de-7203-a67c-964fea67f9d9,Single Strike Style Mustard,SWSH09: Brilliant Stars Trainer Gallery,1.51,1.54,1471,70,1401,2,4.7,1,50.2,True,swsh09-brilliant-stars-trainer-gallery,TG28/TG30,Holofoil,Ultra Rare,https://cdn.poketrace.com/cards/e13777dbd7dd0b1f.webp,1.15,1281,1.468,1.468,0,9,True,25.72,15,22.730715,24.579617,9.5,13,0,0,1471,2026-03-11T08:58:38Z,,
swsh1-25,019bff95-4414-759b-8e0b-83e2d8c06a23,Victini V,SWSH01: Sword & Shield Base Set,1.06,1.06,1881,140,1741,2,6.4,1,50.2,True,swsh01-sword-and-shield-base-set,025/202,Holofoil,Ultra Rare,https://cdn.poketrace.com/cards/448a6d85156c72a5.webp,0.8,1559,0.992,0.992,0,1.3,True,69.99,33,52.995,52.995,17.5,24,12,12,1813,2026-03-11T08:58:38Z,,
gym2-69,019bff7b-60a6-776a-9f3d-e190cf70c006,Erika's Jigglypuff,Gym Challenge,2.52,2.01,1088,45,1043,2,3.3,1,50.2,True,gym-challenge,069/132,Unlimited,Common,https://cdn.poketrace.com/cards/f64a2af05fc338f5.webp,1.15,356,1.944,1.944,0,20.2,True,102.5,13,0,0,19,6,0,0,1088,2026-03-11T08:58:38Z,,
swsh4.5-SV008,019bff99-7af0-71d4-a48d-a5d8b793d5b3,Dottler,Shining Fates: Shiny Vault,1.86,1.1,705,80,625,2,1.8,1,50.2,True,shining-fates-shiny-vault,SV008/SV122,Holofoil,Shiny Holo Rare,https://cdn.poketrace.com/cards/b9c89407d5af527b.webp,1.22,603,1.12,1.12,0,13.5,True,22.76,21,22.76,22.76,2.25,4,0,0,705,2026-03-11T08:58:38Z,,
pop6-5,019bff97-5466-7019-963f-5fffb9fdd1a6,Rampardos,Deck Exclusives,1.95,2.39,238,5,233,2,0,1,50.2,True,deck-exclusives,033/123,Holofoil,Holo Rare,https://cdn.poketrace.com/cards/5200f8e8431dbb39.webp,2.79,2,2.39,2.39,0,14.6,False,0,0,0,0,0,0,0,0,238,2026-03-11T08:58:38Z,,
swsh4.5-SV078,019bff99-7af1-7262-a092-f873c4334281,Galarian Zigzagoon,Shining Fates: Shiny Vault,1.4,1.56,1333,119,1214,2,4.5,1,50.2,True,shining-fates-shiny-vault,SV078/SV122,Holofoil,Shiny Holo Rare,https://cdn.poketrace.com/cards/8d981cc163f5a144.webp,1.17,1083,1.49,1.49,0,7.3,True,50,26,65,65,9.5,21,0,0,1333,2026-03-11T08:58:38Z,,
xy9-99,019bff89-bc5e-71ed-9469-7d3188ea0b7a,Fighting Fury Belt,XY - BREAKpoint,1.08,2.82,298,19,279,2,0,1,50.2,True,xy-breakpoint,99/122,Reverse_Holofoil,Uncommon,https://cdn.poketrace.com/cards/9b71d84b53992686.webp,2.6,106,2.82,2.82,0,1.7,False,0,0,0,0,0,0,0,0,298,2026-03-11T08:58:38Z,,
swshp-SWSH208,019bff7e-1601-757e-bd2e-d2cb4ecfd737,Magnezone,Plasma Storm,2.04,0.94,229,15,214,2,0,1,50.2,True,plasma-storm,47/135,Reverse_Holofoil,Rare,https://cdn.poketrace.com/cards/960f75dbae19d402.webp,0.74,56,0.94,0.94,0,15.5,True,59.97,1,0,0,0,0,0,0,229,2026-03-11T08:58:38Z,,
neo4-97,019bff79-8e10-76e9-bb0e-cc06e38a7a4f,Counterattack Claws,Neo Destiny,1.19,0.68,367,22,345,2,0.3,1,50.2,True,neo-destiny,097/105,Unlimited,Uncommon,https://cdn.poketrace.com/cards/1a87e391b2521aaf.webp,0.63,152,0.682,0.682,0,3.8,True,12,8,57.27714,48.093002,19.99,3,28.686428,28.225626,367,2026-03-11T08:58:38Z,,
swsh2-92,019bff96-3f24-733d-8f2b-4394cf05f40e,Dragapult V,SWSH02: Rebel Clash,1.66,1.66,1263,90,1173,2,4.1,1,50.2,True,swsh02-rebel-clash,092/192,Holofoil,Ultra Rare,https://cdn.poketrace.com/cards/d20f7e2fb4046cdd.webp,1.75,1014,1.728,1.728,0,11,True,35,29,0,0,10.99,17,0,0,1263,2026-03-11T08:58:38Z,,
ex16-90,019bff79-8e10-76e9-bb10-3ee5fd0e30ca,Cyclone Energy,Power Keepers,1.19,2.95,230,29,201,2,0,1,50.2,True,power-keepers,90/108,Reverse_Holofoil,Uncommon,https://cdn.poketrace.com/cards/56ebfccb03fba43a.webp,1.98,97,2.95,2.95,0,3.8,True,100,2,0,0,15.63,2,0,0,230,2026-03-11T08:58:38Z,,
gym2-113,019bff79-8e10-76e9-bb0c-f1da7e1cbd38,Cinnabar City Gym,Gym Challenge,2.09,1,599,30,569,2,1.6,1,50.2,True,gym-challenge,113/132,Unlimited,Uncommon,https://cdn.poketrace.com/cards/2f745d601d77f2c5.webp,0.67,186,1.016,1.016,0,16.1,True,16.5,2,0,0,9.5,1,0,0,599,2026-03-11T08:58:38Z,,
dp1-130,019bff7e-fc4f-7384-9b8a-104bfe68f9b5,Metal Energy,Neo Genesis,2.28,12.07,776,164,612,2,2.2,1,50.2,True,neo-genesis,019/111,Unlimited_Holofoil,Holo Rare,https://cdn.poketrace.com/cards/7e5ac46e1ae37f03.webp,9.29,75,12.332,12.332,0,18,True,346,3,0,0,29.99,20,0,0,776,2026-03-11T08:58:38Z,,
dc1-7,019c3ac3-ec6a-771e-9d00-39ce45132890,Team Aqua's Grimer,Double Crisis,1.89,1.89,334,21,313,2,0.1,1,50.2,True,double-crisis,7/34,Normal,Common,https://cdn.poketrace.com/cards/43f732daebfc29f8.webp,1.45,134,1.892,1.892,0,13.9,True,12.51,3,0,0,0,0,0,0,334,2026-03-11T08:58:38Z,,
swsh6-230,019c3ac3-ec6e-7325-9ce9-cb11d9e8b68b,Welcoming Lantern,SWSH06: Chilling Reign,2.55,0.06,261,10,251,2,0,1,50.2,True,swsh06-chilling-reign,156/198,Normal,Uncommon,https://cdn.poketrace.com/cards/6336ee0fe94be044.webp,0.06,219,0.06,0.06,0,20.4,False,0,0,0,0,0,0,0,0,261,2026-03-11T08:58:38Z,,
gym2-67,019bff78-a648-7332-9aa3-c6888fffd4e7,Brock's Diglett,Gym Challenge,1.17,0.99,862,1,861,2,2.2,1,50.2,True,gym-challenge,067/132,Unlimited,Common,https://cdn.poketrace.com/cards/2cd56b65fb33adfa.webp,0.64,257,0.968,0.968,0,3.4,False,0,0,0,0,0,0,0,0,862,2026-03-11T08:58:38Z,,
ex7-39,019c3ac3-ec64-7448-8de6-835faa10c98d,Dark Magneton,Team Rocket Returns,2.34,2.34,321,71,250,2,0.2,1,50.2,True,team-rocket-returns,39/109,Normal,Uncommon,https://cdn.poketrace.com/cards/d8b24c6cdd2bc5a2.webp,1.57,80,2.336,2.336,0,18.5,True,51,18,0,0,22.69,6,0,0,321,2026-03-11T08:58:38Z,,
ex16-34,019bff7e-fc4f-7384-9b88-9fe03528c61e,Medicham,Crystal Guardians,1.13,6.46,222,52,170,2,0,1,50.2,True,crystal-guardians,25/100,Reverse_Holofoil,Rare,https://cdn.poketrace.com/cards/25561f1e305eacc3.webp,4.98,52,6.46,6.46,0,2.7,True,152,5,123.42833,123.42833,35,19,36.007145,32.03263,222,2026-03-11T08:58:38Z,,
col1-45,019bff7d-2e11-71aa-95c3-bdf2025d2308,Jolteon,Legendary Collection,2.06,300,259,187,72,2,0,1,50.2,True,legendary-collection,014/110,Reverse_Holofoil,Holo Rare,https://cdn.poketrace.com/cards/e2a74e8df6b8bcef.webp,224.99,16,300,300,0,15.8,True,4357,3,1182.5,1182.5,899.99,18,475.5114,283.24734,259,2026-03-11T08:58:38Z,,
neo3-36,019bff7f-e2b8-7168-a040-fa92a0c2d08e,Piloswine,Neo Revelation,1.16,1.12,771,30,741,2,2,1,50.2,True,neo-revelation,36/64,Unlimited,Uncommon,https://cdn.poketrace.com/cards/1231f974317fa791.webp,0.85,208,1.098,1.098,0,3.2,True,39.99,4,25.916666,25.916666,26,2,16.125,16.125,771,2026-03-11T08:58:38Z,,
pl1-104,019c3ac3-ec64-7448-8dde-17c6b57d7010,Broken Time-Space,Platinum,2.06,2.06,310,30,280,2,0.1,1,50.2,True,platinum,104/127,Normal,Uncommon,https://cdn.poketrace.com/cards/6130f27faa89de1a.webp,1.54,65,2.062,2.062,0,15.8,True,26,1,0,0,8.5,1,0,0,310,2026-03-11T08:58:38Z,,
neo4-72,019bff7e-1600-7088-827f-d2c2bf93fcf8,Light Sunflora,Neo Destiny,1.13,1.17,647,5,642,2,1.4,1,50.2,True,neo-destiny,072/105,Unlimited,Common,https://cdn.poketrace.com/cards/ba3236bca7910d30.webp,0.95,217,1.186,1.186,0,2.7,True,0,0,0,0,0,0,0,0,647,2026-03-11T08:58:38Z,,
tk-xy-sy-27,019bff82-9f83-70dd-a44e-5d417adca27c,Snubbull,Neo Revelation,1.64,0.81,1575,14,1561,2,5.4,1,50.2,True,neo-revelation,55/64,Unlimited,Common,https://cdn.poketrace.com/cards/fbc0446cd6acc44d.webp,0.59,401,0.766,0.766,0,10.8,True,0,0,0,0,0,0,0,0,1575,2026-03-11T08:58:38Z,,
swsh4-201,019c3ac3-ec6e-7325-9ce3-ab2f6381acf5,Hero's Medal,SWSH04: Vivid Voltage,1.96,0.07,304,11,293,2,0,1,50.2,True,swsh04-vivid-voltage,152/185,Normal,Uncommon,https://cdn.poketrace.com/cards/c10c6b8521d971d7.webp,0.05,252,0.07,0.07,0,14.7,False,0,0,0,0,0,0,0,0,304,2026-03-11T08:58:38Z,,
swsh9-160,019bff9d-c5dd-752a-bcc3-764daa5a04b3,Whimsicott V,SWSH09: Brilliant Stars,1.59,0.85,3166,53,3113,2,11.5,1,50.2,True,swsh09-brilliant-stars,064/172,Holofoil,Ultra Rare,https://cdn.poketrace.com/cards/22fab486d0021c8a.webp,0.86,2770,0.752,0.752,0,10.1,True,35,5,0,0,14.5,6,0,0,3166,2026-03-11T08:58:38Z,,
pl4-13,019bff77-befc-77ae-b883-cb88ba69516e,Aerodactyl,Neo Revelation,1.93,6.1,464,7,457,2,0.8,1,50.2,True,neo-revelation,15/64,Unlimited,Rare,https://cdn.poketrace.com/cards/a61257a7692a818a.webp,3.94,142,6.05,6.05,0,14.3,True,0,0,0,0,35,1,0,0,464,2026-03-11T08:58:38Z,,
sm8-34,019bff90-f393-73c5-8bd2-b39641bdf68c,Virizion GX,SM - Lost Thunder,2.06,2.06,482,36,446,2,1.1,1,50.2,True,sm-lost-thunder,34/214,Holofoil,Ultra Rare,https://cdn.poketrace.com/cards/86f0bb273894f477.webp,1.82,358,2.038,2.038,0,15.8,True,20,6,27.896,27.896,4.95,5,16.625,16.625,482,2026-03-11T08:58:38Z,,
sv08-129,019bff99-7af1-7262-a093-55467961a108,Duraludon,Shining Fates: Shiny Vault,1.6,2.27,735,62,673,2,2.2,1,50.1,True,shining-fates-shiny-vault,SV092/SV122,Holofoil,Shiny Holo Rare,https://cdn.poketrace.com/cards/13b8616e8632177b.webp,2.39,613,2.32,2.32,0,10.2,True,37.92,13,22.071428,23.282143,7.5,7,12.713334,12.713334,735,2026-03-11T08:58:38Z,,
neo1-46,019bff80-d351-7535-a79a-7d8d4ad89937,Quilava,Mysterious Treasures,2.07,4.19,187,13,174,2,0,1,50.1,True,mysterious-treasures,60/123,Reverse_Holofoil,Uncommon,https://cdn.poketrace.com/cards/9331f7ae7474e178.webp,3.75,93,4.19,4.19,0,15.8,True,89.53,1,0,0,90.93,1,0,0,187,2026-03-11T08:58:38Z,,
dp2-44,019bff79-8e10-76e9-bb0f-968d82e42854,Croconaw,Unseen Forces,1.79,21.33,162,83,79,2,0,1,50.1,True,unseen-forces,38/115,Reverse_Holofoil,Uncommon,https://cdn.poketrace.com/cards/f603847fff8b60c3.webp,18.1,36,21.33,21.33,0,12.7,True,182.5,14,0,0,46,15,0,0,162,2026-03-11T08:58:38Z,,
ecard1-148,019bff80-d350-706b-9565-e93ce4239b08,Professor Elm's Training Method,Expedition,1.47,24.99,173,25,148,2,0,1,50.1,True,expedition,148/165,Reverse_Holofoil,Uncommon,https://cdn.poketrace.com/cards/ce219cecbe796914.webp,18.74,50,24.99,24.99,0,8.4,True,125,2,198.98334,198.98334,62.99,5,31.121666,31.121666,173,2026-03-11T08:58:38Z,,
dp7-21,019bff7e-1601-757e-bd2f-22a54e9294ad,Mamoswine,Triumphant,1.13,3.83,105,21,84,2,0,1,50.1,True,triumphant,5/102,Reverse_Holofoil,Holo Rare,https://cdn.poketrace.com/cards/4e6712b3c56835e1.webp,2.08,47,3.83,3.83,0,2.7,True,274.95,3,0,0,0,0,0,0,105,2026-03-11T08:58:38Z,,
neo4-62,019bff7a-78f3-7153-ae66-0b435db9392b,Dark Octillery,Neo Destiny,1.36,1.15,641,4,637,2,1.9,1,50.1,True,neo-destiny,062/105,Unlimited,Common,https://cdn.poketrace.com/cards/e04394c99580bc60.webp,0.75,246,1.172,1.172,0,6.7,False,0,0,0,0,0,0,0,0,641,2026-03-11T08:58:38Z,,
dc1-1,019bff86-38c6-7658-a5ca-a1b92b73ac47,Team Magma's Numel,Double Crisis,1.18,4.35,211,13,198,2,0.3,1,50.1,True,double-crisis,1/34,Reverse_Holofoil,Common,https://cdn.poketrace.com/cards/5cef6f8c66844fc3.webp,3.22,103,4.364,4.364,0,3.6,True,0,0,0,0,120.99,1,0,0,211,2026-03-11T08:58:38Z,,
pl1-26,019bff7b-60a5-76b8-99df-b92f78ae6e32,Empoleon,Stormfront,1.36,5.48,153,17,136,2,0,1,50.1,True,stormfront,2/100,Reverse_Holofoil,Holo Rare,https://cdn.poketrace.com/cards/daf29a99a309abb3.webp,3.8,47,5.48,5.48,0,6.7,True,0,0,0,0,38.59,1,0,0,153,2026-03-11T08:58:38Z,,
sm5-41,019c3ac3-ec6c-77ac-9eaf-58fca0000c1e,Frost Rotom,SM - Ultra Prism,1.36,1.36,539,19,520,2,1.5,1,50.1,True,sm-ultra-prism,41/156,Normal,Rare,https://cdn.poketrace.com/cards/e82c08cd7e83540a.webp,1.12,344,1.34,1.34,0,6.7,False,0,0,0,0,0,0,0,0,539,2026-03-11T08:58:38Z,,
tk-xy-b-17,019bff8c-7244-7168-b572-fdbb48c77e8d,Patrat,SM - Guardians Rising,1,0.23,162,11,151,2,0,1,50.1,True,sm-guardians-rising,107/145,Reverse_Holofoil,Common,https://cdn.poketrace.com/cards/babb4f229d786a7b.webp,0.18,109,0.23,0.23,0,0,False,0,0,0,0,0,0,0,0,162,2026-03-11T08:58:38Z,,
pl4-7,019bff80-d350-706b-9565-bddbf5e6f98f,Probopass,Arceus,1.47,2.69,142,6,136,2,0,1,50.1,True,arceus,7/99,Reverse_Holofoil,Holo Rare,https://cdn.poketrace.com/cards/86a9828c835d361d.webp,1.15,104,2.69,2.69,0,8.4,False,0,0,0,0,0,0,0,0,142,2026-03-11T08:58:38Z,,
ex2-41,019bff7d-2e13-7175-b43e-326b11294c6a,Lairon,Ruby and Sapphire,2.29,5.48,112,28,84,2,0,1,50.1,True,ruby-and-sapphire,37/109,Reverse_Holofoil,Uncommon,https://cdn.poketrace.com/cards/cbb967d1ef685add.webp,4.76,57,5.48,5.48,0,18,True,0,0,0,0,65,6,0,0,112,2026-03-11T08:58:38Z,,
bw6-103,019bff81-ba5b-72b4-ae7a-0e161fa796a2,Slaking,Mysterious Treasures,1.28,1.25,117,31,86,2,0,1,50.1,True,mysterious-treasures,34/123,Reverse_Holofoil,Rare,https://cdn.poketrace.com/cards/3d4757dcaa58852f.webp,1.42,17,1.25,1.25,0,5.4,True,0,0,0,0,24,2,0,0,117,2026-03-11T08:58:38Z,,
g1-RC25,019bff86-38c8-778e-9e3e-d30622c4682a,Fletchling,XY - Roaring Skies,1.07,0.26,184,9,175,2,0,1,50.1,True,xy-roaring-skies,82/108,Reverse_Holofoil,Common,https://cdn.poketrace.com/cards/84a787db3aaae078.webp,0.2,105,0.26,0.26,0,1.5,False,0,0,0,0,0,0,0,0,184,2026-03-11T08:58:38Z,,
sm3-99,019bff8d-8220-71c8-938c-9dc0f30cfb92,Noivern GX,SM - Burning Shadows,1.7,1.68,859,78,781,2,2.7,1,50.1,True,sm-burning-shadows,99/147,Holofoil,Ultra Rare,https://cdn.poketrace.com/cards/3c875b08e13c5357.webp,1.28,508,1.634,1.634,0,11.5,True,47.95,12,0,0,14.5,23,0,0,859,2026-03-11T08:58:38Z,,
dp4-49,019bff80-d350-706b-9564-e8347c5904fa,Porygon2,Neo Revelation,1.6,44.73,255,25,230,2,0.6,1,50.1,True,neo-revelation,12/64,Unlimited_Holofoil,Holo Rare,https://cdn.poketrace.com/cards/f513ecd31cbb4a1c.webp,37.58,23,44.44,44.44,0,10.2,True,0,0,0,0,143.95,3,134.475,134.475,255,2026-03-11T08:58:38Z,,
sm11-184,019bff93-f259-713f-b49d-2e4c72c84c93,Silvally,SM - Unified Minds,1.46,2.17,255,17,238,2,0.7,1,50.1,True,sm-unified-minds,184/236,Reverse_Holofoil,Holo Rare,https://cdn.poketrace.com/cards/53bd02d88dc1f5d3.webp,2.72,204,2.186,2.186,0,8.2,True,0,0,0,0,0,0,0,0,255,2026-03-11T08:58:38Z,,
bw5-102,019bff83-863f-718a-b5c2-4845fc16cb72,Ultra Ball,Plasma Blast,1,6.15,315,17,298,2,0.8,1,50.1,True,plasma-blast,90/101,Reverse_Holofoil,Uncommon,https://cdn.poketrace.com/cards/f82e34cd108c7d9a.webp,4.09,70,6.098,6.098,0,0,True,0,0,0,0,10.5,1,0,0,314,2026-03-11T08:58:38Z,,
pop7-12,019bff78-a648-7332-9aa5-3af194fdf6cd,Burmy Sandy Cloak,Arceus,1.05,5.15,156,12,144,2,0,1,50.1,True,arceus,57/99,Reverse_Holofoil,Common,https://cdn.poketrace.com/cards/91eaddbc65c2bc28.webp,4.15,82,5.15,5.15,0,1.1,True,0,0,0,0,15.28,1,0,0,155,2026-03-11T08:58:38Z,,
bw2-12,019bff88-5ffd-74db-88da-4bf66125b90e,Whimsicott,XY - Ancient Origins,1.46,0.55,447,15,432,2,1.1,1,50.1,True,xy-ancient-origins,56/98,Reverse_Holofoil,Uncommon,https://cdn.poketrace.com/cards/2e3410c04b312792.webp,0.4,182,0.556,0.556,0,8.2,False,0,0,0,0,0,0,0,0,447,2026-03-11T08:58:38Z,,
xy4-74,019bff7d-2e10-7263-8141-6950b045eb75,Hydreigon,Next Destinies,1.28,199.97,148,95,53,2,0,1,50.1,True,next-destinies,103/99,Holofoil,Secret Rare,https://cdn.poketrace.com/cards/e1f68a1cd4084eee.webp,102.16,22,199.97,199.97,0,5.4,True,1799.69,2,1350,1350,425,33,369.1925,369.1925,148,2026-03-11T08:58:38Z,,
ex4-24,019bff82-9f85-738b-8711-607661b4655f,Team Aqua's Cacnea,Team Magma vs Team Aqua,2.28,5,141,21,120,2,0,1,50.1,True,team-magma-vs-team-aqua,24/95,Reverse_Holofoil,Uncommon,https://cdn.poketrace.com/cards/4abf9ada22c339c3.webp,3.18,95,5,5,0,17.9,True,0,0,0,0,0,0,0,0,141,2026-03-11T08:58:38Z,,
bw11-91,019bff8a-a5c1-7149-81da-fb5ea544c6c4,Cobalion,XY - Steam Siege,1.18,0.65,263,18,245,2,0.6,1,50.1,True,xy-steam-siege,74/114,Reverse_Holofoil,Rare,https://cdn.poketrace.com/cards/ef804d4eaed2bddd.webp,0.6,189,0.646,0.646,0,3.6,True,44,2,0,0,0,0,0,0,263,2026-03-11T08:58:38Z,,
ex4-25,019bff86-38c6-7658-a5ca-ef1d26007008,Team Aqua's Carvanha,Double Crisis,1.21,5.25,176,15,161,2,0.3,1,50.1,True,double-crisis,20/34,Reverse_Holofoil,Common,https://cdn.poketrace.com/cards/7b8883889c090df2.webp,4.23,114,5.234,5.234,0,4.1,False,0,0,0,0,0,0,0,0,176,2026-03-11T08:58:38Z,,
col1-39,019bff84-6f78-703d-b07f-d33ff9bce851,Zangoose,Power Keepers,1.82,5.75,141,40,101,2,0,1,50.1,True,power-keepers,25/108,Reverse_Holofoil,Rare,https://cdn.poketrace.com/cards/7f71ca543eb59b73.webp,10.35,32,5.75,5.75,0,13,True,249.99,4,87.7375,87.7375,59.99,6,29.81,27.852222,141,2026-03-11T08:58:38Z,,
ex8-46,019bff81-ba5b-72b4-ae78-d7f83d71e736,Silcoon,Platinum,1.22,1.52,131,20,111,2,0,1,50.1,True,platinum,63/127,Reverse_Holofoil,Uncommon,https://cdn.poketrace.com/cards/9d68f3d383f91cff.webp,0.86,43,1.52,1.52,0,4.3,True,0,0,0,0,20.5,1,0,0,131,2026-03-11T08:58:38Z,,
gym1-123,019bff7e-fc50-71f0-aee3-1a9ed7ccb033,Misty's Duel,Gym Heroes,1.69,1.47,1006,30,976,2,3.4,1,50.1,True,gym-heroes,123/132,Unlimited,Common,https://cdn.poketrace.com/cards/54385479e064a56c.webp,1.06,281,1.42,1.42,0,11.4,True,39.24,1,0,0,26.8,3,0,0,1006,2026-03-11T08:58:38Z,,
ex12-75,019c3ac3-ec65-7568-b391-c684745876e0,Giant Stump,Legend Maker,1.32,1.32,165,25,140,2,0.2,1,50.1,True,legend-maker,75/92,Normal,Uncommon,https://cdn.poketrace.com/cards/718d6ef5255da0cb.webp,0.77,61,1.318,1.318,0,6,True,5.52,1,0,0,71,2,0,0,165,2026-03-11T08:58:38Z,,
ex4-55,019bff86-38c6-7658-a5ca-e20a6d16de57,Team Aqua's Poochyena,Double Crisis,1.45,4.4,182,14,168,2,0.4,1,50.1,True,double-crisis,16/34,Reverse_Holofoil,Common,https://cdn.poketrace.com/cards/bdbe31aa674d8dc2.webp,2.53,107,4.382,4.382,0,8.1,True,0,0,0,0,100,1,0,0,182,2026-03-11T08:58:38Z,,
pl1-50,019c3ac3-ec66-706d-a49b-a794adf3e6c7,Houndoom G,Platinum,2.12,2.12,293,18,275,2,0.5,1,50.1,True,platinum,50/127,Normal,Uncommon,https://cdn.poketrace.com/cards/a182d9e8be3d2aae.webp,1.31,73,2.13,2.13,0,16.3,True,0,0,0,0,40,4,0,0,293,2026-03-11T08:58:38Z,,
ex8-42,019bff7f-e2b8-7168-a03c-4f85578cd0dd,Nosepass,Deoxys,1.77,10.75,145,36,109,2,0,1,50.1,True,deoxys,42/107,Reverse_Holofoil,Uncommon,https://cdn.poketrace.com/cards/6a361e092645e518.webp,8.63,41,10.75,10.75,0,12.4,True,300,1,0,0,41,14,0,0,145,2026-03-11T08:58:38Z,,
base5-76,019bff7d-2e11-71aa-95c2-c09340e0e037,Imposter Oak's Revenge,Team Rocket,1.94,2.88,2690,1,2689,2,10,1,50.1,True,team-rocket,76/82,Unlimited,Uncommon,https://cdn.poketrace.com/cards/363a179d8b3db242.webp,1.17,801,3.168,3.168,0,14.4,False,0,0,0,0,0,0,0,0,2690,2026-03-11T08:58:38Z,,
sm7-66,019bff93-f259-713f-b4a0-1cdb330b5ed0,Banette GX,Hidden Fates: Shiny Vault,2.25,8.49,777,184,593,2,2.6,1,50.1,True,hidden-fates-shiny-vault,SV61/SV94,Holofoil,Shiny Holo Rare,https://cdn.poketrace.com/cards/1e3b3aa3d77ce432.webp,8.66,580,8.27,8.27,0,17.6,True,90,46,78.365,74.819374,25,26,21.880001,21.880001,777,2026-03-11T08:58:38Z,,
pl1-39,019bff83-863e-704c-9304-0d8c232ed298,Torterra,Diamond and Pearl,2.33,9.59,103,25,78,2,0,1,50.1,True,diamond-and-pearl,17/130,Reverse_Holofoil,Holo Rare,https://cdn.poketrace.com/cards/795c343cff95b138.webp,7.65,10,9.59,9.59,0,18.4,True,0,0,0,0,109.22,4,83.153336,83.153336,103,2026-03-11T08:58:38Z,,
ex2-28,019bff77-befc-77ae-b885-3127d3113f9a,Anorith,Legend Maker,1.77,9.87,137,38,99,2,0,1,50.1,True,legend-maker,29/92,Reverse_Holofoil,Uncommon,https://cdn.poketrace.com/cards/99289a6eb53d9f86.webp,7.99,64,9.87,9.87,0,12.4,True,300,9,164.52571,154.085,149.95,6,0,0,137,2026-03-11T08:58:38Z,,
pop9-17,019bff83-863f-718a-b5c1-6062d11cc810,Turtwig,POP Series 9,1.18,1.18,391,27,364,2,1.2,1,50.1,True,pop-series-9,017/017,Normal,Common,https://cdn.poketrace.com/cards/d265ecdb84efd012.webp,0.76,131,1.166,1.166,0,3.6,True,430.56,1,0,0,26.35,1,0,0,391,2026-03-11T08:58:38Z,,
bw6-59,019bff7c-4504-758b-a7ca-67110c517140,Golurk,Plasma Blast,1.12,0.81,160,18,142,2,0,1,50.1,True,plasma-blast,46/101,Reverse_Holofoil,Holo Rare,https://cdn.poketrace.com/cards/615ce71233ef8b98.webp,0.49,56,0.81,0.81,0,2.5,True,0,0,0,0,0,0,0,0,160,2026-03-11T08:58:38Z,,
ecard2-122,019bff7b-60a7-77b8-b492-0acb2205eeb2,Fire Cube 01,Aquapolis,1.13,3.9,124,34,90,2,0,1,50.1,True,aquapolis,122/147,Reverse_Holofoil,Uncommon,https://cdn.poketrace.com/cards/11443138ff462db8.webp,3.22,65,3.9,3.9,0,2.7,True,53,1,0,0,24,7,26.446667,26.446667,124,2026-03-11T08:58:38Z,,
pl1-109,019bff7e-1600-7088-8280-ed341b793e58,Looker's Investigation,Platinum,1.05,2.84,70,7,63,2,0,1,50.1,True,platinum,109/127,Reverse_Holofoil,Uncommon,https://cdn.poketrace.com/cards/ac5a56b68517ecad.webp,2.64,18,2.84,2.84,0,1.1,False,0,0,0,0,0,0,0,0,70,2026-03-11T08:58:38Z,,
sm7-82,019bff90-0db3-7328-a5c9-0aa62947a3bb,Palossand GX,SM - Celestial Storm,1.82,1.82,467,30,437,2,1.2,1,50.1,True,sm-celestial-storm,82/168,Holofoil,Ultra Rare,https://cdn.poketrace.com/cards/9837059ab54555ce.webp,1.5,355,1.842,1.842,0,13,True,48.6,6,36.966,36.966,11.05,3,20.975,20.975,467,2026-03-11T08:58:38Z,,
ex1-95,019bff80-d351-7535-a79b-73aa0fcf5d0a,Rainbow Energy,XY Base Set,1.29,1.18,159,5,154,2,0.3,1,50.1,True,xy-base-set,131/146,Reverse_Holofoil,Uncommon,https://cdn.poketrace.com/cards/19bb445f131ba1dc.webp,0.63,61,1.176,1.176,0,5.5,False,0,0,0,0,0,0,0,0,159,2026-03-11T08:58:38Z,,
ex3-51,019bff78-a647-717f-a4e1-d9557813609f,Barboach,Holon Phantoms,1.77,2.8,208,41,167,2,0.1,1,50.1,True,holon-phantoms,60/110,Reverse_Holofoil,Common,https://cdn.poketrace.com/cards/8eb32218cb3d3e04.webp,3.47,83,2.796,2.796,0,12.4,True,9.99,4,62.5,62.5,54.99,10,0,0,208,2026-03-11T08:58:38Z,,
swshp-SWSH001,019bff96-3f24-733d-8f29-27efcecff52a,Grookey,Blister Exclusives,2.53,0.36,918,29,889,2,3.3,1,50.1,True,blister-exclusives,010/202,Holofoil,Promo,https://cdn.poketrace.com/cards/0bcf391d6d3ba095.webp,0.35,580,0.372,0.372,0,20.2,True,50,5,33.8725,33.8725,0,0,0,0,918,2026-03-11T08:58:38Z,,
bw8-123,019bff7d-2e11-71aa-95c2-8ab1af933d14,Hypnotoxic Laser,Plasma Storm,2.08,11.72,203,21,182,2,0.3,1,50.1,True,plasma-storm,123/135,Reverse_Holofoil,Uncommon,https://cdn.poketrace.com/cards/1ef85451a02aeafc.webp,7.19,61,11.688,11.688,0,15.9,True,0,0,0,0,0,0,0,0,203,2026-03-11T08:58:38Z,,
dp4-17,019bff7b-60a6-776a-9f3e-fe0c82ac0505,Exploud,Great Encounters,1.38,2.18,135,40,95,2,0,1,50.1,True,great-encounters,17/106,Reverse_Holofoil,Rare,https://cdn.poketrace.com/cards/c730ffeb23dd29d6.webp,1.6,53,2.18,2.18,0,7,True,149.84,3,0,0,0,0,0,0,135,2026-03-11T08:58:38Z,,
gym1-77,019bff7b-60a6-776a-9f3d-cc64ac62b54f,Erika's Exeggcute,Gym Heroes,2.15,0.56,1516,1,1515,2,5.4,1,50.1,True,gym-heroes,077/132,Unlimited,Common,https://cdn.poketrace.com/cards/22e4afc9535079dd.webp,0.46,502,0.53,0.53,0,16.7,False,0,0,0,0,0,0,0,0,1516,2026-03-11T08:58:38Z,,
bw10-4,019bff79-8e10-76e9-bb0e-dbb6114e8c8f,Cradily,Sandstorm,1.39,5.36,138,40,98,2,0,1,50.1,True,sandstorm,3/100,Reverse_Holofoil,Holo Rare,https://cdn.poketrace.com/cards/1f73776e752bfb4c.webp,6.46,54,5.36,5.36,0,7.2,True,207.25,4,0,0,25,4,0,0,138,2026-03-11T08:58:38Z,,
neo3-63,019bff80-d352-765e-b970-fea3e7dd467f,Rocket's Hideout,Neo Revelation,2.34,5.35,923,1,922,2,3.1,1,50.1,True,neo-revelation,63/64,Unlimited,Uncommon,https://cdn.poketrace.com/cards/b3f4532dda55ee98.webp,3.57,254,5.182,5.182,0,18.5,False,0,0,0,0,0,0,0,0,923,2026-03-11T08:58:38Z,,
dp5-21,019bff7c-4505-7332-a33b-3fc978264b52,Hippowdon,Diamond and Pearl,1.49,3.27,169,22,147,2,0,1,50.1,True,diamond-and-pearl,29/130,Reverse_Holofoil,Rare,https://cdn.poketrace.com/cards/d87222ba3cc52a69.webp,2.36,65,3.27,3.27,0,8.7,True,0,0,0,0,14.25,2,14.53,14.53,169,2026-03-11T08:58:38Z,,
ex12-61,019bff81-ba5a-741b-bef4-011dbb0d3fb8,Seedot,Deoxys,1.08,14.99,176,45,131,2,0,1,50.1,True,deoxys,71/107,Reverse_Holofoil,Common,https://cdn.poketrace.com/cards/47b1c085d8faa7e0.webp,7.81,53,14.99,14.99,0,1.7,True,180,6,0,0,55,11,0,0,152,2026-03-11T08:58:38Z,,
ex2-22,019bff81-ba5a-741b-bef5-c7ec3d45ae1a,Shiftry,Deoxys,1.33,14.31,139,43,96,2,0,1,50.1,True,deoxys,25/107,Reverse_Holofoil,Rare,https://cdn.poketrace.com/cards/c1804b57203aa2b6.webp,7,34,14.31,14.31,0,6.2,True,105.5,5,0,0,35,14,0,0,139,2026-03-11T08:58:38Z,,
ex2-87,019bff7d-2e13-7175-b43e-8fc9692fdee7,Lanette's Net Search,Sandstorm,1.56,5.18,77,22,55,2,0,1,50.1,True,sandstorm,87/100,Reverse_Holofoil,Uncommon,https://cdn.poketrace.com/cards/8a3774e9ce546c93.webp,4.53,37,5.18,5.18,0,9.7,True,200,1,0,0,85,4,0,0,77,2026-03-11T08:58:38Z,,
sm11-101,019bff92-de41-7265-b538-c5359c338654,Necrozma,SM - Unified Minds,2.51,2.92,337,20,317,2,0.6,1,50.1,True,sm-unified-minds,101/236,Reverse_Holofoil,Rare,https://cdn.poketrace.com/cards/279c1f872c4b2708.webp,2.45,257,2.902,2.902,0,20,True,16.5,1,0,0,6.5,1,5,5,337,2026-03-11T08:58:38Z,,
hgss3-71,019bff78-a648-7332-9aa5-45447526a32b,Burned Tower,Undaunted,1.39,50,131,23,108,2,0,1,50.1,True,undaunted,71/90,Reverse_Holofoil,Uncommon,https://cdn.poketrace.com/cards/a4e4b1f821369c7e.webp,22.85,52,50,50,0,7.2,True,0,0,0,0,16.74,1,45,45,131,2026-03-11T08:58:38Z,,
ex13-97,019bff79-8e11-736b-b11c-fbd9171bae53,Dark Metal Energy,Team Rocket Returns,2.07,21.24,123,58,65,2,0,1,50.1,True,team-rocket-returns,94/109,Reverse_Holofoil,Uncommon,https://cdn.poketrace.com/cards/9780586b34c9bf5d.webp,19.04,30,21.24,21.24,0,15.8,True,177.4,9,236.56285,206.392,100,11,44.58143,51.79769,123,2026-03-11T08:58:38Z,,
xy8-151,019bff89-bc5d-75d8-9889-5fdfbfe565d0,Burning Energy,XY - BREAKthrough,1.29,1.92,259,13,246,2,0.3,1,50.1,True,xy-breakthrough,151/162,Reverse_Holofoil,Uncommon,https://cdn.poketrace.com/cards/fb74ab472ec2bb4c.webp,1.59,135,1.926,1.926,0,5.5,True,0,0,0,0,0,0,0,0,259,2026-03-11T08:58:38Z,,
ecard2-127,019bff7e-1600-7088-827f-e55ce8bcad31,Lightning Cube 01,Aquapolis,1.48,4.04,124,31,93,2,0,1,50.1,True,aquapolis,127/147,Reverse_Holofoil,Uncommon,https://cdn.poketrace.com/cards/677a97c8de864170.webp,2.54,70,4.04,4.04,0,8.5,True,70,3,70.49,70.49,8,4,31.25,31.25,124,2026-03-11T08:58:38Z,,
ex1-30,019bff7a-78f5-732c-acbf-99035a171c91,Electrike,Ruby and Sapphire,1.36,4.48,137,21,116,2,0,1,50.1,True,ruby-and-sapphire,30/109,Reverse_Holofoil,Uncommon,https://cdn.poketrace.com/cards/ed873916db2278e0.webp,4.99,30,4.48,4.48,0,6.7,True,0,0,0,0,36,2,0,0,137,2026-03-11T08:58:38Z,,
xy5-97,019bff98-542a-729b-9795-f4df50303c6e,Excadrill,SWSH04: Vivid Voltage,1.62,0.21,317,20,297,2,1,1,50.1,True,swsh04-vivid-voltage,122/185,Reverse_Holofoil,Uncommon,https://cdn.poketrace.com/cards/7aa4b7f8eadd0532.webp,0.17,269,0.208,0.208,0,10.5,True,19.99,2,0,0,4.25,4,0,0,317,2026-03-11T08:58:38Z,,
bw5-100,019bff80-d351-7535-a79c-0f214e22db14,Rare Candy,Sandstorm,1.31,24.99,98,23,75,2,0,1,50.1,True,sandstorm,88/100,Reverse_Holofoil,Uncommon,https://cdn.poketrace.com/cards/2e999b7a1ce387b5.webp,23.07,23,24.986,24.986,0,5.9,True,300,1,0,0,20.5,2,20.5,20.5,98,2026-03-11T08:58:38Z,,
swsh2-36,019bff9c-c081-7545-beeb-16f79a51eb84,Cinderace VMAX,SWSH08: Fusion Strike,2.5,2.98,3010,152,2858,2,11.6,1,50.1,True,swsh08-fusion-strike,045/264,Holofoil,Ultra Rare,https://cdn.poketrace.com/cards/dc819fb48d88e066.webp,2.47,2588,2.634,2.634,0,19.9,True,85,34,82.5,82.5,17.5,25,0,0,3010,2026-03-11T08:58:38Z,,
neo4-89,019bff83-8640-7057-ac6c-82c5650dab6d,Unown [V],Neo Destiny,1.67,1.13,616,1,615,2,2.1,1,50.1,True,neo-destiny,089/105,Unlimited,Common,https://cdn.poketrace.com/cards/7b642d97031660a0.webp,0.86,259,1.154,1.154,0,11.2,False,0,0,0,0,0,0,0,0,616,2026-03-11T08:58:38Z,,
dv1-7,019bff81-ba5a-741b-bef5-466592e4cf32,Shelgon,Dragon,1.63,5.04,130,27,103,2,0,1,50.1,True,dragon,20/97,Reverse_Holofoil,Rare,https://cdn.poketrace.com/cards/3a704ea0ebaf82ae.webp,4.54,71,5.04,5.04,0,10.6,True,299.99,1,0,0,70.29,2,0,0,130,2026-03-11T08:58:38Z,,
dp4-26,019bff7f-e2b8-7168-a03d-e6a31162e3f1,Palkia,Diamond and Pearl,2.35,21,127,24,103,2,0,1,50.1,True,diamond-and-pearl,11/130,Reverse_Holofoil,Holo Rare,https://cdn.poketrace.com/cards/6fb1c0d83250fc8f.webp,6.6,23,21,21,0,18.6,True,0,0,0,0,168.86,4,88.81572,71.57769,127,2026-03-11T08:58:38Z,,
xy7-50,019bff7e-fc4f-7384-9b89-96ade17e56df,Metagross,POP Series 1,2.17,5.24,154,32,122,2,0,1,50.1,True,pop-series-1,002/017,Normal,Rare,https://cdn.poketrace.com/cards/d7c5652e9432fc5e.webp,3.48,83,5.24,5.24,0,16.9,True,35,7,329.21286,375.56125,94.95,6,46.701427,57.47,154,2026-03-11T08:58:38Z,,
dp6-129,019bff78-a648-7332-9aa4-836a1dbd55ed,Bubble Coat,Legends Awakened,1.17,7.28,109,9,100,2,0,1,50.1,True,legends-awakened,129/146,Reverse_Holofoil,Uncommon,https://cdn.poketrace.com/cards/a05d4c9a416de877.webp,4.91,49,7.28,7.28,0,3.4,True,0,0,0,0,0,0,0,0,109,2026-03-11T08:58:38Z,,
ex11-96,019c3ac3-ec66-706d-a49a-c3e6643edea3,Holon Ruins,Delta Species,1.32,1.32,126,26,100,2,0,1,50.1,True,delta-species,96/113,Normal,Uncommon,https://cdn.poketrace.com/cards/bd800767b936478b.webp,0.91,42,1.32,1.32,0,6,True,0,0,0,0,0,0,0,0,126,2026-03-11T08:58:38Z,,
bw2-67,019bff84-6f78-703d-b080-8469ad976512,Zoroark,Next Destinies,2.25,195.14,141,91,50,2,0,1,50.1,True,next-destinies,102/99,Holofoil,Secret Rare,https://cdn.poketrace.com/cards/fe65f6db13031384.webp,160.35,22,195.05,195.05,0,17.6,True,1250,1,0,0,425,30,368.56714,230.52759,141,2026-03-11T08:58:38Z,,
bw11-41,019bff7f-e2b8-7168-a03e-2cf46ac256d8,Palpitoad,Dragons Exalted,1.63,0.66,151,9,142,2,0,1,50.1,True,dragons-exalted,35/124,Reverse_Holofoil,Uncommon,https://cdn.poketrace.com/cards/2b4ba82f374d9491.webp,0.43,125,0.66,0.66,0,10.6,False,0,0,0,0,0,0,0,0,151,2026-03-11T08:58:38Z,,
tk-xy-b-4,019bff84-6f77-773f-980a-19029b6072de,Vigoroth,Power Keepers,1.63,8.62,123,30,93,2,0,1,50.1,True,power-keepers,41/108,Reverse_Holofoil,Uncommon,https://cdn.poketrace.com/cards/9bc4b68797f44401.webp,3.95,47,8.62,8.62,0,10.6,True,299.99,5,134.19,134.19,24.5,6,34.496002,34.496002,123,2026-03-11T08:58:38Z,,
gym1-95,019bff81-ba59-7208-a499-a378a13e478f,Sabrina's Slowpoke,Gym Heroes,1.44,1.73,1462,44,1418,2,5.3,1,50.1,True,gym-heroes,095/132,Unlimited,Common,https://cdn.poketrace.com/cards/e623c6aab132f32d.webp,0.82,454,1.638,1.638,0,7.9,True,25,3,65.12428,74.435455,38.88,11,29.690714,23.048166,1462,2026-03-11T08:58:38Z,,
bw1-65,019bff7d-2e13-7175-b43d-b9017c12eb6d,Krookodile,Dragons Exalted,2.24,199.99,118,74,44,2,0,1,50.1,True,dragons-exalted,127/124,Holofoil,Secret Rare,https://cdn.poketrace.com/cards/ab4c24f6255cf9d1.webp,98.23,18,199.99,199.99,0,17.5,True,2025,3,1700,1700,305,28,151.75,166.55269,118,2026-03-11T08:58:38Z,,
xy5-37,019bff7e-1601-757e-bd2b-8646764e5aba,Ludicolo,Deoxys,2.06,20.08,137,46,91,2,0,1,50.1,True,deoxys,19/107,Reverse_Holofoil,Rare,https://cdn.poketrace.com/cards/b6ba965beb8fa7c5.webp,11.66,21,20.08,20.08,0,15.7,True,555,2,352.48,352.48,44.65,15,46.425713,62.963215,137,2026-03-11T08:58:38Z,,
dp7-14,019bff79-8e0f-74bf-99c5-04d9ddbefae2,Cherrim,Diamond and Pearl,1.4,4.56,131,16,115,2,0,1,50.1,True,diamond-and-pearl,45/130,Reverse_Holofoil,Uncommon,https://cdn.poketrace.com/cards/70da85fa1825a1e6.webp,2.51,71,4.56,4.56,0,7.3,True,0,0,0,0,81.86,1,19.97,19.97,131,2026-03-11T08:58:38Z,,
dp7-24,019bff81-ba59-7208-a499-bd61f84e71c9,Salamence,Dragon,2.17,39.33,297,85,212,2,0.7,1,50.1,True,dragon,19/97,Reverse_Holofoil,Rare,https://cdn.poketrace.com/cards/0779f1f100057157.webp,19.57,71,39.598,39.598,0,16.9,True,200,5,430.47998,430.47998,42.96,19,66.454994,66.454994,297,2026-03-11T08:58:38Z,,
xy1-14,019c3ac3-ec64-7448-8de1-863052a882dd,Chesnaught,XY Base Set,2.23,2.23,251,15,236,2,0.6,1,50.1,True,xy-base-set,14/146,Holofoil,Holo Rare,https://cdn.poketrace.com/cards/7a37437507e887ff.webp,1.38,79,2.244,2.244,0,17.5,True,299.99,1,0,0,0,0,0,0,251,2026-03-11T08:58:38Z,,
sm7-81,019bff85-5462-7495-b8e6-d8f1f0d5d4f8,Groudon,XY - Primal Clash,1.55,1.71,298,22,276,2,0.5,1,50.1,True,xy-primal-clash,84/160,Reverse_Holofoil,Rare,https://cdn.poketrace.com/cards/449e9a970569ac7f.webp,0.74,158,1.702,1.702,0,9.5,True,500,1,0,0,40,5,0,0,298,2026-03-11T08:58:38Z,,
ex1-28,019bff79-8e10-76e9-bb0e-144a5e99dce8,Combusken,Ruby and Sapphire,2.36,15.08,172,33,139,2,0,1,50.1,True,ruby-and-sapphire,27/109,Reverse_Holofoil,Uncommon,https://cdn.poketrace.com/cards/d846c3758a1984f9.webp,7.32,55,15.076,15.076,0,18.7,True,449.95,3,0,0,37.55,8,0,0,172,2026-03-11T08:58:38Z,,
sm6-105,019bff90-0db2-75a5-9cd2-cbd4788d5269,Diantha,SM - Forbidden Light,1.1,0.93,248,6,242,2,0.4,1,50.1,True,sm-forbidden-light,105/131,Reverse_Holofoil,Holo Rare,https://cdn.poketrace.com/cards/febde51492161ff5.webp,0.85,174,0.926,0.926,0,2.1,True,0,0,0,0,150,1,0,0,246,2026-03-11T08:58:38Z,,
ecard2-134,019c3ac3-ec68-7410-8be0-461ffec7d33a,Super Energy Removal 2,Aquapolis,1.75,1.75,160,30,130,2,0.3,1,50.1,True,aquapolis,134/147,Normal,Uncommon,https://cdn.poketrace.com/cards/51ee25ce20dab681.webp,1.58,74,1.744,1.744,0,12.2,True,41,5,0,0,19.5,2,0,0,160,2026-03-11T08:58:38Z,,
dp6-22,019bff79-8e10-76e9-bb0f-07d410345662,Crawdaunt,Dragon,1.64,6.87,173,25,148,2,0,1,50.1,True,dragon,13/97,Reverse_Holofoil,Rare,https://cdn.poketrace.com/cards/078fcfce24b1d3e5.webp,4.1,85,6.87,6.87,0,10.8,True,0,0,0,0,17.5,5,29.872858,29.872858,173,2026-03-11T08:58:38Z,,
xy5-110,019bff7b-60a7-77b8-b493-234ad8b11451,Flygon,Secret Wonders,1.72,9.36,163,25,138,2,0,1,50.1,True,secret-wonders,5/132,Reverse_Holofoil,Holo Rare,https://cdn.poketrace.com/cards/23827a7889fdd149.webp,6.7,17,9.36,9.36,0,11.8,True,0,0,0,0,27.12,1,0,0,163,2026-03-11T08:58:38Z,,
dp1-19,019bff78-a647-717f-a4e2-5158c7e9f79c,Beautifly,Diamond and Pearl,1.24,4.19,141,28,113,2,0,1,50.1,True,diamond-and-pearl,19/130,Reverse_Holofoil,Rare,https://cdn.poketrace.com/cards/492e5e0c587776e3.webp,1.53,56,4.19,4.19,0,4.7,True,0,0,0,0,16.23,2,19.73,19.73,141,2026-03-11T08:58:38Z,,
swsh4.5-SV079,019bff99-7af1-7262-a093-01a22b1137c3,Galarian Linoone,Shining Fates: Shiny Vault,2.47,1.86,697,77,620,2,2.4,1,50.1,True,shining-fates-shiny-vault,SV079/SV122,Holofoil,Shiny Holo Rare,https://cdn.poketrace.com/cards/206e081ea050c487.webp,1.78,568,1.904,1.904,0,19.7,True,22.5,18,0,0,0.99,7,0,0,697,2026-03-11T08:58:38Z,,
hgss1-94,019c3ac3-ec6c-77ac-9eb8-057c3d1437f3,Moomoo Milk,SM - Lost Thunder,1.34,0.2,394,10,384,2,1,1,50.1,True,sm-lost-thunder,185/214,Normal,Uncommon,https://cdn.poketrace.com/cards/ab7522b82d8c1a3b.webp,0.18,225,0.198,0.198,0,6.4,False,0,0,0,0,0,0,0,0,394,2026-03-11T08:58:38Z,,
bw4-33,019bff8c-7243-760b-b38e-dcce303bab4c,Vanilluxe,SM - Guardians Rising,1.1,0.36,188,15,173,2,0,1,50.1,True,sm-guardians-rising,35/145,Reverse_Holofoil,Rare,https://cdn.poketrace.com/cards/8eb66e224678456d.webp,0.3,142,0.36,0.36,0,2.1,False,0,0,0,0,0,0,0,0,188,2026-03-11T08:58:38Z,,
gym2-63,019bff78-a647-717f-a4e4-169639d135e2,Blaine's Mankey,Gym Challenge,1.24,0.79,885,2,883,2,2.8,1,50.1,True,gym-challenge,063/132,Unlimited,Common,https://cdn.poketrace.com/cards/88786f4b583b12b4.webp,0.59,257,0.768,0.768,0,4.7,False,0,0,0,0,0,0,0,0,885,2026-03-11T08:58:38Z,,
pl1-18,019bff77-befc-77ae-b884-7e70a3f06b84,Altaria,Deoxys,1.72,48.32,144,69,75,2,0,1,50.1,True,deoxys,1/107,Reverse_Holofoil,Holo Rare,https://cdn.poketrace.com/cards/8bff0202368bced3.webp,30.16,27,48.32,48.32,0,11.8,True,138.58,2,0,0,190,18,191.25,191.25,144,2026-03-11T08:58:38Z,,
swsh2-136,019bff96-3f25-72d1-b369-6cbfb9379e43,Copperajah V,SWSH02: Rebel Clash,1.02,1.02,931,51,880,2,3.3,1,50.1,True,swsh02-rebel-clash,136/192,Holofoil,Ultra Rare,https://cdn.poketrace.com/cards/b110777fda0a5f3b.webp,0.82,757,0.986,0.986,0,0.4,True,20.5,19,20.66,21.784706,5.78,5,14.88,14.88,904,2026-03-11T08:58:38Z,,
ex5-62,019bff7c-4505-7332-a339-a15a92840de7,Gulpin,Emerald,1.64,21.25,131,27,104,2,0,1,50.1,True,emerald,51/106,Reverse_Holofoil,Common,https://cdn.poketrace.com/cards/2220bbf5be66e484.webp,10.79,91,21.25,21.25,0,10.8,True,225,1,212,212,65,5,27.312,27.312,131,2026-03-11T08:58:38Z,,
ecard2-133,019c3ac3-ec68-7410-8bd8-825c640cecd6,Seer,Aquapolis,2.19,2.19,114,28,86,2,0,1,50.1,True,aquapolis,133/147,Normal,Uncommon,https://cdn.poketrace.com/cards/721409e94491d681.webp,1.96,46,2.19,2.19,0,17.1,True,36,1,0,0,39.99,3,0,0,114,2026-03-11T08:58:38Z,,
dp5-16,019bff78-a648-7332-9aa4-55f37c0cb981,Bronzong,Triumphant,1.31,2.82,124,21,103,2,0,1,50.1,True,triumphant,15/102,Reverse_Holofoil,Rare,https://cdn.poketrace.com/cards/468b4e7fd18f1ab5.webp,10.05,55,2.82,2.82,0,5.9,True,0,0,0,0,10.55,2,12.51,12.51,124,2026-03-11T08:58:38Z,,
swsh1-79,019bff9d-c5dd-752a-bcc3-e8fdcdfc8e94,Morpeko V,SWSH09: Brilliant Stars,1.09,0.85,3408,114,3294,2,13.2,1,50.1,True,swsh09-brilliant-stars,095/172,Holofoil,Ultra Rare,https://cdn.poketrace.com/cards/5ebd165f5c02b765.webp,0.84,2990,0.962,0.962,0,1.9,True,55,17,0,0,18.99,9,12.761666,12.761666,3360,2026-03-11T08:58:38Z,,
ex6-92,019bff7c-4505-7332-a338-7c6b9e1d4139,Great Ball,Emerging Powers,1.66,0.98,122,13,109,2,0,1,50.1,True,emerging-powers,93/98,Reverse_Holofoil,Uncommon,https://cdn.poketrace.com/cards/97e34ca1f6f9709e.webp,0.72,79,0.98,0.98,0,11,True,0,0,0,0,12.85,2,12.46,12.46,122,2026-03-11T08:58:38Z,,
sv04.5-156,019bff7a-78f4-707a-bf70-fb87511a7dd9,Drifblim,Diamond and Pearl,2.39,4.04,98,23,75,2,0,1,50.1,True,diamond-and-pearl,24/130,Reverse_Holofoil,Rare,https://cdn.poketrace.com/cards/2f77c54deb76a493.webp,2.24,38,4.04,4.04,0,19,True,0,0,0,0,0,0,0,0,98,2026-03-11T08:58:38Z,,
ex15-86,019c3ac3-ec66-706d-a49a-9bf8f795c9fb,Holon Energy WP,Dragon Frontiers,1.64,1.64,133,27,106,2,0,1,50.1,True,dragon-frontiers,86/101,Normal,Rare,https://cdn.poketrace.com/cards/4b3e9ca8ed57d982.webp,0.88,28,1.64,1.64,0,10.8,True,0,0,0,0,22,2,0,0,133,2026-03-11T08:58:38Z,,
xy0-12,019bff89-bc59-76a1-b46c-cdb48544f85b,Froakie,XY - BREAKthrough,1.15,0.62,237,12,225,2,0.3,1,50.1,True,xy-breakthrough,46/162,Reverse_Holofoil,Common,https://cdn.poketrace.com/cards/4d39e1ba02c1d5f0.webp,0.42,119,0.622,0.622,0,3,False,0,0,0,0,0,0,0,0,237,2026-03-11T08:58:38Z,,
ex4-29,019c3ac3-ec68-7410-8be2-89b66970131c,Team Aqua's Manectric,Team Magma vs Team Aqua,2.45,16.44,143,88,55,2,0,1,50.1,True,team-magma-vs-team-aqua,4/95,Holofoil,Holo Rare,https://cdn.poketrace.com/cards/c11fd397ea91ad16.webp,26.67,22,16.44,16.44,0,19.5,True,281.86,8,0,0,75,24,63,63,143,2026-03-11T08:58:38Z,,
ex12-28,019bff84-6f78-703d-b07e-62e9a8fba298,Wobbuffet,Sandstorm,1.52,5.08,135,35,100,2,0,1,50.1,True,sandstorm,26/100,Reverse_Holofoil,Rare,https://cdn.poketrace.com/cards/8c8845e4bfd53ba2.webp,4.83,45,5.08,5.08,0,9.1,True,175,5,0,0,60,2,0,0,135,2026-03-11T08:58:38Z,,
bw11-66,019bff81-ba5b-72b4-ae78-b8481c0810ac,Sigilyph,Dragons Exalted,1.24,0.86,129,11,118,2,0,1,50.1,True,dragons-exalted,52/124,Reverse_Holofoil,Holo Rare,https://cdn.poketrace.com/cards/31f3366055b6a3a6.webp,0.53,35,0.86,0.86,0,4.7,False,0,0,0,0,0,0,0,0,129,2026-03-11T08:58:38Z,,
swsh4-200,019bff97-5467-7509-9dc0-e5039fc1508d,Cape of Toughness,SWSH03: Darkness Ablaze,2.2,0.4,377,12,365,2,1,1,50.1,True,swsh03-darkness-ablaze,160/189,Reverse_Holofoil,Uncommon,https://cdn.poketrace.com/cards/bb545e442a88cbdd.webp,0.32,270,0.404,0.404,0,17.2,False,0,0,0,0,0,0,0,0,377,2026-03-11T08:58:38Z,,
dp5-31,019bff83-863e-704c-9304-7d669372b569,Toxicroak,Legendary Treasures,1.33,1.52,90,6,84,2,0,1,50.1,True,legendary-treasures,63/113,Reverse_Holofoil,Rare,https://cdn.poketrace.com/cards/bef350e5d6e6337a.webp,0.94,60,1.52,1.52,0,6.2,False,0,0,0,0,0,0,0,0,90,2026-03-11T08:58:38Z,,
hgss3-19,019bff7e-fc50-71f0-aee2-e58dc4300d2c,Mismagius,Diamond and Pearl,1.03,11.12,127,28,99,2,0,1,50.1,True,diamond-and-pearl,10/130,Reverse_Holofoil,Holo Rare,https://cdn.poketrace.com/cards/6ca52d1a6c021e22.webp,4.44,33,11.12,11.12,0,0.6,True,0,0,0,0,129.52,3,48.965714,54.593887,112,2026-03-11T08:58:38Z,,
ex9-16,019bff7e-1601-757e-bd2f-60358ae70390,Manectric,Emerald,2.02,29.32,160,46,114,2,0,1,50.1,True,emerald,7/106,Reverse_Holofoil,Holo Rare,https://cdn.poketrace.com/cards/ee28407680026bda.webp,25.99,58,29.32,29.32,0,15.3,True,324.88,2,173.52715,174.77374,71,11,48.36429,39.63117,160,2026-03-11T08:58:38Z,,
bw4-46,019bff7e-1601-757e-bd2c-489e474e283b,Luxray,Legends Awakened,1.74,12,130,27,103,2,0,1,50.1,True,legends-awakened,8/146,Reverse_Holofoil,Holo Rare,https://cdn.poketrace.com/cards/16769da68cbdbf32.webp,6.46,17,12,12,0,12.1,True,0,0,0,0,38,7,0,0,130,2026-03-11T08:58:38Z,,
neo1-34,019bff7b-60a7-77b8-b492-580a4166a176,Flaaffy,Neo Revelation,1.52,1.78,628,27,601,2,2,1,50.1,True,neo-revelation,28/64,Unlimited,Uncommon,https://cdn.poketrace.com/cards/0a7472776acc302d.webp,1.15,217,1.816,1.816,0,9.1,True,41,5,27.625,27.625,20.3,1,0,0,628,2026-03-11T08:58:38Z,,
swsh1-53,019bff95-4414-759b-8e0b-7b4e4841ecc0,Keldeo V,SWSH01: Sword & Shield Base Set,1.1,1.1,1523,94,1429,2,5.3,1,50.1,True,swsh01-sword-and-shield-base-set,053/202,Holofoil,Ultra Rare,https://cdn.poketrace.com/cards/3af5962318142ed0.webp,0.86,1246,1.042,1.042,0,2.1,True,33.15,30,0,0,5,22,0,0,1461,2026-03-11T08:58:38Z,,
bw6-26,019bff84-6f77-773f-980b-67d2dbd1ca82,Wailord,Ruby and Sapphire,2.38,8.25,141,41,100,2,0,1,50.1,True,ruby-and-sapphire,14/109,Reverse_Holofoil,Holo Rare,https://cdn.poketrace.com/cards/cb83607a991e99e4.webp,11.33,38,8.25,8.25,0,18.9,True,562.95,1,0,0,16.28,15,0,0,141,2026-03-11T08:58:38Z,,
ecard1-150,019c3ac3-ec68-7410-8bdf-a7510be2125f,Strength Charm,Deoxys,1.52,0.47,173,20,153,2,0.4,1,50.1,True,deoxys,92/107,Normal,Uncommon,https://cdn.poketrace.com/cards/6e8bac0e2f462bc5.webp,0.24,50,0.468,0.468,0,9.1,True,6.5,1,0,0,90,4,0,0,173,2026-03-11T08:58:38Z,,
xy5-44,019bff7e-fc50-71f0-aee1-f1411ed72a0c,Milotic,Emerald,1.86,107.5,154,65,89,2,0,1,50.1,True,emerald,8/106,Reverse_Holofoil,Holo Rare,https://cdn.poketrace.com/cards/22da801805790b75.webp,44.99,62,107.5,107.5,0,13.5,True,2075,7,1192.5271,810.1129,227.5,19,46.83143,46.025665,154,2026-03-11T08:58:38Z,,
hgss4-89,019c3ac3-ec69-768f-9589-c7f746595ef2,Twins,Triumphant,1.42,1.42,510,33,477,2,1.4,1,50.1,True,triumphant,89/102,Normal,Uncommon,https://cdn.poketrace.com/cards/8c856b4bee3599bf.webp,1.03,103,1.4,1.4,0,7.6,True,0,0,0,0,39.95,1,0,0,510,2026-03-11T08:58:38Z,,
ex9-18,019bff80-d352-765e-b96f-b50a74a5e962,Relicanth,Hidden Legends,1.86,6.31,126,34,92,2,0,1,50.1,True,hidden-legends,24/101,Reverse_Holofoil,Rare,https://cdn.poketrace.com/cards/1a9a554c7c747c1a.webp,8.49,35,6.31,6.31,0,13.5,True,300,1,0,0,3.25,10,0,0,126,2026-03-11T08:58:38Z,,
gym2-81,019bff7d-2e13-7175-b43d-565df2247d07,Koga's Tangela,Gym Challenge,1.3,1.75,970,3,967,2,3.2,1,50.1,True,gym-challenge,081/132,Unlimited,Common,https://cdn.poketrace.com/cards/f92233fc4ae2af55.webp,0.72,303,1.694,1.694,0,5.7,True,0,0,0,0,23.25,1,0,0,970,2026-03-11T08:58:38Z,,
ex4-81,019bff82-9f85-738b-8711-ffde132f4f91,Team Magma Belt,Team Magma vs Team Aqua,1.53,6.47,80,8,72,2,0,1,50.1,True,team-magma-vs-team-aqua,81/95,Reverse_Holofoil,Uncommon,https://cdn.poketrace.com/cards/6804b9bb5efdb86d.webp,4.4,55,6.47,6.47,0,9.3,True,0,0,0,0,14.85,1,0,0,80,2026-03-11T08:58:38Z,,
ex9-43,019bff78-a647-717f-a4e1-9bcc4dbf846b,Baltoy,Deoxys,2.04,6.6,172,40,132,2,0,1,50.1,True,deoxys,53/107,Reverse_Holofoil,Common,https://cdn.poketrace.com/cards/af8bb6da87fc018e.webp,3.75,64,6.6,6.6,0,15.5,True,235,7,73.57833,73.57833,39,13,26.491428,25.685833,172,2026-03-11T08:58:38Z,,
sm12-110,019bff93-f25a-71cc-92f6-90ddbd5a9f08,Flygon GX,SM - Cosmic Eclipse,2.2,2.2,870,107,763,2,2.9,0,50.1,True,sm-cosmic-eclipse,110/236,Holofoil,Ultra Rare,https://cdn.poketrace.com/cards/61e2e9ef313f9ca5.webp,1.77,678,2.136,2.136,0,17.2,True,53.27,27,42.284286,38.022602,29.4,11,19.992857,19.444,870,2026-03-11T08:58:38Z,,
xyp-XY108,019bff8a-a5c0-76a9-86a3-4dc9a9d545fe,Machamp EX,XY Promos,2.04,2.76,592,60,532,2,1.9,1,50.1,True,xy-promos,XY108,Holofoil,Promo,https://cdn.poketrace.com/cards/254cf0dc2509a680.webp,2.13,250,2.708,2.708,0,15.5,True,122,25,0,0,15.5,8,0,0,592,2026-03-11T08:58:38Z,,
ex4-75,019bff82-9f85-738b-8711-4ae3d9b095de,Team Aqua Ball,Team Magma vs Team Aqua,1.09,7.02,120,17,103,2,0,1,50.1,True,team-magma-vs-team-aqua,75/95,Reverse_Holofoil,Uncommon,https://cdn.poketrace.com/cards/5ce1528077c18086.webp,2.22,77,7.02,7.02,0,1.9,True,190,1,0,0,0,0,0,0,117,2026-03-11T08:58:38Z,,
me01-148,019bff85-5458-73eb-811b-3fcfce4fc2ba,Spiritomb,XY - Phantom Forces,2.21,0.67,187,7,180,2,0.3,1,50.1,True,xy-phantom-forces,55/119,Reverse_Holofoil,Rare,https://cdn.poketrace.com/cards/d7f55b93ef895dea.webp,0.51,78,0.672,0.672,0,17.3,False,0,0,0,0,0,0,0,0,187,2026-03-11T08:58:38Z,,
swsh12.5-GG17,019bff99-7af1-7262-a093-191b1c07666f,Thievul,Shining Fates: Shiny Vault,2.15,1.61,725,81,644,2,2.9,1,50,True,shining-fates-shiny-vault,SV082/SV122,Holofoil,Shiny Holo Rare,https://cdn.poketrace.com/cards/d0ca43fb8eb8bfab.webp,1.44,586,1.564,1.564,0,16.6,True,16.05,14,0,0,9.51,17,0,0,725,2026-03-11T08:58:38Z,,
2017sm-12,019bff93-f259-713f-b49d-1cc1773b43bc,Yungoos,SM - Unified Minds,2.42,0.32,195,8,187,2,0.6,1,50,True,sm-unified-minds,180/236,Reverse_Holofoil,Common,https://cdn.poketrace.com/cards/3d5701b7a75fec43.webp,0.23,173,0.322,0.322,0,19.2,False,0,0,0,0,0,0,0,0,195,2026-03-11T08:58:38Z,,
xy1-93,019bff92-de40-7086-ac3c-2fecdbca22d8,Aromatisse,SM - Unbroken Bonds,1.65,1.55,378,16,362,2,1.3,1,50,True,sm-unbroken-bonds,142/214,Reverse_Holofoil,Rare,https://cdn.poketrace.com/cards/d7d47d52077b6d7b.webp,1.05,315,1.57,1.57,0,10.9,False,0,0,0,0,0,0,0,0,378,2026-03-11T08:58:38Z,,
neo3-40,019bff83-8640-7057-ac6c-98b53a9f4c0c,Unown [Y],Neo Revelation,1.19,1.93,569,24,545,2,2.3,1,50,True,neo-revelation,40/64,Unlimited,Uncommon,https://cdn.poketrace.com/cards/950c1fe1cb7e935b.webp,1.16,174,1.974,1.974,0,3.8,True,129.99,4,0,0,19.99,2,0,0,569,2026-03-11T08:58:38Z,,
tk-xy-w-24,019bff86-38c5-7127-b4de-7e2d6da37523,Trevor,XY Promos,2.42,1.89,137,18,119,2,0.5,1,50,True,xy-promos,XY33,Normal,Promo,https://cdn.poketrace.com/cards/8ff1ad2a139dfdb8.webp,0.73,49,1.88,1.88,0,19.2,False,0,0,0,0,0,0,0,0,137,2026-03-11T08:58:38Z,,
dp1-39,019bff90-f393-73c5-8bd2-a98368b0b1cc,Vespiquen,SM - Lost Thunder,1.1,0.71,101,4,97,2,0.3,1,50,True,sm-lost-thunder,32/214,Reverse_Holofoil,Uncommon,https://cdn.poketrace.com/cards/0a0a7bb85f78e5bd.webp,0.68,82,0.712,0.712,0,2.1,False,0,0,0,0,0,0,0,0,101,2026-03-11T08:58:38Z,,
swsh11-215,019bffa1-0212-708c-a0b5-7949213c8e98,Collapsed Stadium,SWSH11: Lost Origin,2.42,2.37,1734,134,1600,2,6.7,1,50,True,swsh11-lost-origin,215/196,Holofoil,Secret Rare,https://cdn.poketrace.com/cards/c9b60a3abcba8665.webp,1.89,1425,2.212,2.212,0,19.2,True,37.51,32,45.754997,45.754997,7.55,27,0,0,1734,2026-03-11T08:58:38Z,,
pl1-117,019c3ac3-ec68-7410-8be2-c8cd9944ed50,Team Galactic's Invention G-103 Power Spray,Platinum,2.04,2.04,421,21,400,2,1.5,1,50,True,platinum,117/127,Normal,Uncommon,https://cdn.poketrace.com/cards/44c079d3c984fbd1.webp,1.45,104,2.07,2.07,0,15.5,False,0,0,0,0,0,0,0,0,421,2026-03-11T08:58:38Z,,
sv05-200,019bffae-2204-77ea-9955-2f8e5b682bba,Explorer's Guidance,SV05: Temporal Forces,1.42,1.25,2839,106,2733,2,11,1,50,True,sv05-temporal-forces,200/162,Holofoil,Ultra Rare,https://cdn.poketrace.com/cards/65a6e34ea8e94e17.webp,1.17,2506,1.388,1.388,0,7.6,True,45,25,33.33,33.33,13.5,28,11.071428,9.126667,2839,2026-03-11T08:58:38Z,,
dp5-87,019bff82-9f84-7584-9776-d354c0da1436,Super Scoop Up,Neo Genesis,1.02,1.24,516,22,494,2,1.8,1,50,True,neo-genesis,098/111,Unlimited,Uncommon,https://cdn.poketrace.com/cards/731e7e37b6334748.webp,0.71,197,1.218,1.218,0,0.4,True,0,0,0,0,18.57,2,22.01,22.01,507,2026-03-11T08:58:38Z,,
neo4-101,019bff7e-1601-757e-bd2e-dd42d53117ab,Magnifier,Neo Destiny,1.2,1.3,318,2,316,2,1.2,1,50,True,neo-destiny,101/105,Unlimited,Uncommon,https://cdn.poketrace.com/cards/1b9e19fc44d2196b.webp,0.94,133,1.316,1.316,0,4,False,0,0,0,0,0,0,0,0,318,2026-03-11T08:58:38Z,,
pl1-33,019bff8e-8809-74ef-bc93-bc685de51b18,Lickilicky,SM - Ultra Prism,1.41,0.64,214,15,199,2,0.6,1,50,True,sm-ultra-prism,103/156,Reverse_Holofoil,Rare,https://cdn.poketrace.com/cards/9e28e72e15c53902.webp,0.41,156,0.644,0.644,0,7.5,True,0,0,0,0,34.95,4,0,0,214,2026-03-11T08:58:38Z,,
hgss1-61,019bff79-8e10-76e9-bb10-538f19c42ced,Cyndaquil,Neo Destiny,1.54,1.71,1058,1,1057,2,4.1,1,50,True,neo-destiny,061/105,Unlimited,Common,https://cdn.poketrace.com/cards/1e0733a43e97e1e4.webp,1.15,334,1.78,1.78,0,9.4,False,0,0,0,0,0,0,0,0,1058,2026-03-11T08:58:38Z,,
sv06-208,019bffb0-7846-73ed-b5ef-a74be4f86cdd,Lucian,SV06: Twilight Masquerade,1.52,1.11,3198,124,3074,2,12.8,1,50,True,sv06-twilight-masquerade,208/167,Holofoil,Ultra Rare,https://cdn.poketrace.com/cards/9e9c70a5baa49b86.webp,1.1,2835,1.252,1.252,0,9.1,True,38.03,22,27.887142,24.843334,10,19,8.875714,8.278235,3198,2026-03-11T08:58:38Z,,
sm8-63,019bff8a-a5c0-76a9-86a3-9f23b7e66000,White Kyurem,XY - Fates Collide,1.33,0.79,300,29,271,2,1,1,50,True,xy-fates-collide,21/124,Reverse_Holofoil,Holo Rare,https://cdn.poketrace.com/cards/449d9d76b48c1267.webp,0.56,207,0.798,0.798,0,6.2,True,99.95,1,0,0,14.5,5,0,0,300,2026-03-11T08:58:38Z,,
bw8-130,019bff84-6f77-773f-9809-f36cc1e2ca6f,Victory Piece,Plasma Storm,2.44,2.44,234,36,198,2,1.1,1,50,True,plasma-storm,130/135,Holofoil,Rare Ace,https://cdn.poketrace.com/cards/c2bfffa8e553f964.webp,1.42,92,2.414,2.414,0,19.4,True,129.49,2,350,350,23.42,6,23.424,23.424,234,2026-03-11T08:58:38Z,,
pl4-21,019bff7e-1600-7088-8280-fb34ae53618d,Lopunny,POP Series 9,1.74,0.92,178,15,163,2,0.7,1,50,True,pop-series-9,009/017,Normal,Uncommon,https://cdn.poketrace.com/cards/1b2a551828a05580.webp,0.67,67,0.926,0.926,0,12,True,0,0,0,0,46,2,0,0,178,2026-03-11T08:58:38Z,,
neo2-48,019bff83-8640-7057-ac6c-065abe3d8cdb,Unown [F],Neo Discovery,1.2,2.97,816,23,793,2,3.3,1,50,True,neo-discovery,48/75,Unlimited,Uncommon,https://cdn.poketrace.com/cards/c797ce3f37f3d4a6.webp,0.85,279,2.872,2.872,0,4,True,39.99,5,42.315712,41.054615,14.5,1,30.798334,30.798334,816,2026-03-11T08:58:38Z,,
ecard2-125,019c3ac3-ec66-706d-a499-724234db65bb,Healing Berry,Aquapolis,2,2.01,57,32,25,2,0,1,50,True,aquapolis,125/147,Normal,Uncommon,https://cdn.poketrace.com/cards/49746bea9bc38414.webp,1.5,16,2.01,2.01,0,15.1,True,37.49,4,0,0,16.47,3,0,0,57,2026-03-11T08:58:38Z,,
swshp-SWSH116,019bff99-7af0-71d4-a48e-6a8848e23d2e,Morpeko,Shining Fates: Shiny Vault,1.54,7.02,767,56,711,2,2.8,1,50,True,shining-fates-shiny-vault,SV044/SV122,Holofoil,Shiny Holo Rare,https://cdn.poketrace.com/cards/ba76961beba77c2b.webp,5.12,592,6.824,6.824,0,9.4,True,47,21,0,0,13.5,13,0,0,767,2026-03-11T08:58:38Z,,
ex16-72,019c3ac3-ec65-7568-b388-5eb0f1fdaf34,Drake's Stadium,Power Keepers,1.41,1.41,92,14,78,2,0.4,1,50,True,power-keepers,72/108,Normal,Uncommon,https://cdn.poketrace.com/cards/e88b95b20a97105c.webp,0.65,14,1.404,1.404,0,7.5,True,0,0,0,0,18.99,2,0,0,92,2026-03-11T08:58:38Z,,
bw7-138,019bff79-8e10-76e9-bb0f-e13d8eb5a2b9,Crystal Edge,Boundaries Crossed,2.23,2.23,163,23,140,2,0.4,1,50,True,boundaries-crossed,138/149,Holofoil,Rare Ace,https://cdn.poketrace.com/cards/b2cdff773c77cccb.webp,1.47,84,2.238,2.238,0,17.4,True,99.99,3,0,0,3.25,4,0,0,163,2026-03-11T08:58:38Z,,
ecard2-129,019c3ac3-ec67-74f4-b252-74b98ed71d2c,Metal Cube 01,Aquapolis,1.54,1.54,113,25,88,2,0.4,1,50,True,aquapolis,129/147,Normal,Uncommon,https://cdn.poketrace.com/cards/0a58bdca3066c353.webp,1.32,44,1.546,1.546,0,9.4,True,0,0,0,0,3.25,3,0,0,113,2026-03-11T08:58:38Z,,
swsh12-TG08,019bff93-f25a-71cc-92f6-f2be5b8c79f3,Passimian,SM - Cosmic Eclipse,1.34,0.26,212,12,200,2,0.8,1,50,True,sm-cosmic-eclipse,125/236,Reverse_Holofoil,Common,https://cdn.poketrace.com/cards/145af8982433cf4d.webp,0.28,195,0.262,0.262,0,6.4,False,0,0,0,0,0,0,0,0,212,2026-03-11T08:58:38Z,,
xyp-XY26,019bff8a-a5c0-76a9-86a7-4a1f789c1851,Pyroar,XY - Steam Siege,1.15,0.49,227,27,200,2,0.8,1,50,True,xy-steam-siege,23/114,Reverse_Holofoil,Rare,https://cdn.poketrace.com/cards/3c2aa7a0a53369c5.webp,0.27,163,0.494,0.494,0,3,True,0,0,0,0,13.5,1,0,0,227,2026-03-11T08:58:38Z,,
swsh4.5-SV053,019bff99-7af1-7262-a092-61569e654409,Polteageist,Shining Fates: Shiny Vault,1.27,1.12,1412,115,1297,2,5.4,1,50,True,shining-fates-shiny-vault,SV053/SV122,Holofoil,Shiny Holo Rare,https://cdn.poketrace.com/cards/9f08e3a6ebe3f3a5.webp,0.99,1103,1.06,1.06,0,5.2,True,28.5,29,0,0,25.99,13,0,0,1412,2026-03-11T08:58:38Z,,
sm7-121,019bff7a-78f3-7153-ae67-a41e31350312,Delcatty,EX Trainer Kit 1: Latias & Latios,1.09,0.33,122,3,119,2,0.6,1,50,True,ex-trainer-kit-1-latias-and-latios,3/10,Normal,Common,https://cdn.poketrace.com/cards/6db1b00674d22f6f.webp,0.29,46,0.328,0.328,0,1.9,False,0,0,0,0,0,0,0,0,122,2026-03-11T08:58:38Z,,
ex2-49,019bff7f-e2b8-7168-a03c-a6e66784d7d9,Nuzleaf,Hidden Legends,2.18,5.34,129,39,90,2,0.3,1,50,True,hidden-legends,45/101,Reverse_Holofoil,Uncommon,https://cdn.poketrace.com/cards/3c39db2f1dae2daf.webp,2.35,38,5.358,5.358,0,16.9,True,119.99,1,0,0,27.77,10,16.118572,19.534445,129,2026-03-11T08:58:38Z,,
bw8-67,019bff8c-7243-760b-b38f-34d727738280,Garbodor,SM - Guardians Rising,1.01,0.64,452,26,426,2,1.6,1,50,True,sm-guardians-rising,51/145,Reverse_Holofoil,Rare,https://cdn.poketrace.com/cards/b6284677ab51fa07.webp,0.4,341,0.63,0.63,0,0.2,True,0,0,0,0,22.95,2,0,0,449,2026-03-11T08:58:38Z,,
ex1-82,019bff7b-60a6-776a-9f3d-2b57c4ff0f63,Energy Switch,Ruby and Sapphire,2.06,11.49,105,19,86,2,0.3,1,50,True,ruby-and-sapphire,82/109,Reverse_Holofoil,Uncommon,https://cdn.poketrace.com/cards/d750a8a14a5cb2f2.webp,4.53,39,11.528,11.528,0,15.7,True,0,0,0,0,10.51,2,0,0,105,2026-03-11T08:58:38Z,,
tk-xy-su-30,019bff82-9f84-7584-9776-57f43a8dbba3,Suicune,WoTC Promo,1.17,41.9,514,161,353,2,2.1,1,50,True,wotc-promo,53/53,Normal,Promo,https://cdn.poketrace.com/cards/709100bbb5c05e31.webp,29.11,69,41.034,41.034,0,3.4,True,270,22,0,0,124.61,28,0,0,514,2026-03-11T08:58:38Z,,
swshp-SWSH244,019bff99-7af0-71d4-a48d-c9a02019cfbc,Scorbunny,Shining Fates: Shiny Vault,2.49,2.42,1504,142,1362,2,5.8,1,50,True,shining-fates-shiny-vault,SV015/SV122,Holofoil,Shiny Holo Rare,https://cdn.poketrace.com/cards/53d3f1ca62e47316.webp,1.99,1229,2.28,2.28,0,19.8,True,86,29,0,0,13.5,30,11.166667,11.166667,1504,2026-03-11T08:58:38Z,,
gym1-65,019bff78-a647-717f-a4e4-42fc420b9554,Blaine's Vulpix,Gym Heroes,2.06,2.41,1372,58,1314,2,5.3,1,50,True,gym-heroes,065/132,Unlimited,Common,https://cdn.poketrace.com/cards/5c473a8e6623d5c8.webp,1.29,381,2.282,2.282,0,15.7,True,50,6,0,0,26.31,6,0,0,1372,2026-03-11T08:58:38Z,,
bw2-17,019bff84-6f77-773f-980a-649116245036,Virizion,Legendary Treasures,1.88,1.64,131,14,117,2,0.5,1,50,True,legendary-treasures,15/113,Reverse_Holofoil,Holo Rare,https://cdn.poketrace.com/cards/575c17040d789eef.webp,1.24,70,1.648,1.648,0,13.7,True,0,0,0,0,9.5,1,32,32,131,2026-03-11T08:58:38Z,,
swsh10-185,019bff9e-cb4d-7658-b47d-fb1ec4cc6640,Grant,SWSH10: Astral Radiance,1.5,0.14,360,15,345,2,1.4,1,50,True,swsh10-astral-radiance,144/189,Reverse_Holofoil,Uncommon,https://cdn.poketrace.com/cards/56b9df314e3cfb82.webp,0.14,320,0.142,0.142,0,8.8,False,0,0,0,0,0,0,0,0,360,2026-03-11T08:58:38Z,,
bw7-54,019bff7a-78f5-732c-acbf-7c906494b0fe,Electivire,Diamond and Pearl,1.55,11.26,225,43,182,2,1,1,50,True,diamond-and-pearl,3/130,Reverse_Holofoil,Holo Rare,https://cdn.poketrace.com/cards/6a301d94c6f1a7b5.webp,3.38,54,11.376,11.376,0,9.5,True,70,1,0,0,45,12,50.74643,50.59773,225,2026-03-11T08:58:38Z,,
pop9-16,019bff7f-e2b8-7168-a041-7a6254df5c90,Piplup,POP Series 8,2.35,7.02,284,11,273,2,1.1,1,50,True,pop-series-8,015/017,Normal,Common,https://cdn.poketrace.com/cards/7923e61a586b61e6.webp,4.01,102,7.1,7.1,0,18.6,True,0,0,0,0,0,0,0,0,284,2026-03-11T08:58:38Z,,
dp3-33,019bff8a-a5c0-76a9-86a3-5fc2f416a8be,Mothim,XY - Fates Collide,1.04,0.66,265,16,249,2,0.9,1,50,True,xy-fates-collide,4/124,Reverse_Holofoil,Rare,https://cdn.poketrace.com/cards/9c99e6da10c69595.webp,0.37,182,0.654,0.654,0,0.9,True,49.95,1,0,0,0,0,0,0,261,2026-03-11T08:58:38Z,,
lc-106,019bff79-8e0f-74bf-99c3-a722b63b3df0,Challenge!,Team Rocket,1.75,1.26,1844,55,1789,2,7.5,1,50,True,team-rocket,74/82,Unlimited,Uncommon,https://cdn.poketrace.com/cards/1c07e1f6bdfe456d.webp,1,485,1.354,1.354,0,12.2,True,225,6,0,0,24.99,8,0,0,1844,2026-03-11T08:58:38Z,,
sm4-34,019bff8d-8220-71c8-9391-8202c46ed7de,Alolan Golem GX,SM - Crimson Invasion,1.84,1.84,773,87,686,2,2.9,1,50,True,sm-crimson-invasion,34/111,Holofoil,Ultra Rare,https://cdn.poketrace.com/cards/0f5651f07dd16a82.webp,1.41,528,1.786,1.786,0,13.2,True,49.95,30,40.647144,30.820356,19,23,17.75,17.75,773,2026-03-11T08:58:38Z,,
ecard2-137,019bff83-863e-704c-9304-ca6c38a2f598,Traveling Salesman,Aquapolis,2.17,9.21,47,1,46,2,0.2,1,50,True,aquapolis,137/147,Reverse_Holofoil,Uncommon,https://cdn.poketrace.com/cards/7e7158fda59326d7.webp,9,32,9.196,9.196,0,16.8,True,0,0,0,0,0,0,0,0,47,2026-03-11T08:58:38Z,,
ecard2-124,019c3ac3-ec65-7568-b394-1f505f5aca0a,Grass Cube 01,Aquapolis,1.56,1.56,112,30,82,2,0.4,1,50,True,aquapolis,124/127,Normal,Uncommon,https://cdn.poketrace.com/cards/c0bc3cdefd41dc9d.webp,1.3,40,1.554,1.554,0,9.7,True,45,4,0,0,19.97,3,0,0,112,2026-03-11T08:58:38Z,,
hgss1-55,019bff83-863f-718a-b5c2-b951cceaf059,Unown,Undaunted,1.27,2.56,146,18,128,2,0.7,1,50,True,undaunted,40/90,Reverse_Holofoil,Uncommon,https://cdn.poketrace.com/cards/c1703243851c0c3f.webp,2.02,80,2.578,2.578,0,5.2,True,0,0,0,0,0,0,0,0,146,2026-03-11T08:58:38Z,,
bw3-59,019bff85-5458-73eb-811b-0bbc0775eed0,Lampent,XY - Phantom Forces,1.68,2.77,154,16,138,2,0.5,1,50,True,xy-phantom-forces,42/119,Reverse_Holofoil,Uncommon,https://cdn.poketrace.com/cards/2efe4973d96a21e3.webp,1.6,67,2.756,2.756,0,11.3,False,0,0,0,0,0,0,0,0,154,2026-03-11T08:58:38Z,,
xy11-8,019bff8a-a5c0-76a9-86a7-108bdc6d64e4,Yanmega BREAK,XY - Steam Siege,2.27,2.27,844,81,763,2,3.3,1,50,True,xy-steam-siege,8/114,Holofoil,Rare BREAK,https://cdn.poketrace.com/cards/e4a25a35a149be20.webp,1.62,460,2.194,2.194,0,17.8,True,88,24,73.70286,51.005455,13.5,8,13.5,13.5,844,2026-03-11T08:58:38Z,,
ex4-76,019bff82-9f85-738b-8711-4d6e04275e0d,Team Aqua Belt,Team Magma vs Team Aqua,1.32,6.79,57,9,48,2,0,1,50,True,team-magma-vs-team-aqua,76/95,Reverse_Holofoil,Uncommon,https://cdn.poketrace.com/cards/6edc08726318efcb.webp,2.9,41,6.79,6.79,0,6,True,0,0,0,0,0,0,0,0,57,2026-03-11T08:58:38Z,,
swsh4.5-SV073,019bff99-7af1-7262-a092-d783670c0e90,Grapploct,Shining Fates: Shiny Vault,1.87,1.56,662,68,594,2,2.8,1,50,True,shining-fates-shiny-vault,SV073/SV122,Holofoil,Shiny Holo Rare,https://cdn.poketrace.com/cards/5e717b0bd4e960e1.webp,1.4,582,1.516,1.516,0,13.6,True,33.5,9,0,0,14.1,12,0,0,662,2026-03-11T08:58:38Z,,
xy1-13,019c3ac3-ec67-74f4-b260-c20c998b32e6,Quilladin,XY Base Set,1.01,1.01,564,12,552,2,2,1,50,True,xy-base-set,13/146,Normal,Uncommon,https://cdn.poketrace.com/cards/fa1d84418c8fdb57.webp,0.93,155,0.99,0.99,0,0.2,True,0,0,0,0,25,1,0,0,563,2026-03-11T08:58:38Z,,
bw8-118,019bff93-f259-713f-b49d-f3fb39ca2efb,Colress,League & Championship Cards,2.15,22.99,46,2,44,2,0,1,50,True,league-and-championship-cards,118/135,Reverse_Holofoil,Promo,https://cdn.poketrace.com/cards/56d6bee6f3413701.webp,13.28,4,22.99,22.99,0,16.6,False,0,0,0,0,0,0,0,0,46,2026-03-11T08:58:38Z,,
ex1-79,019bff84-6f78-703d-b080-68e8ed1a1bbd,Zigzagoon,EX Trainer Kit 1: Latias & Latios,1.05,0.33,319,3,316,2,1.2,1,50,True,ex-trainer-kit-1-latias-and-latios,7/10,Normal,Common,https://cdn.poketrace.com/cards/fe9edd11726598fd.webp,0.27,149,0.334,0.334,0,1.1,False,0,0,0,0,0,0,0,0,319,2026-03-11T08:58:38Z,,
dp1-21,019bff78-a648-7332-9aa5-f648617c93b0,Carnivine,Unleashed,1.25,0.91,107,12,95,2,0.2,1,50,True,unleashed,46/95,Reverse_Holofoil,Common,https://cdn.poketrace.com/cards/2c557152dabd2dac.webp,0.54,71,0.908,0.908,0,4.8,False,0,0,0,0,0,0,0,0,107,2026-03-11T08:58:38Z,,
ex4-22,019bff83-863d-7188-8d82-d58cf58397da,Team Magma's Rhydon,Team Magma vs Team Aqua,2.53,9.72,184,21,163,2,0.9,1,50,True,team-magma-vs-team-aqua,22/95,Reverse_Holofoil,Rare,https://cdn.poketrace.com/cards/e6d368c2a1011867.webp,4.41,75,9.636,9.636,0,20.2,True,112.19,1,0,0,47.69,2,21.355,21.355,184,2026-03-11T08:58:38Z,,
sm4-73,019bff8a-a5c1-7149-81db-0bf4a33b7f91,Xerneas,XY - Steam Siege,1.13,1.05,360,29,331,2,1.3,1,50,True,xy-steam-siege,81/114,Reverse_Holofoil,Holo Rare,https://cdn.poketrace.com/cards/3ec55a1e3e61bff6.webp,0.68,178,1.036,1.036,0,2.7,True,200,4,0,0,15.05,5,0,0,360,2026-03-11T08:58:38Z,,
ex6-98,019bff80-d350-706b-9566-1cb620103a5f,Prof. Oak's Research,FireRed & LeafGreen,1,4.96,128,6,122,2,0.3,1,50,True,firered-and-leafgreen,98/112,Reverse_Holofoil,Uncommon,https://cdn.poketrace.com/cards/a0078bc68883cb38.webp,3.84,92,4.974,4.974,0,0,True,83,2,64.68,64.68,34.95,1,4.25,4.25,122,2026-03-11T08:58:38Z,,
xy10-14,019bff8a-a5c0-76a9-86a3-0decf4040a95,Delphox BREAK,XY - Fates Collide,2.53,2.53,732,61,671,2,3.1,1,50,True,xy-fates-collide,14/124,Holofoil,Rare BREAK,https://cdn.poketrace.com/cards/c8b00da2f3136588.webp,2.06,378,2.452,2.452,0,20.2,True,149,18,0,0,19.5,16,0,0,732,2026-03-11T08:58:38Z,,
swsh4.5-SV062,019bff99-7af1-7262-a092-9472d63faf5a,Dragapult,Shining Fates: Shiny Vault,2.14,2.16,1414,164,1250,2,5.4,1,50,True,shining-fates-shiny-vault,SV062/SV122,Holofoil,Shiny Holo Rare,https://cdn.poketrace.com/cards/8746b948d6272eca.webp,1.43,1169,2.044,2.044,0,16.5,True,20.5,28,0,0,5.61,25,0,0,1414,2026-03-11T08:58:38Z,,
dc1-17,019bff86-38c6-7658-a5ca-de9ad93197eb,Team Magma's Poochyena,Double Crisis,1.48,8.27,176,15,161,2,0.8,1,50,True,double-crisis,17/34,Reverse_Holofoil,Common,https://cdn.poketrace.com/cards/dc519d27620115a5.webp,8.3,92,8.206,8.206,0,8.5,False,0,0,0,0,0,0,0,0,176,2026-03-11T08:58:38Z,,
ex4-16,019bff86-38c6-7658-a5ca-ae98d94668b2,Team Aqua's Sealeo,Double Crisis,2.09,7.73,240,16,224,2,0.7,1,50,True,double-crisis,4/34,Reverse_Holofoil,Common,https://cdn.poketrace.com/cards/729048c4cfca8545.webp,5.03,141,7.674,7.674,0,16,True,0,0,0,0,0,0,0,0,240,2026-03-11T08:58:38Z,,
sm11-70,019c3ac3-ec6d-756e-8a46-8aceeaf0b88e,Xurkitree,SM - Unified Minds,1.07,1.07,687,33,654,2,2.6,1,50,True,sm-unified-minds,70/236,Normal,Rare,https://cdn.poketrace.com/cards/4b0d8cc43593af9e.webp,1.73,440,1.042,1.042,0,1.5,False,0,0,0,0,0,0,0,0,687,2026-03-11T08:58:38Z,,
dc1-30,019bff86-38c6-7658-a5cb-1766d3a81a2b,Team Magma Grunt,Double Crisis,1.45,2.93,172,28,144,2,0.8,1,50,True,double-crisis,30/34,Reverse_Holofoil,Uncommon,https://cdn.poketrace.com/cards/ae7be5401aa2661f.webp,2,94,2.906,2.906,0,8.1,True,0,0,0,0,109.99,2,109.99,109.99,172,2026-03-11T08:58:38Z,,
xy10-51,019bff8a-a5c0-76a9-86a3-273fd2dd4c82,Carbink BREAK,XY - Fates Collide,2.54,2.52,744,60,684,2,3,1,50,True,xy-fates-collide,51/124,Holofoil,Rare BREAK,https://cdn.poketrace.com/cards/614cd226662482fa.webp,1.71,381,2.444,2.444,0,20.2,True,70,12,0,0,5.5,14,0,0,744,2026-03-11T08:58:38Z,,
ex9-20,019bff81-ba5a-741b-bef4-ae2cb02b5669,Seviper,Emerald,2.12,21.43,107,32,75,2,0.6,1,50,True,emerald,20/106,Reverse_Holofoil,Rare,https://cdn.poketrace.com/cards/02051570be2f88fa.webp,21.92,64,21.3,21.3,0,16.3,True,700,1,0,0,63,12,57.708572,54.417694,107,2026-03-11T08:58:38Z,,
ex14-75,019bff79-8e10-76e9-bb0f-dcd103a0e6b0,Crystal Beach,Crystal Guardians,2.32,6.76,164,25,139,2,0.4,1,50,True,crystal-guardians,75/100,Reverse_Holofoil,Uncommon,https://cdn.poketrace.com/cards/61fbeaa70f4c5f96.webp,5.02,57,6.734,6.734,0,18.3,True,154.37,1,0,0,38,3,21.23,21.23,164,2026-03-11T08:58:38Z,,
sm2-45,019bff8c-7243-760b-b38f-0d689b5cf004,Vikavolt GX,SM - Guardians Rising,1.58,1.57,642,47,595,2,2.3,1,50,True,sm-guardians-rising,45/145,Holofoil,Ultra Rare,https://cdn.poketrace.com/cards/fabf7aaf688267ae.webp,1.31,394,1.606,1.606,0,9.9,True,53,14,0,0,14.5,7,0,0,642,2026-03-11T08:58:38Z,,
xyp-XY50,019bff89-bc5e-71ed-9469-ebffc60605be,Pangoro,XY - BREAKpoint,1.58,0.51,157,14,143,2,0.4,1,50,True,xy-breakpoint,75/122,Reverse_Holofoil,Rare,https://cdn.poketrace.com/cards/32988deafed67fb6.webp,0.53,107,0.512,0.512,0,9.9,True,0,0,0,0,5.1,1,0,0,157,2026-03-11T08:58:38Z,,
sm8-187,019bff91-e4db-74ae-9719-205650f12d00,Net Ball,SM - Lost Thunder,1.22,1.88,311,18,293,2,1,1,50,True,sm-lost-thunder,187/214,Reverse_Holofoil,Uncommon,https://cdn.poketrace.com/cards/8c1d3dc2e0f46b5e.webp,1.63,135,1.898,1.898,0,4.3,False,0,0,0,0,0,0,0,0,311,2026-03-11T08:58:38Z,,
swsh8-264,019bff9c-c080-745e-b3dc-0916bdfc5183,Sidney,SWSH08: Fusion Strike,1.22,0.16,353,10,343,2,1.3,1,50,True,swsh08-fusion-strike,241/264,Reverse_Holofoil,Uncommon,https://cdn.poketrace.com/cards/045e498577489541.webp,0.21,319,0.162,0.162,0,4.3,False,0,0,0,0,0,0,0,0,353,2026-03-11T08:58:38Z,,
pl2-27,019c3ac3-ec66-706d-a4a7-215607b4e7fb,Mamoswine GL,Rising Rivals,1.61,1.61,112,15,97,2,0.5,1,50,True,rising-rivals,27/111,Normal,Rare,https://cdn.poketrace.com/cards/ca976e1c9f8ecb5e.webp,1.9,41,1.618,1.618,0,10.3,False,0,0,0,0,0,0,0,0,112,2026-03-11T08:58:38Z,,
swsh9-TG27,019bff9d-c5de-7203-a67c-92f15983fa48,Rapid Strike Style Mustard,SWSH09: Brilliant Stars Trainer Gallery,1.77,1.87,1444,70,1374,2,5.7,1,50,True,swsh09-brilliant-stars-trainer-gallery,TG27/TG30,Holofoil,Ultra Rare,https://cdn.poketrace.com/cards/6721ed9f7feb5b06.webp,1.38,1274,1.764,1.764,0,12.4,True,46.97,29,33.144287,25.697037,5.5,11,0,0,1444,2026-03-11T08:58:38Z,,
bw11-12,019bff85-5457-7688-83c7-684db0d35507,Leavanny,XY - Phantom Forces,1.18,0.92,170,17,153,2,0.7,1,50,True,xy-phantom-forces,7/119,Reverse_Holofoil,Rare,https://cdn.poketrace.com/cards/67a712746ef25003.webp,0.52,105,0.914,0.914,0,3.6,True,100,2,100,100,0,0,0,0,170,2026-03-11T08:58:38Z,,
swsh1-104,019bff95-4414-759b-8e0b-9553feafb16b,Regirock V,SWSH01: Sword & Shield Base Set,1.06,1.04,1320,89,1231,2,5.4,1,50,True,swsh01-sword-and-shield-base-set,104/202,Holofoil,Ultra Rare,https://cdn.poketrace.com/cards/8e36be3ad9fd7c5d.webp,0.93,1109,0.984,0.984,0,1.3,True,30,30,0,0,14,23,11.608571,13.123181,1265,2026-03-11T08:58:38Z,,
pop9-5,019bff81-ba58-765c-b247-8a13e2c5e9cf,Rotom,POP Series 9,2.56,3.64,203,23,180,2,0.6,1,50,True,pop-series-9,005/017,Normal,Rare,https://cdn.poketrace.com/cards/5915cf639a1b2103.webp,2.29,38,3.662,3.662,0,20.4,True,124.99,1,0,0,20.5,2,0,0,203,2026-03-11T08:58:38Z,,
xy5-140,019bff85-5463-75f6-9d46-87bdd1dc8126,Silent Lab,XY - Primal Clash,2.11,3.81,380,17,363,2,1.6,1,50,True,xy-primal-clash,140/160,Reverse_Holofoil,Uncommon,https://cdn.poketrace.com/cards/0779763688f2a26f.webp,2.74,174,3.75,3.75,0,16.2,True,0,0,0,0,3.25,1,0,0,380,2026-03-11T08:58:38Z,,
ex5-61,019bff7b-60a7-77b8-b491-50516b3db0ab,Feebas,Emerald,2.11,36.23,138,27,111,2,0.5,1,50,True,emerald,50/106,Reverse_Holofoil,Common,https://cdn.poketrace.com/cards/a2fb470cb481f51a.webp,27.65,81,36.418,36.418,0,16.2,True,0,0,0,0,95,4,37.603333,37.603333,138,2026-03-11T08:58:38Z,,
pl1-40,019c3ac3-ec69-768f-9588-ebf661c5a222,Toxicroak G,Platinum,1.32,1.32,131,17,114,2,0.5,1,50,True,platinum,40/127,Normal,Rare,https://cdn.poketrace.com/cards/3b3baebdb62a11ae.webp,0.82,43,1.326,1.326,0,6,True,59.99,1,0,0,0,0,0,0,131,2026-03-11T08:58:38Z,,
bw2-88,019bff89-bc5c-75e8-a89f-4a54fec70693,Braviary,XY - BREAKthrough,1.78,0.45,134,17,117,2,0.4,1,50,True,xy-breakthrough,130/162,Reverse_Holofoil,Rare,https://cdn.poketrace.com/cards/f9c436b6f051a0df.webp,0.36,91,0.452,0.452,0,12.5,True,79.99,1,0,0,10.52,1,0,0,134,2026-03-11T08:58:38Z,,
svp-209,019bff92-de41-7265-b538-309a2bef5a13,Thundurus,SM - Unified Minds,1.22,0.41,194,20,174,2,1,1,50,True,sm-unified-minds,68/236,Reverse_Holofoil,Uncommon,https://cdn.poketrace.com/cards/ac5f51c1d14a88ab.webp,0.33,145,0.414,0.414,0,4.3,True,65,2,8.52,8.52,10.99,1,0,0,194,2026-03-11T08:58:38Z,,
xy0-30,019bff85-5463-75f6-9d46-3b7fb8acf807,Bunnelby,XY - Primal Clash,1.07,0.37,133,10,123,2,0.5,1,50,True,xy-primal-clash,120/160,Reverse_Holofoil,Common,https://cdn.poketrace.com/cards/9f5f7437c7fb6793.webp,0.34,81,0.368,0.368,0,1.5,False,0,0,0,0,0,0,0,0,133,2026-03-11T08:58:38Z,,
dc1-11,019c3ac3-ec69-768f-9586-a8f7f69eff15,Team Magma's Claydol,Team Magma vs Team Aqua,1.92,0.97,201,10,191,2,1.4,1,49.9,True,team-magma-vs-team-aqua,33/95,Normal,Uncommon,https://cdn.poketrace.com/cards/9e1db4f165e10902.webp,0.58,79,0.956,0.956,0,14.1,True,0,0,0,0,45.55,1,0,0,201,2026-03-11T08:58:38Z,,
gym1-120,019bff83-8640-7057-ac6d-c895609247e8,Vermilion City Gym,Gym Heroes,1.39,0.99,693,20,673,2,3.4,1,49.9,True,gym-heroes,120/132,Unlimited,Uncommon,https://cdn.poketrace.com/cards/91a487437d23a5f3.webp,0.73,211,0.956,0.956,0,7.1,True,0,0,0,0,9.1,3,14.646,14.646,693,2026-03-11T08:58:38Z,,
ex5-89,019bff7d-2e11-71aa-95c3-10d6c26061f0,Island Cave,Hidden Legends,1.13,2.62,109,20,89,2,0.9,1,49.9,True,hidden-legends,89/101,Reverse_Holofoil,Uncommon,https://cdn.poketrace.com/cards/a75fa431f380844e.webp,1.12,36,2.596,2.596,0,2.6,True,62.69,3,0,0,14.5,7,0,0,109,2026-03-11T08:58:38Z,,
me01-143,019bff95-4414-759b-8e08-e31ea44261a2,Helioptile,SM - Cosmic Eclipse,2.56,0.32,312,17,295,2,1.9,1,49.9,True,sm-cosmic-eclipse,179/236,Reverse_Holofoil,Common,https://cdn.poketrace.com/cards/6d2e6b445e50f632.webp,0.24,281,0.314,0.314,0,20.4,False,0,0,0,0,0,0,0,0,312,2026-03-11T08:58:38Z,,
sm8-44,019bff90-f393-73c5-8bd2-e0138dd07fa6,Magcargo GX,SM - Lost Thunder,1.77,1.77,479,42,437,2,2.3,1,49.9,True,sm-lost-thunder,44/214,Holofoil,Ultra Rare,https://cdn.poketrace.com/cards/a725bf353f11117e.webp,1.39,366,1.73,1.73,0,12.4,True,15,9,23.18,25.657501,14.5,6,17.958,17.958,479,2026-03-11T08:58:38Z,,
xy9-3,019bff89-bc5e-71ed-9468-7f3ccabbfb19,Meganium,XY - BREAKpoint,1.69,3.65,248,26,222,2,1.5,1,49.9,True,xy-breakpoint,3/122,Reverse_Holofoil,Holo Rare,https://cdn.poketrace.com/cards/4088bc11bbdd9284.webp,1.94,122,3.704,3.704,0,11.4,True,100,2,0,0,39.99,3,0,0,248,2026-03-11T08:58:38Z,,
me01-144,019bff81-ba5a-741b-bef5-3692a88ce15d,Shedinja,Deoxys,2.11,47.81,108,32,76,2,0.9,1,49.9,True,deoxys,14/107,Reverse_Holofoil,Holo Rare,https://cdn.poketrace.com/cards/b8e26b12cf8021fd.webp,35.01,41,47.372,47.372,0,16.2,True,249.99,3,0,0,69.99,5,0,0,108,2026-03-11T08:58:38Z,,
ex1-62,019bff7f-e2b8-7168-a03f-4504aee7f6b9,Phanpy,Neo Destiny,1.22,1.31,692,6,686,2,3.2,1,49.9,True,neo-destiny,076/105,Unlimited,Common,https://cdn.poketrace.com/cards/90b5b8f653c2bca9.webp,0.82,251,1.268,1.268,0,4.3,True,0,0,0,0,0,0,0,0,692,2026-03-11T08:58:38Z,,
sm7-14,019bff90-0db3-7328-a5c7-cb58e7d38618,Shiftry GX,SM - Celestial Storm,2.08,2.08,435,35,400,2,2.3,1,49.9,True,sm-celestial-storm,14/168,Holofoil,Ultra Rare,https://cdn.poketrace.com/cards/fdcc981044ee696a.webp,1.91,291,2.032,2.032,0,15.9,True,48.6,13,27.497143,33.208332,14.52,1,0,0,435,2026-03-11T08:58:38Z,,
sv09-166,019bff98-5429-740e-8c1c-c8279e9ecfc2,Lycanroc,Champion's Path,2.27,0.25,326,22,304,2,1.6,1,49.9,True,champions-path,30/73,Reverse_Holofoil,Holo Rare,https://cdn.poketrace.com/cards/d51919c5eb51b35a.webp,0.26,277,0.246,0.246,0,17.8,True,11.49,3,0,0,14.79,4,0,0,326,2026-03-11T08:58:38Z,,
ex4-20,019bff86-38c6-7658-a5ca-d21a2441f05b,Team Magma's Lairon,Double Crisis,2.54,6.17,226,15,211,2,1.4,1,49.9,True,double-crisis,13/34,Reverse_Holofoil,Common,https://cdn.poketrace.com/cards/516376630f56fca4.webp,3.64,124,6.086,6.086,0,20.2,True,0,0,0,0,0,0,0,0,226,2026-03-11T08:58:38Z,,
pop1-13,019bff7f-e2b8-7168-a041-b603230d9dec,Plusle,POP Series 1,1.93,1.93,410,38,372,2,2.2,1,49.9,True,pop-series-1,013/017,Normal,Common,https://cdn.poketrace.com/cards/6a391137e8165e12.webp,1.02,283,1.888,1.888,0,14.2,True,99.95,9,38.427143,38.6225,38.93,4,18.723333,18.723333,410,2026-03-11T08:58:38Z,,
ex12-76,019bff80-d350-706b-9565-681bf67bd51d,Power Tree,Legend Maker,1,4.97,109,27,82,2,1.1,1,49.9,True,legend-maker,76/92,Reverse_Holofoil,Uncommon,https://cdn.poketrace.com/cards/da6e1fab8cbc3cc5.webp,3.37,61,4.914,4.914,0,0,True,155,2,0,0,21.5,8,0,0,94,2026-03-11T08:58:38Z,,
swsh4.5-SV056,019bff99-7af1-7262-a092-772df99e12dd,Hatterene,Shining Fates: Shiny Vault,1.91,2.34,686,33,653,2,3.4,1,49.9,True,shining-fates-shiny-vault,SV056/SV122,Holofoil,Shiny Holo Rare,https://cdn.poketrace.com/cards/fe3b25c6f219e8a7.webp,2.11,589,2.26,2.26,0,14,True,20,1,0,0,0,0,0,0,686,2026-03-11T08:58:38Z,,
xy6-26,019bff86-38c8-778e-9e3d-f03bb288a9d4,Thundurus EX,XY - Roaring Skies,2.09,2.09,420,47,373,2,2,1,49.9,True,xy-roaring-skies,26/108,Holofoil,Ultra Rare,https://cdn.poketrace.com/cards/cc740f2a4a2f3495.webp,1.64,167,2.132,2.132,0,16,True,84,9,0,0,12.5,8,0,0,420,2026-03-11T08:58:38Z,,
swsh4-184,019bffa2-09bf-74f6-b7ec-fba73c6b1937,Opal,SWSH11: Lost Origin Trainer Gallery,1.48,1.53,1653,105,1548,2,7.2,1,49.9,True,swsh11-lost-origin-trainer-gallery,TG28/TG30,Holofoil,Ultra Rare,https://cdn.poketrace.com/cards/7c7d3c2041f94d8a.webp,1.4,1454,1.42,1.42,0,8.5,True,21.5,22,0,0,7,8,0,0,1653,2026-03-11T08:58:38Z,,
ex16-71,019c3ac3-ec63-737e-b083-5fd860e552e9,Battle Frontier,Power Keepers,2.09,2.09,156,20,136,2,1.3,1,49.9,True,power-keepers,71/108,Normal,Uncommon,https://cdn.poketrace.com/cards/b5340aa63f699f93.webp,1.1,30,2.118,2.118,0,16,True,0,0,0,0,19.55,2,0,0,156,2026-03-11T08:58:38Z,,
pl4-31,019bff81-ba59-7208-a49a-789534391408,Sceptile,Ruby and Sapphire,2.28,25.13,153,51,102,2,1,1,49.9,True,ruby-and-sapphire,20/109,Reverse_Holofoil,Rare,https://cdn.poketrace.com/cards/897fed0571bdfa34.webp,15.85,39,24.876,24.876,0,17.9,True,120,4,0,0,84.58,16,0,0,153,2026-03-11T08:58:38Z,,
ex9-30,019bff7c-4505-7332-a339-7715ecdb39fb,Grumpig,Dragon,1.36,16.91,100,46,54,2,0.8,1,49.9,True,dragon,6/97,Reverse_Holofoil,Holo Rare,https://cdn.poketrace.com/cards/48d7e7ee1caf4c45.webp,10.72,38,17.04,17.04,0,6.7,True,251.745,6,0,0,30,6,31.854286,27.8025,100,2026-03-11T08:58:38Z,,
sm12-129,019bff93-f25a-71cc-92f7-06fb70be2f8e,Alolan Persian GX,SM - Cosmic Eclipse,1.9,1.9,898,113,785,2,4,1,49.9,True,sm-cosmic-eclipse,129/236,Holofoil,Ultra Rare,https://cdn.poketrace.com/cards/62edda6f68565ac8.webp,1.77,643,1.824,1.824,0,13.9,True,129.99,24,0,0,27.715,17,17.368572,14.621333,898,2026-03-11T08:58:38Z,,
ex4-37,019bff86-38c6-7658-a5ca-eacbaa73c421,Team Magma's Mightyena,Double Crisis,2.09,9.09,164,11,153,2,1.1,1,49.9,True,double-crisis,19/34,Reverse_Holofoil,Common,https://cdn.poketrace.com/cards/0a20406da733446b.webp,6.49,89,8.986,8.986,0,16,True,0,0,0,0,100,1,8.19,8.19,164,2026-03-11T08:58:38Z,,
ex11-23,019bff7d-2e10-7263-8141-8f2383aaa1c8,Hypno,Legendary Collection,1.57,6.87,220,150,70,2,1.4,1,49.9,True,legendary-collection,025/110,Reverse_Holofoil,Rare,https://cdn.poketrace.com/cards/ec5ed1111625f5b2.webp,86.08,41,6.965,6.965,0,9.8,True,1106.27,11,272.53857,282.71237,254.99,22,220.36429,138.35275,220,2026-03-11T08:58:38Z,,
bw2-47,019bff97-5468-75b8-868d-5d8073e566a8,Gothitelle,SWSH03: Darkness Ablaze,1.46,0.36,332,22,310,2,1.7,1,49.9,True,swsh03-darkness-ablaze,075/189,Reverse_Holofoil,Rare,https://cdn.poketrace.com/cards/9b83bd68fec3def8.webp,0.27,251,0.366,0.366,0,8.2,True,13.44,1,0,0,6.25,1,0,0,332,2026-03-11T08:58:38Z,,
xy6-34,019bff86-38c8-778e-9e3e-11ec85a67576,Gallade EX,XY - Roaring Skies,2.27,2.27,504,56,448,2,2.4,1,49.9,True,xy-roaring-skies,34/108,Holofoil,Ultra Rare,https://cdn.poketrace.com/cards/5e21ea23e413d33e.webp,2.17,186,2.216,2.216,0,17.8,True,127.5,4,0,0,14.5,12,0,0,504,2026-03-11T08:58:38Z,,
sv04.5-145,019bffac-ba78-77ae-9c12-c5b21eea1572,Wattrel,SV: Paldean Fates,2.09,2.73,1368,63,1305,2,5.7,1,49.9,True,sv-paldean-fates,145/091,Holofoil,Shiny Rare,https://cdn.poketrace.com/cards/6eff212eb29f8d43.webp,2.18,1209,2.574,2.574,0,16,True,48.5,15,0,0,16.38,10,11.377143,10.508889,1368,2026-03-11T08:58:38Z,,
pop2-14,019bff7e-1601-757e-bd2c-1589564d98b7,Luvdisc,POP Series 2,1.22,1.22,319,47,272,2,1.8,1,49.9,True,pop-series-2,014/017,Normal,Common,https://cdn.poketrace.com/cards/985b401f8a444402.webp,0.9,124,1.198,1.198,0,4.3,True,34.99,4,26.33,26.33,0,0,0,0,319,2026-03-11T08:58:38Z,,
base1-57,019bff77-befa-771d-bab1-4294e99c8806,Pidgey,Base Set,1.56,1.56,3669,151,3518,2,15.1,1,49.9,True,base-set,057/102,Normal,Common,https://cdn.poketrace.com/cards/cf39e5e1dff4c96b.webp,0.57,937,1.324,1.324,0,9.6,True,95,27,0,0,56,21,0,0,3669,2026-03-11T08:58:38Z,,
neo4-59,019bff83-8640-7057-ac6c-5c22a5613014,Unown [Q],Neo Destiny,2.33,6.42,359,1,358,2,2.1,1,49.9,True,neo-destiny,059/105,Unlimited,Uncommon,https://cdn.poketrace.com/cards/c4a4973fe8d2a984.webp,6.21,148,6.558,6.558,0,18.3,False,0,0,0,0,0,0,0,0,359,2026-03-11T08:58:38Z,,
dp6-49,019c3ac3-ec64-7448-8de0-037b8e8438e8,Castform Rain Form,Legends Awakened,2.27,2.27,161,12,149,2,0.9,1,49.9,True,legends-awakened,49/146,Normal,Uncommon,https://cdn.poketrace.com/cards/55f3f7f4803d7bd6.webp,1.32,62,2.25,2.25,0,17.8,True,0,0,0,0,0,0,0,0,161,2026-03-11T08:58:38Z,,
swsh4.5-21,019bff85-5461-76a3-b101-7bf28dbf9613,Kyogre,XY - Primal Clash,2.25,2.17,284,23,261,2,1.4,1,49.9,True,xy-primal-clash,53/160,Reverse_Holofoil,Rare,https://cdn.poketrace.com/cards/10abf84c8b9f30bd.webp,0.82,166,2.14,2.14,0,17.6,True,129.99,3,59,59,29.95,3,9.5,9.5,284,2026-03-11T08:58:38Z,,
xy2-66,019bff95-4414-759b-8e0a-33232f1ea1fa,Florges,SM - Cosmic Eclipse,1.27,0.77,422,16,406,2,2.3,1,49.9,True,sm-cosmic-eclipse,152/236,Reverse_Holofoil,Holo Rare,https://cdn.poketrace.com/cards/fb195f533aef1d29.webp,0.97,346,0.788,0.788,0,5.2,False,0,0,0,0,0,0,0,0,422,2026-03-11T08:58:38Z,,
xy8-34,019bff89-bc59-76a1-b46c-9e5dd7ec3395,Glalie EX,XY - BREAKthrough,1.83,1.83,656,45,611,2,3.1,1,49.9,True,xy-breakthrough,34/162,Holofoil,Ultra Rare,https://cdn.poketrace.com/cards/490eb7aa275978ab.webp,1.63,279,1.774,1.774,0,13.1,True,65,7,38.426666,38.426666,5.5,11,11.724286,12.813,656,2026-03-11T08:58:38Z,,
ex16-15,019bff7d-2e13-7175-b43e-a6aee6470bde,Lanturn,Neo Genesis,1.11,0.91,925,6,919,2,4,1,49.9,True,neo-genesis,038/111,Unlimited,Uncommon,https://cdn.poketrace.com/cards/35c8b7c730452b26.webp,0.53,223,0.874,0.874,0,2.3,False,0,0,0,0,0,0,0,0,925,2026-03-11T08:58:38Z,,
ecard2-140,019c3ac3-ec69-768f-958e-ba308263a75c,Water Cube 01,Aquapolis,1.49,1.49,111,28,83,2,1.1,1,49.9,True,aquapolis,140/147,Normal,Uncommon,https://cdn.poketrace.com/cards/a4d152d179d5e59d.webp,1.32,47,1.506,1.506,0,8.6,True,49.99,2,0,0,21.47,5,0,0,111,2026-03-11T08:58:38Z,,
dv1-18,019bff99-7af1-7262-a096-588bf53da306,Exp. Share,SWSH05: Battle Styles,1.71,0.21,404,15,389,2,1.9,1,49.9,True,swsh05-battle-styles,126/163,Reverse_Holofoil,Uncommon,https://cdn.poketrace.com/cards/ca71368b4d6e3a17.webp,0.15,351,0.206,0.206,0,11.6,True,0,0,0,0,0,0,0,0,404,2026-03-11T08:58:38Z,,
pop8-12,019bff79-8e10-76e9-bb0c-6c6b0a2602b5,Chimchar,POP Series 9,1.01,0.72,486,18,468,2,2.2,1,49.9,True,pop-series-9,013/017,Normal,Common,https://cdn.poketrace.com/cards/2849b173fabd40bb.webp,0.53,139,0.704,0.704,0,0.2,True,0,0,0,0,0,0,0,0,482,2026-03-11T08:58:38Z,,
ex11-33,019bff77-befb-757f-890d-0079985bea7a,Weezing,Fossil,1.21,1.25,3015,140,2875,2,12.2,1,49.9,True,fossil,45/62,Unlimited,Uncommon,https://cdn.poketrace.com/cards/7a70fe608d4cbc63.webp,0.71,694,1.098,1.098,0,4.1,True,94.97,26,154.99,154.99,15.04,19,16.335714,21.857222,3015,2026-03-11T08:58:38Z,,
swsh9-167,019c3ac3-ec6f-71ad-827d-aa7914488af6,Barry,SWSH09: Brilliant Stars,1.45,0.08,1078,11,1067,2,5,1,49.9,True,swsh09-brilliant-stars,130/172,Normal,Uncommon,https://cdn.poketrace.com/cards/0aa6220000e31e79.webp,0.1,984,0.084,0.084,0,8.1,False,0,0,0,0,0,0,0,0,1078,2026-03-11T08:58:38Z,,
bw1-61,019bff93-f25a-71cc-92f6-b714971a8095,Throh,SM - Cosmic Eclipse,1.01,0.38,204,17,187,2,1.1,1,49.9,True,sm-cosmic-eclipse,118/236,Reverse_Holofoil,Uncommon,https://cdn.poketrace.com/cards/2e245f24a6784f7f.webp,0.33,179,0.376,0.376,0,0.2,False,0,0,0,0,0,0,0,0,204,2026-03-11T08:58:38Z,,
sm11-4,019bff79-8e0f-74bf-99c3-6515165ac9d6,Celebi,WoTC Promo,2.17,37.12,461,155,306,2,2.3,1,49.9,True,wotc-promo,50/53,Normal,Promo,https://cdn.poketrace.com/cards/01a7fa045868b5bd.webp,30.12,148,36.266,36.266,0,16.8,True,200,28,231.25,231.25,72.01,30,87.255,87.255,461,2026-03-11T08:58:38Z,,
me01-165,019c0010-df7c-7762-97a1-013f9c19232e,Acerola's Mischief,ME01: Mega Evolution,2.16,2.04,4780,116,4664,2,19.6,1,49.9,True,me01-mega-evolution,165/132,Holofoil,Ultra Rare,https://cdn.poketrace.com/cards/48de7d193b22f4f5.webp,2.19,4343,2.44,2.44,0,16.7,True,39.99,27,45.385002,45.385002,12.5,23,14.088333,14.088333,4780,2026-03-11T08:58:38Z,,
ex1-26,019bff79-8e0f-74bf-99c3-11856395bee0,Cascoon,Diamond and Pearl,2.49,2.12,112,13,99,2,1,1,49.9,True,diamond-and-pearl,44/130,Reverse_Holofoil,Uncommon,https://cdn.poketrace.com/cards/df31c78fc1854f81.webp,1.72,61,2.098,2.098,0,19.8,True,0,0,0,0,0,0,0,0,112,2026-03-11T08:58:38Z,,
bw8-65,019bff8c-7243-760b-b38f-31dedb084ae1,Trubbish,SM - Guardians Rising,1.01,0.79,432,16,416,2,2,1,49.9,True,sm-guardians-rising,50/145,Reverse_Holofoil,Common,https://cdn.poketrace.com/cards/86d6060fc36d9605.webp,0.57,219,0.774,0.774,0,0.2,True,0,0,0,0,0,0,0,0,431,2026-03-11T08:58:38Z,,
ex2-46,019bff7e-1600-7088-8280-df436f479756,Lombre,Crystal Guardians,2.49,5.85,169,38,131,2,1.1,1,49.9,True,crystal-guardians,37/100,Reverse_Holofoil,Uncommon,https://cdn.poketrace.com/cards/11625ab053b32399.webp,4.08,58,5.784,5.784,0,19.8,True,150,4,65.486664,65.486664,28,4,18,18,169,2026-03-11T08:58:38Z,,
bw11-16,019bff8b-8e0f-70ac-b531-0a33c7170acd,Genesect,XY Promos,1.96,23.34,812,91,721,2,3.6,1,49.9,True,xy-promos,XY119,Holofoil,Promo,https://cdn.poketrace.com/cards/ccc91eb49e960ad5.webp,9.99,350,22.492,22.492,0,14.6,True,1807,6,0,0,100,18,0,0,812,2026-03-11T08:58:38Z,,
swsh4.5-SV095,019bff7a-78f4-707a-bf71-bda56cb6b228,Ducklett,Dark Explorers,2.49,0.93,202,16,186,2,1.1,1,49.9,True,dark-explorers,35/108,Reverse_Holofoil,Common,https://cdn.poketrace.com/cards/afae2f79576460e9.webp,0.69,138,0.92,0.92,0,19.8,False,0,0,0,0,0,0,0,0,202,2026-03-11T08:58:38Z,,
dc1-22,019c3ac3-ec6a-771e-9d00-71041b84012a,Team Magma's Zangoose,Double Crisis,1.29,1.29,359,18,341,2,1.7,1,49.9,True,double-crisis,22/34,Normal,Common,https://cdn.poketrace.com/cards/eb0dd164f1585988.webp,0.74,166,1.312,1.312,0,5.5,True,44.25,2,0,0,0,0,0,0,359,2026-03-11T08:58:38Z,,
bw10-33,019bff8c-7244-7168-b577-a45c8c3d2143,Eelektross,SM - Burning Shadows,1.24,0.27,219,18,201,2,1.5,1,49.9,True,sm-burning-shadows,46/147,Reverse_Holofoil,Rare,https://cdn.poketrace.com/cards/72fd7aea540b5bc9.webp,0.27,167,0.274,0.274,0,4.7,True,0,0,0,0,25.41,2,0,0,219,2026-03-11T08:58:38Z,,
xy0-17,019bff7e-fc50-71f0-aee1-cafd5d64ce1e,Mightyena,Ruby and Sapphire,1.83,16.85,164,43,121,2,1,1,49.9,True,ruby-and-sapphire,10/109,Reverse_Holofoil,Holo Rare,https://cdn.poketrace.com/cards/e6da1c1db9926388.webp,13.08,72,16.688,16.688,0,13.1,True,34.99,3,133.63571,175.97285,44.99,13,43.81,43.81,164,2026-03-11T08:58:38Z,,
bw3-52,019bff8a-a5c0-76a9-86a3-ce2018c1fc86,Reuniclus,XY - Fates Collide,1.01,0.59,166,17,149,2,1.4,1,49.9,True,xy-fates-collide,35/124,Reverse_Holofoil,Rare,https://cdn.poketrace.com/cards/0e493bfcff398271.webp,0.37,107,0.598,0.598,0,0.2,True,0,0,0,0,9,1,0,0,165,2026-03-11T08:58:38Z,,
swsh4.5-SV070,019bff99-7af1-7262-a092-c64ed2c2001e,Silicobra,Shining Fates: Shiny Vault,1.96,1.47,697,62,635,2,3.1,1,49.9,True,shining-fates-shiny-vault,SV070/SV122,Holofoil,Shiny Holo Rare,https://cdn.poketrace.com/cards/723b26eb3fc81243.webp,1.25,588,1.424,1.424,0,14.6,True,29.06,17,0,0,9.52,1,0,0,697,2026-03-11T08:58:38Z,,
hgss4-88,019c3ac3-ec68-7410-8bd8-5c6341063f5f,Seeker,Triumphant,2.48,2.48,307,26,281,2,1.5,1,49.9,True,triumphant,88/102,Normal,Uncommon,https://cdn.poketrace.com/cards/50f2acc5e5d15633.webp,1.56,80,2.444,2.444,0,19.7,True,0,0,0,0,26.07,4,0,0,307,2026-03-11T08:58:38Z,,
bw7-6,019bff82-9f85-738b-8711-0cc1ecaa04e9,Tangrowth,Stormfront,2.24,2.57,102,37,65,2,0.7,1,49.9,True,stormfront,29/100,Reverse_Holofoil,Rare,https://cdn.poketrace.com/cards/ff63bc7e017399e4.webp,0.98,44,2.552,2.552,0,17.5,True,0,0,0,0,34.99,1,0,0,102,2026-03-11T08:58:38Z,,
gym2-65,019bff78-a647-717f-a4e4-3b7d3950f1df,Blaine's Rhyhorn,Gym Challenge,1.75,1.17,797,8,789,2,3.4,1,49.9,True,gym-challenge,065/132,Unlimited,Common,https://cdn.poketrace.com/cards/cc45b61f30d0f5ce.webp,0.72,241,1.13,1.13,0,12.1,False,0,0,0,0,0,0,0,0,797,2026-03-11T08:58:38Z,,
neo1-41,019bff7e-fc50-71f0-aee2-10e146c6d397,Miltank,Neo Genesis,1.75,2.93,633,1,632,2,3.1,1,49.9,True,neo-genesis,041/111,Unlimited,Uncommon,https://cdn.poketrace.com/cards/7809d8715b5f83dc.webp,1.99,180,2.84,2.84,0,12.1,False,0,0,0,0,0,0,0,0,633,2026-03-11T08:58:38Z,,
ecard2-119,019bff7a-78f3-7153-ae66-b4f030fe0ba4,Darkness Cube 01,Aquapolis,1.31,5.09,84,31,53,2,0.6,1,49.9,True,aquapolis,119/147,Reverse_Holofoil,Uncommon,https://cdn.poketrace.com/cards/db9b336a96da2e6c.webp,2.36,31,5.058,5.058,0,5.9,True,0,0,0,0,39.99,7,0,0,84,2026-03-11T08:58:38Z,,
ex13-23,019bff7e-fc4f-7384-9b88-669c325549a6,Mawile,Crystal Guardians,2.36,19.16,185,56,129,2,1.3,1,49.9,True,crystal-guardians,9/100,Reverse_Holofoil,Holo Rare,https://cdn.poketrace.com/cards/a1f4bf86f0762a66.webp,9.89,59,18.908,18.908,0,18.6,True,202.5,8,409.31,409.31,45,14,41.712143,32.951168,185,2026-03-11T08:58:38Z,,
gym1-108,019bff79-8e0f-74bf-99c3-9c6703c68732,Cerulean City Gym,Gym Heroes,1.41,1.24,736,28,708,2,3.4,1,49.9,True,gym-heroes,108/132,Unlimited,Uncommon,https://cdn.poketrace.com/cards/a52efe594a74dbe5.webp,0.79,196,1.282,1.282,0,7.4,True,39,6,0,0,15.5,2,0,0,736,2026-03-11T08:58:38Z,,
dp1-23,019bff89-bc5e-71ed-9469-9fa71d65c8d8,Drapion,XY - BREAKpoint,2.42,0.59,181,16,165,2,1,1,49.9,True,xy-breakpoint,54/122,Reverse_Holofoil,Rare,https://cdn.poketrace.com/cards/a9c1779e52d6af38.webp,0.58,117,0.596,0.596,0,19.2,True,0,0,0,0,14.99,1,0,0,181,2026-03-11T08:58:38Z,,
pl2-22,019c3ac3-ec65-7568-b391-5d1c5988e529,Gastrodon West Sea,Secret Wonders,1.99,9.03,167,37,130,2,1.3,1,49.9,True,secret-wonders,9/132,Holofoil,Holo Rare,https://cdn.poketrace.com/cards/93f18a5e40de8979.webp,5.02,24,8.91,8.91,0,14.9,True,0,0,0,0,55,8,0,0,167,2026-03-11T08:58:38Z,,
dp4-16,019bff8e-8808-757d-bbc8-c8f1a67fe7a0,Dialga,Burger King Promos,1.86,19.67,294,9,285,2,1.9,1,49.9,True,burger-king-promos,016/106,Reverse_Holofoil,Promo,https://cdn.poketrace.com/cards/aa8ebfbb4e7403a4.webp,4.74,37,20.036,20.036,0,13.4,True,0,0,0,0,0,0,0,0,294,2026-03-11T08:58:38Z,,
ex8-81,019bff84-6f78-703d-b07e-4dc87800c3c5,Wingull,Crystal Guardians,1.19,4.96,224,58,166,2,1.5,1,49.9,True,crystal-guardians,70/100,Reverse_Holofoil,Common,https://cdn.poketrace.com/cards/39609f3e3de8b725.webp,4.21,83,4.884,4.884,0,3.8,True,300,13,0,0,41.995,14,32.33857,29.105385,224,2026-03-11T08:58:38Z,,
bw4-59,019bff85-5458-73eb-811b-033b0d301c96,Musharna,XY - Phantom Forces,1.64,0.47,119,14,105,2,0.9,1,49.9,True,xy-phantom-forces,40/119,Reverse_Holofoil,Rare,https://cdn.poketrace.com/cards/53151569e6695aeb.webp,0.41,58,0.474,0.474,0,10.7,False,0,0,0,0,0,0,0,0,119,2026-03-11T08:58:38Z,,
bw7-81,019bff85-5458-73eb-811b-1e00010a91da,Gliscor,XY - Phantom Forces,1.86,0.5,167,17,150,2,1.2,1,49.9,True,xy-phantom-forces,47/119,Reverse_Holofoil,Rare,https://cdn.poketrace.com/cards/ee0d15aeca49d8b0.webp,0.42,77,0.494,0.494,0,13.4,False,0,0,0,0,0,0,0,0,167,2026-03-11T08:58:38Z,,
ex4-32,019bff86-38c6-7658-a5ca-c5cc8645eab8,Team Magma's Baltoy,Double Crisis,1.25,2.24,146,16,130,2,1.1,1,49.9,True,double-crisis,10/34,Reverse_Holofoil,Common,https://cdn.poketrace.com/cards/8008c28dbb48b6d9.webp,1.82,84,2.216,2.216,0,4.8,True,1000,1,0,0,0,0,0,0,146,2026-03-11T08:58:38Z,,
ecard2-126,019bff7d-2e11-71aa-95c4-0c743737850c,Juggler,Aquapolis,1.03,10.47,119,31,88,2,0.9,1,49.9,True,aquapolis,126/147,Reverse_Holofoil,Uncommon,https://cdn.poketrace.com/cards/5a50931273ccfcbd.webp,9.46,74,10.56,10.56,0,0.6,True,80,2,55,55,37.95,7,21.401667,21.401667,105,2026-03-11T08:58:38Z,,
xy9-40,019bff89-bc5e-71ed-9469-22c0307a0033,Greninja,XY - BREAKpoint,1.72,4.51,391,32,359,2,2.2,1,49.9,True,xy-breakpoint,40/122,Reverse_Holofoil,Rare,https://cdn.poketrace.com/cards/91908d1d4af3f31e.webp,1.9,212,4.412,4.412,0,11.8,True,184,5,0,0,75,8,0,0,391,2026-03-11T08:58:38Z,,
ex7-88,019bff80-d352-765e-b971-1d3cee1099a6,Rocket's Mission,Team Rocket Returns,1.25,25.37,171,49,122,2,1.2,1,49.9,True,team-rocket-returns,88/109,Reverse_Holofoil,Uncommon,https://cdn.poketrace.com/cards/4ee013a023700371.webp,16.6,94,25.062,25.062,0,4.8,True,300,5,101.85429,92.125,56,18,0,0,171,2026-03-11T08:58:38Z,,
dp7-12,019bff89-bc59-76a1-b46c-b74529a1bb19,Abomasnow,XY - BREAKthrough,1.43,0.67,121,13,108,2,1.2,1,49.9,True,xy-breakthrough,40/162,Reverse_Holofoil,Rare,https://cdn.poketrace.com/cards/8b432c09154b5385.webp,0.42,82,0.662,0.662,0,7.8,True,64.95,1,0,0,34.95,1,0,0,121,2026-03-11T08:58:38Z,,
sm115-58,019c3ac3-ec6d-756e-8a49-5970d18c7130,Jessie & James,Hidden Fates,1.31,1.31,2347,221,2126,2,9.8,1,49.9,True,hidden-fates,58/68,Holofoil,Holo Rare,https://cdn.poketrace.com/cards/0f546fa821e86080.webp,0.86,1657,1.182,1.182,0,5.9,True,109.99,32,109.99,109.99,70,30,0,0,2347,2026-03-11T08:58:38Z,,
xy4-58,019bff85-5458-73eb-811b-5b8ff49c413e,Malamar EX,XY - Phantom Forces,2.39,2.39,588,39,549,2,2.9,1,49.9,True,xy-phantom-forces,58/119,Holofoil,Ultra Rare,https://cdn.poketrace.com/cards/86dd391308724d52.webp,1.93,143,2.46,2.46,0,18.9,True,141.76,4,74.996666,74.996666,15.5,8,19.747143,19.747143,588,2026-03-11T08:58:38Z,,
ecard1-144,019c3ac3-ec67-74f4-b255-ea1f9d0e98b3,Multi Technical Machine 01,Expedition,1.66,1.66,161,40,121,2,1,1,49.9,True,expedition,144/165,Normal,Uncommon,https://cdn.poketrace.com/cards/aa81c9cbf73b3459.webp,1.32,55,1.676,1.676,0,11,True,49.99,1,0,0,8.5,3,0,0,161,2026-03-11T08:58:38Z,,
me01-140,019bff89-bc59-76a1-b46c-b2e00e3b4835,Snover,XY - BREAKthrough,1.65,0.4,146,13,133,2,1,1,49.9,True,xy-breakthrough,39/162,Reverse_Holofoil,Common,https://cdn.poketrace.com/cards/ec9791a1d170c025.webp,0.29,119,0.396,0.396,0,10.9,False,0,0,0,0,0,0,0,0,146,2026-03-11T08:58:38Z,,
swsh6-225,019c3ac3-ec6e-7325-9ce9-7ba52414fb60,Echoing Horn,SWSH06: Chilling Reign,2.39,0.08,530,17,513,2,2.5,1,49.9,True,swsh06-chilling-reign,136/198,Normal,Uncommon,https://cdn.poketrace.com/cards/81eba308e400363a.webp,0.06,423,0.078,0.078,0,18.9,False,0,0,0,0,0,0,0,0,530,2026-03-11T08:58:38Z,,
swsh11-214,019c3ac3-ec70-77fb-8935-0d6fadee3d1c,Box of Disaster,SWSH11: Lost Origin,1.96,0.06,615,11,604,2,3.3,1,49.8,True,swsh11-lost-origin,154/196,Normal,Uncommon,https://cdn.poketrace.com/cards/9e8a6256505daaf1.webp,0.07,552,0.062,0.062,0,14.6,False,0,0,0,0,0,0,0,0,615,2026-03-11T08:58:38Z,,
bw5-43,019bff85-5458-73eb-811a-cef324985252,Galvantula,XY - Phantom Forces,1.09,0.72,158,17,141,2,1.7,1,49.8,True,xy-phantom-forces,27/119,Reverse_Holofoil,Rare,https://cdn.poketrace.com/cards/69392319f3a9e988.webp,0.4,67,0.732,0.732,0,1.9,False,0,0,0,0,0,0,0,0,158,2026-03-11T08:58:38Z,,
dp5-55,019bff89-bc5c-75e8-a89f-43641119a5b0,Chatot,XY - BREAKthrough,1.03,0.37,135,21,114,2,1.6,1,49.8,True,xy-breakthrough,128/162,Reverse_Holofoil,Rare,https://cdn.poketrace.com/cards/8763e452f3326317.webp,0.4,91,0.364,0.364,0,0.6,True,54.95,1,0,0,36.55,2,0,0,132,2026-03-11T08:58:38Z,,
swsh2-72,019bff96-3f24-733d-8f2a-f0d4cd42c7de,Pincurchin V,SWSH02: Rebel Clash,1.03,1.04,986,52,934,2,5,1,49.8,True,swsh02-rebel-clash,072/192,Holofoil,Ultra Rare,https://cdn.poketrace.com/cards/f358c2b2849a2cda.webp,0.99,818,0.988,0.988,0,0.6,True,35,16,22.785713,22.382,18.505,7,15.146,15.146,959,2026-03-11T08:58:38Z,,
sm12-163,019c3ac3-ec6b-7535-9313-1f28a30f40b3,Kommo-o,SM - Crimson Invasion,1.14,0.51,429,28,401,2,2.7,1,49.8,True,sm-crimson-invasion,77/111,Normal,Rare,https://cdn.poketrace.com/cards/1afa148a33735ff7.webp,0.44,291,0.496,0.496,0,2.8,True,59.99,1,0,0,12.6,3,0,0,429,2026-03-11T08:58:38Z,,
ecard1-90,019bff80-d351-7535-a799-dfda8bbd2659,Pupitar,Neo Discovery,2.3,1.05,810,23,787,2,4.2,1,49.8,True,neo-discovery,45/75,Unlimited,Uncommon,https://cdn.poketrace.com/cards/719809a0f7fd4a96.webp,0.61,237,1.006,1.006,0,18,True,85,2,23.5,23.5,17,5,14.625,14.625,810,2026-03-11T08:58:38Z,,
ecard2-111,019bff82-9f84-7584-9774-12d4f8b1ac48,Spinarak,Neo Genesis,1.52,0.53,1497,34,1463,2,6.8,1,49.8,True,neo-genesis,075/111,Unlimited,Common,https://cdn.poketrace.com/cards/15bea731d65b57c3.webp,0.41,321,0.494,0.494,0,9.1,True,11,2,33.22,33.22,1.04,7,18.658333,18.658333,1497,2026-03-11T08:58:38Z,,
xy1-28,019bff8a-a5c0-76a9-86a6-c2bad6397104,Talonflame,XY - Steam Siege,1.04,0.69,231,20,211,2,1.7,1,49.8,True,xy-steam-siege,96/114,Reverse_Holofoil,Rare,https://cdn.poketrace.com/cards/9e7561139c8dd4cf.webp,0.71,149,0.702,0.702,0,0.8,False,0,0,0,0,0,0,0,0,231,2026-03-11T08:58:38Z,,
sv08-206,019bff83-8640-7057-ac6d-f37fa9d8a562,Vibrava,Power Keepers,2.55,6.34,126,33,93,2,1.4,1,49.8,True,power-keepers,40/108,Reverse_Holofoil,Uncommon,https://cdn.poketrace.com/cards/8cd33538889e58bd.webp,3.75,45,6.428,6.428,0,20.2,True,56,1,0,0,28,4,19.556667,19.556667,126,2026-03-11T08:58:38Z,,
ex11-26,019bff80-d351-7535-a79b-5dd6d655af81,Rain Castform,Delta Species,2.09,15.41,175,40,135,2,1.5,1,49.8,True,delta-species,26/113,Reverse_Holofoil,Rare,https://cdn.poketrace.com/cards/9acdd8f07b06b62b.webp,12.08,46,15.638,15.638,0,15.9,True,400,11,0,0,39.99,11,0,0,175,2026-03-11T08:58:38Z,,
gym2-93,019bff81-ba59-7208-a499-3b4f72491f08,Sabrina's Abra,Gym Heroes,1.22,1.33,1208,45,1163,2,6,1,49.8,True,gym-heroes,091/132,Unlimited,Common,https://cdn.poketrace.com/cards/f36983680f8e846d.webp,0.88,349,1.25,1.25,0,4.3,True,125,6,0,0,9.5,4,0,0,1208,2026-03-11T08:58:38Z,,
swsh10-TG04,019bff95-4415-71ab-8e61-988682bcf9b1,Frosmoth,SWSH01: Sword & Shield Base Set,2.31,0.63,338,16,322,2,2.5,1,49.8,True,swsh01-sword-and-shield-base-set,064/202,Reverse_Holofoil,Holo Rare,https://cdn.poketrace.com/cards/3bd5ab340513836b.webp,0.36,260,0.614,0.614,0,18.1,True,0,0,0,0,2.62,1,9.99,9.99,338,2026-03-11T08:58:38Z,,
hgss3-14,019bff7c-4505-7332-a33a-3007223b5c7e,Hariyama,Delta Species,1.82,9.47,124,46,78,2,1.5,1,49.8,True,delta-species,44/113,Reverse_Holofoil,Uncommon,https://cdn.poketrace.com/cards/2eccaf159f81d510.webp,7.6,47,9.326,9.326,0,13,True,399.99,12,0,0,45,12,0,0,124,2026-03-11T08:58:38Z,,
dp6-45,019bff77-befc-77ae-b883-3c925be96f12,Vileplume,Southern Islands,1.77,84.79,576,174,402,2,3.1,1,49.8,True,southern-islands,17/18,Reverse_Holofoil,Promo,https://cdn.poketrace.com/cards/3d66725653962802.webp,46.06,67,82.198,82.198,0,12.3,True,816.78,13,0,0,258.12,19,219.21333,219.21333,576,2026-03-11T08:58:38Z,,
dp1-25,019bff90-f393-73c5-8bd2-9986553c7c15,Dustox,SM - Lost Thunder,1.46,1.11,163,8,155,2,1.8,1,49.8,True,sm-lost-thunder,28/214,Reverse_Holofoil,Rare,https://cdn.poketrace.com/cards/60fea5027f6e5a12.webp,0.78,114,1.13,1.13,0,8.2,False,0,0,0,0,0,0,0,0,163,2026-03-11T08:58:38Z,,
bw4-35,019bff99-7af1-7262-a097-201fe6ad03a8,Jellicent,SWSH05: Battle Styles,1.1,0.4,877,19,858,2,4.5,1,49.8,True,swsh05-battle-styles,042/163,Reverse_Holofoil,Rare,https://cdn.poketrace.com/cards/d4493536f98b1886.webp,0.32,681,0.382,0.382,0,2.1,False,0,0,0,0,0,0,0,0,877,2026-03-11T08:58:38Z,,
sm3-63,019bff8d-8220-71c8-938b-df051b5eae91,Necrozma GX,SM - Burning Shadows,2.13,2.12,972,112,860,2,4.8,1,49.8,True,sm-burning-shadows,63/147,Holofoil,Ultra Rare,https://cdn.poketrace.com/cards/531e44cd7493ad0b.webp,1.89,525,2.018,2.018,0,16.4,True,70,30,0,0,11.5,24,0,0,972,2026-03-11T08:58:38Z,,
xy10-78,019bff7e-1601-757e-bd2b-9ef5b722c803,Lugia,Neo Revelation,1.56,28.26,413,14,399,2,2.5,1,49.8,True,neo-revelation,20/64,Unlimited,Rare,https://cdn.poketrace.com/cards/b0bd04dfe99c4515.webp,19.87,66,27.558,27.558,0,9.6,True,550,1,0,0,94,3,122.67,122.67,413,2026-03-11T08:58:38Z,,
ex7-59,019bff7d-2e10-7263-8141-17a1fb343eb5,Houndour,Neo Destiny,2.14,3.44,527,48,479,2,3,1,49.8,True,neo-destiny,043/105,Unlimited,Uncommon,https://cdn.poketrace.com/cards/46832d68680758e6.webp,2.58,201,3.338,3.338,0,16.5,True,54.99,8,55.63286,63.880554,19.99,11,26.427143,24.243103,527,2026-03-11T08:58:38Z,,
sm5-23,019bff8a-a5c0-76a9-86a7-4074b2a0a205,Infernape,XY - Steam Siege,1.7,0.71,319,16,303,2,2.3,1,49.8,True,xy-steam-siege,20/114,Reverse_Holofoil,Holo Rare,https://cdn.poketrace.com/cards/a4d46926df96b66e.webp,0.55,217,0.726,0.726,0,11.5,True,70,1,0,0,9.87,1,0,0,319,2026-03-11T08:58:38Z,,
ex5-27,019bff83-863f-718a-b5c1-11f50122a7d0,Tropius,Deoxys,1.76,25.08,129,37,92,2,1.5,1,49.8,True,deoxys,27/107,Reverse_Holofoil,Rare,https://cdn.poketrace.com/cards/3d489f0cfdb60d85.webp,19,49,24.716,24.716,0,12.2,True,475,9,425,425,65,10,0,0,129,2026-03-11T08:58:38Z,,
xyp-XY94,019bff8c-7243-760b-b38e-5d9323c7a0d2,Trevenant,SM - Guardians Rising,1.32,0.36,206,14,192,2,1.7,1,49.8,True,sm-guardians-rising,7/145,Reverse_Holofoil,Rare,https://cdn.poketrace.com/cards/2edfc8e642d061eb.webp,0.27,162,0.354,0.354,0,6,True,70,1,0,0,5.51,1,0,0,206,2026-03-11T08:58:38Z,,
bw10-54,019bffa2-09c0-7728-a27e-9b370ef785c8,Archeops,SWSH12: Silver Tempest,1.71,0.34,992,50,942,2,4.7,1,49.8,True,swsh12-silver-tempest,147/195,Reverse_Holofoil,Holo Rare,https://cdn.poketrace.com/cards/822647b7dc5279c5.webp,0.39,801,0.324,0.324,0,11.6,True,0,0,0,0,5,1,0,0,992,2026-03-11T08:58:38Z,,
xyp-XY18,019bff85-5469-71d6-ba9a-d54b732c1aa4,Chesnaught EX,XY Promos,2.15,4.45,354,24,330,2,2.5,1,49.8,True,xy-promos,XY18,Holofoil,Promo,https://cdn.poketrace.com/cards/654d6963d4913f72.webp,2.66,93,4.34,4.34,0,16.6,True,16.49,1,0,0,13.5,6,0,0,354,2026-03-11T08:58:38Z,,
gym1-89,019bff7e-fc50-71f0-aee3-6182f81f0f00,Misty's Shellder,Gym Heroes,1.83,0.93,1222,1,1221,2,5.8,1,49.8,True,gym-heroes,089/132,Unlimited,Common,https://cdn.poketrace.com/cards/7ec0d0af045c48b3.webp,0.65,350,0.876,0.876,0,13.1,False,0,0,0,0,0,0,0,0,1222,2026-03-11T08:58:38Z,,
ex1-46,019bff82-9f85-738b-8710-1e0ee15cf4ed,Swellow,POP Series 1,1.17,0.59,289,45,244,2,2,1,49.8,True,pop-series-1,015/017,Normal,Common,https://cdn.poketrace.com/cards/287ce093f4254d90.webp,0.52,178,0.602,0.602,0,3.4,True,35,3,37.25,37.25,9,5,9.566667,9.566667,289,2026-03-11T08:58:38Z,,
ecard2-121,019bff7b-60a7-77b8-b491-c4f013008e12,Fighting Cube 01,Aquapolis,1.65,4.16,123,26,97,2,1.5,1,49.8,True,aquapolis,121/147,Reverse_Holofoil,Uncommon,https://cdn.poketrace.com/cards/79a748175f46c0f7.webp,2.1,51,4.096,4.096,0,10.8,True,100.55,2,0,0,11.42,6,0,0,123,2026-03-11T08:58:38Z,,
xyp-XY151,019bff8a-a5c0-76a9-86a3-2069705cd336,Zygarde EX,XY - Fates Collide,1.86,3.03,704,77,627,2,3.7,1,49.8,True,xy-fates-collide,54/124,Holofoil,Ultra Rare,https://cdn.poketrace.com/cards/5cdd5a4b240fbeb0.webp,2.54,338,2.918,2.918,0,13.4,True,85,20,0,0,18,21,0,0,704,2026-03-11T08:58:38Z,,
dc1-8,019bff86-38c6-7658-a5ca-bc5c5f033106,Team Aqua's Muk,Double Crisis,2.19,5.62,189,12,177,2,1.9,1,49.8,True,double-crisis,8/34,Reverse_Holofoil,Holo Rare,https://cdn.poketrace.com/cards/db7dcff6d2831333.webp,3.68,113,5.514,5.514,0,17,True,0,0,0,0,0,0,0,0,189,2026-03-11T08:58:38Z,,
swsh4.5-SV068,019bffae-2203-70ab-b8cd-408677bdabd1,Carkol,SV05: Temporal Forces,2.16,0.18,810,14,796,2,4.4,1,49.8,True,sv05-temporal-forces,094/162,Reverse_Holofoil,Common,https://cdn.poketrace.com/cards/8f9490cf266015e8.webp,0.15,760,0.172,0.172,0,16.7,False,0,0,0,0,0,0,0,0,810,2026-03-11T08:58:38Z,,
ex5-78,019bff83-863e-704c-9303-329c235b1491,Togepi,WoTC Promo,1.68,20.17,1112,167,945,2,5.2,1,49.8,True,wotc-promo,30/53,Normal,Promo,https://cdn.poketrace.com/cards/8ece7e1687fe7271.webp,12.14,510,19.118,19.118,0,11.2,True,250,38,213.02083,213.02083,51,23,41.5,41.5,1112,2026-03-11T08:58:38Z,,
bw11-43,019bff92-de3f-77ab-8543-8dd36b6994ce,Kyurem,SM - Unbroken Bonds,1.45,0.54,248,24,224,2,2.2,1,49.8,True,sm-unbroken-bonds,50/214,Reverse_Holofoil,Holo Rare,https://cdn.poketrace.com/cards/e37549ab030efc9c.webp,0.53,209,0.528,0.528,0,8,False,0,0,0,0,0,0,0,0,248,2026-03-11T08:58:38Z,,
me02-099,019bffae-2203-70ab-b8cc-b1aa4a86bb0f,Yamper,SV05: Temporal Forces,1.41,0.18,1102,14,1088,2,5.6,1,49.8,True,sv05-temporal-forces,058/162,Reverse_Holofoil,Common,https://cdn.poketrace.com/cards/e3b6ae0b96915615.webp,0.16,1059,0.19,0.19,0,7.4,True,41,1,0,0,0,0,0,0,1102,2026-03-11T08:58:38Z,,
swshp-SWSH111,019bffa3-068e-70ff-ae1f-cd0c972aa85a,Galarian Rapidash V,Prize Pack Series Cards,1.7,11.41,78,3,75,2,1.2,1,49.8,True,prize-pack-series-cards,SWSH111,Holofoil,Promo,https://cdn.poketrace.com/cards/38a65f0370d3379b.webp,9.63,34,11.274,11.274,0,11.5,False,0,0,0,0,0,0,0,0,78,2026-03-11T08:58:38Z,,
ecard1-102,019bff79-8e10-76e9-bb0e-a3d332266d0e,Corsola,Neo Discovery,2.19,4.48,862,32,830,2,4.4,1,49.8,True,neo-discovery,37/75,Unlimited,Uncommon,https://cdn.poketrace.com/cards/8b26803f86cb4ac8.webp,1.98,270,4.282,4.282,0,17,True,49.63,2,36.102856,44.620712,29.99,4,18,22.26706,862,2026-03-11T08:58:38Z,,
xyp-XY131,019bff7f-e2b8-7168-a03e-798aaf450268,Pansear,Next Destinies,1.02,0.57,123,16,107,2,1.4,1,49.8,True,next-destinies,15/99,Reverse_Holofoil,Common,https://cdn.poketrace.com/cards/a6708d04036960f1.webp,0.56,97,0.578,0.578,0,0.4,False,0,0,0,0,0,0,0,0,123,2026-03-11T08:58:38Z,,
ex5-92,019c3ac3-ec68-7410-8bdf-8dccc2d8f8b1,Steven's Advice,Hidden Legends,1.83,1.83,593,24,569,2,3.3,1,49.8,True,hidden-legends,92/101,Normal,Uncommon,https://cdn.poketrace.com/cards/694463a56251bcda.webp,1.34,187,1.89,1.89,0,13.1,True,0,0,0,0,13.5,3,0,0,593,2026-03-11T08:58:38Z,,
ex1-48,019bff84-6f77-773f-980b-53d32e78c93e,Wailmer,Legend Maker,1.16,16.81,269,62,207,2,2.3,1,49.8,True,legend-maker,69/92,Reverse_Holofoil,Common,https://cdn.poketrace.com/cards/85a4a4f934c03413.webp,18.03,108,16.426,16.426,0,3.2,True,1225,10,0,0,110.5,13,0,0,269,2026-03-11T08:58:38Z,,
swsh4.5-SV071,019bff9e-cb4a-7630-bf1a-5250db24e8ab,Sandaconda,Miscellaneous Cards & Products,2.24,0.19,816,1,815,2,4.2,1,49.8,True,miscellaneous-cards-and-products,082/163,Holofoil,Promo,https://cdn.poketrace.com/cards/980ba653cc476e2d.webp,0.2,707,0.182,0.182,0,17.4,False,0,0,0,0,0,0,0,0,816,2026-03-11T08:58:38Z,,
swshp-SWSH269,019bff82-9f84-7584-9776-82c966f16555,Sunflora,Neo Genesis,1.63,2.03,656,30,626,2,3.8,1,49.8,True,neo-genesis,050/111,Unlimited,Uncommon,https://cdn.poketrace.com/cards/2de2c9b6cae3a4c1.webp,1.91,182,1.952,1.952,0,10.6,True,47.04,2,35.995003,35.995003,12.72,3,27.755001,27.755001,656,2026-03-11T08:58:38Z,,
xy6-17,019bff89-bc5e-71ed-946a-c8c0ccfec13c,Articuno,Generations,2.45,35.67,658,168,490,2,3.8,1,49.8,True,generations,25/83,Holofoil,Holo Rare,https://cdn.poketrace.com/cards/8426bc44ca082fc5.webp,22.01,192,34.33,34.33,0,19.4,True,1800,32,1650,1650,94,30,79.5,79.5,658,2026-03-11T08:58:38Z,,
ex16-76,019c3ac3-ec65-7568-b392-7d96d3750107,Glacia's Stadium,Power Keepers,1.88,1.88,110,14,96,2,1.6,1,49.8,True,power-keepers,76/108,Normal,Uncommon,https://cdn.poketrace.com/cards/7b2d301bd89d559e.webp,1,24,1.85,1.85,0,13.7,True,0,0,0,0,0,0,0,0,110,2026-03-11T08:58:38Z,,
bw9-100,019bff7b-60a7-77b8-b493-f0e32bb93d24,Frozen City,Plasma Freeze,1.32,2.12,110,19,91,2,1.5,1,49.8,True,plasma-freeze,100/116,Reverse_Holofoil,Uncommon,https://cdn.poketrace.com/cards/6ee8119f86229d76.webp,2.09,78,2.088,2.088,0,6,True,0,0,0,0,0,0,0,0,110,2026-03-11T08:58:38Z,,
bw1-10,019bff89-bc5e-71ed-9468-9177a31f1c1c,Lilligant,XY - BREAKpoint,1.01,0.64,209,18,191,2,1.9,1,49.8,True,xy-breakpoint,8/122,Reverse_Holofoil,Rare,https://cdn.poketrace.com/cards/824f609ee335213f.webp,0.47,142,0.628,0.628,0,0.2,True,0,0,0,0,13.5,1,0,0,207,2026-03-11T08:58:38Z,,
sm12-61,019bff93-f25a-71cc-92f8-111f56ab9560,Black Kyurem,SM - Cosmic Eclipse,1.25,1.1,365,19,346,2,2.4,1,49.8,True,sm-cosmic-eclipse,61/236,Reverse_Holofoil,Holo Rare,https://cdn.poketrace.com/cards/8abecf4fcfd4d764.webp,0.87,319,1.074,1.074,0,4.8,True,23.5,2,49.95,49.95,0,0,0,0,365,2026-03-11T08:58:38Z,,
xy8-85,019bff92-de41-7265-b539-2740447d8e2e,Meloetta,SM - Unified Minds,1.25,0.74,343,15,328,2,2.4,1,49.8,True,sm-unified-minds,123/236,Reverse_Holofoil,Rare,https://cdn.poketrace.com/cards/51998a31af5c27be.webp,0.52,295,0.722,0.722,0,4.8,True,20.5,1,0,0,9.5,1,0,0,343,2026-03-11T08:58:38Z,,
ex4-82,019c3ac3-ec68-7410-8be2-ebdc6c22d73c,Team Magma Conspirator,Team Magma vs Team Aqua,1.17,1.17,231,18,213,2,2.1,1,49.8,True,team-magma-vs-team-aqua,82/95,Normal,Uncommon,https://cdn.poketrace.com/cards/acb3726f67f25b19.webp,0.55,89,1.146,1.146,0,3.4,True,0,0,0,0,13.5,1,0,0,231,2026-03-11T08:58:38Z,,
swsh4.5-SV031,019c0004-fc83-7688-bf38-1062775b77ba,Arrokuda,SV10: Destined Rivals,2.26,0.15,1443,20,1423,2,6.7,1,49.8,True,sv10-destined-rivals,062/182,Reverse_Holofoil,Common,https://cdn.poketrace.com/cards/db09d5a54ce508dd.webp,0.18,1414,0.16,0.16,0,17.6,False,0,0,0,0,0,0,0,0,1443,2026-03-11T08:58:38Z,,
bw5-77,019bff8a-a5c1-7149-81da-f5e4aa82d596,Klinklang,XY - Steam Siege,1.08,0.37,241,16,225,2,2.2,1,49.8,True,xy-steam-siege,73/114,Reverse_Holofoil,Holo Rare,https://cdn.poketrace.com/cards/00079a622fdda26a.webp,0.25,151,0.362,0.362,0,1.7,False,0,0,0,0,0,0,0,0,241,2026-03-11T08:58:38Z,,
gym1-44,019bff7b-60a6-776a-9f3d-d2a7552b83be,Erika's Exeggutor,Gym Heroes,2.5,1.34,909,7,902,2,4.9,1,49.7,True,gym-heroes,044/132,Unlimited,Uncommon,https://cdn.poketrace.com/cards/5ba339d265d48e15.webp,1,255,1.274,1.274,0,19.8,False,0,0,0,0,0,0,0,0,909,2026-03-11T08:58:38Z,,
dp7-63,019bff7d-2e14-7575-b736-18281a54452f,Larvitar,Neo Discovery,1.14,0.54,1572,1,1571,2,7.8,1,49.7,True,neo-discovery,57/75,Unlimited,Common,https://cdn.poketrace.com/cards/bf79e21cf0a24793.webp,0.37,444,0.498,0.498,0,2.8,False,0,0,0,0,0,0,0,0,1572,2026-03-11T08:58:38Z,,
sm12-63,019bff95-4414-759b-8e0a-2fdb557e3c15,Wishiwashi GX,SM - Cosmic Eclipse,1.55,1.55,780,89,691,2,4.5,1,49.7,True,sm-cosmic-eclipse,63/236,Holofoil,Ultra Rare,https://cdn.poketrace.com/cards/d8cb04bb344bea38.webp,1.42,586,1.48,1.48,0,9.5,True,17.5,18,36.514286,38.69,6.5,23,0,0,780,2026-03-11T08:58:38Z,,
swsh2-55,019bff96-3f24-733d-8f2a-9b1c41556389,Eiscue V,SWSH02: Rebel Clash,1.19,1.19,1012,91,921,2,5.7,1,49.7,True,swsh02-rebel-clash,055/192,Holofoil,Ultra Rare,https://cdn.poketrace.com/cards/9356a8d732ef093f.webp,1.04,837,1.258,1.258,0,3.8,True,29.99,15,19.447144,18.468334,8.5,6,18.754,18.754,1012,2026-03-11T08:58:38Z,,
ex1-16,019bff78-a648-7332-9aa3-a4fc76d1fc67,Breloom,Ruby and Sapphire,2.17,12.76,138,35,103,2,2.2,1,49.7,True,ruby-and-sapphire,16/109,Reverse_Holofoil,Rare,https://cdn.poketrace.com/cards/9f6229a8e29b675e.webp,5.91,47,12.48,12.48,0,16.7,True,0,0,0,0,70.99,10,0,0,138,2026-03-11T08:58:38Z,,
ex8-93,019bff78-a648-7332-9aa3-6466de4a48b5,Boost Energy,Aquapolis,1.47,10.3,127,48,79,2,2,1,49.7,True,aquapolis,145/147,Reverse_Holofoil,Uncommon,https://cdn.poketrace.com/cards/f00c527d6683ea4f.webp,7.81,47,10.092,10.092,0,8.3,True,99.99,6,0,0,34.04,11,20.21857,31.44125,127,2026-03-11T08:58:38Z,,
neo1-84,019bff7a-78f5-732c-acbe-ac40cfb4b884,Ecogym,Neo Genesis,1.84,3.08,424,1,423,2,3.4,1,49.7,True,neo-genesis,084/111,Unlimited,Rare,https://cdn.poketrace.com/cards/4dbeb352e8f6709e.webp,2.08,116,2.974,2.974,0,13.2,False,0,0,0,0,0,0,0,0,424,2026-03-11T08:58:38Z,,
dp4-89,019bff83-863e-704c-9303-9bd742f8f5d6,Torchic,EX Trainer Kit 1: Latias & Latios,1.04,0.29,307,3,304,2,2.8,1,49.7,True,ex-trainer-kit-1-latias-and-latios,7/10,Normal,Common,https://cdn.poketrace.com/cards/e1154a7a0535f267.webp,0.27,76,0.282,0.282,0,0.8,True,0,0,0,0,0,0,0,0,306,2026-03-11T08:58:38Z,,
bw7-25,019bff99-7af1-7262-a096-6d30cfddaf61,Pignite,SWSH05: Battle Styles,1.13,0.21,351,16,335,2,2.9,1,49.7,True,swsh05-battle-styles,024/163,Reverse_Holofoil,Uncommon,https://cdn.poketrace.com/cards/b3b63eef2e11830f.webp,0.16,294,0.204,0.204,0,2.6,False,0,0,0,0,0,0,0,0,351,2026-03-11T08:58:38Z,,
tk-xy-b-14,019bff91-e4dd-7702-a537-fa5159baa5d4,Doublade,SM - Team Up,2.11,0.35,162,6,156,2,2.3,1,49.7,True,sm-team-up,108/181,Reverse_Holofoil,Uncommon,https://cdn.poketrace.com/cards/f5007d5998103f38.webp,0.3,137,0.342,0.342,0,16.1,False,0,0,0,0,0,0,0,0,162,2026-03-11T08:58:38Z,,
dp5-82,019c3ac3-ec65-7568-b390-225987d32cec,Fossil Excavator,Mysterious Treasures,1.01,0.51,507,20,487,2,3.5,1,49.7,True,mysterious-treasures,111/123,Normal,Uncommon,https://cdn.poketrace.com/cards/2f7669314d2b8207.webp,0.24,176,0.492,0.492,0,0.2,False,0,0,0,0,0,0,0,0,507,2026-03-11T08:58:38Z,,
pl2-21,019bff7b-60a8-766b-9d0c-9fb2a585cd38,Gastrodon East Sea,Secret Wonders,2.05,8.7,121,6,115,2,1.9,1,49.7,True,secret-wonders,8/132,Reverse_Holofoil,Holo Rare,https://cdn.poketrace.com/cards/4cf2189f6c6fbea7.webp,5.46,47,8.536,8.536,0,15.5,True,0,0,0,0,0,0,0,0,121,2026-03-11T08:58:38Z,,
ecard1-149,019c3ac3-ec67-74f4-b25f-9d9f987cf3e1,Professor Oak's Research,Expedition,1.79,1.79,463,47,416,2,3.2,1,49.7,True,expedition,149/165,Normal,Uncommon,https://cdn.poketrace.com/cards/dde089129d3168b6.webp,1.24,142,1.732,1.732,0,12.6,True,56,3,0,0,25,4,0,0,463,2026-03-11T08:58:38Z,,
hgss4-90,019bff80-d352-765e-b96f-fa4de56576de,Rescue Energy,Triumphant,1.15,4.55,77,10,67,2,1.6,1,49.7,True,triumphant,90/102,Reverse_Holofoil,Uncommon,https://cdn.poketrace.com/cards/0d7e1f3dc512946b.webp,1.81,23,4.622,4.622,0,3,True,0,0,0,0,35,1,39.95,39.95,77,2026-03-11T08:58:38Z,,
ecard1-139,019bff7a-78f4-707a-bf71-a44c159a7c2a,Dual Ball,Crystal Guardians,1.75,4.29,130,25,105,2,2.2,1,49.7,True,crystal-guardians,78/100,Reverse_Holofoil,Uncommon,https://cdn.poketrace.com/cards/53adeb6d262b51ff.webp,1.55,69,4.194,4.194,0,12.1,True,71.9,2,51.41,51.41,9.5,2,17.93,17.93,130,2026-03-11T08:58:38Z,,
xy8-150,019c3ac3-ec6a-771e-9d07-57907ec36961,Town Map,XY - BREAKthrough,2.14,2.14,1004,21,983,2,5.4,1,49.7,True,xy-breakthrough,150/162,Normal,Uncommon,https://cdn.poketrace.com/cards/e8df4761618b87a8.webp,1.86,288,2.256,2.256,0,16.4,False,0,0,0,0,0,0,0,0,1004,2026-03-11T08:58:38Z,,
bw5-22,019bff8a-a5c0-76a9-86a7-2dd45dc2a1a9,Volcarona,XY - Steam Siege,1.78,2.32,469,69,400,2,3.2,1,49.7,True,xy-steam-siege,15/114,Reverse_Holofoil,Rare,https://cdn.poketrace.com/cards/851e9e81b7369438.webp,1.25,292,2.246,2.246,0,12.4,True,27.5,15,41.005,41.005,50,18,21.5,21.5,469,2026-03-11T08:58:38Z,,
ex13-31,019bff81-ba59-7208-a499-0759e14dd9e0,Sableye,Crystal Guardians,2.38,27.62,226,90,136,2,2.2,1,49.7,True,crystal-guardians,10/100,Reverse_Holofoil,Holo Rare,https://cdn.poketrace.com/cards/25899fb02c8bd108.webp,29.84,50,27.004,27.004,0,18.7,True,800,6,406.78427,246.17375,151.5,25,151.5,151.5,226,2026-03-11T08:58:38Z,,
sv04.5-185,019bff8a-a5c1-7149-81da-d33ee8465874,Pawniard,XY - Steam Siege,2.12,0.31,110,9,101,2,1.9,1,49.7,True,xy-steam-siege,63/114,Reverse_Holofoil,Common,https://cdn.poketrace.com/cards/ad025466ca93b215.webp,0.29,68,0.304,0.304,0,16.2,False,0,0,0,0,0,0,0,0,110,2026-03-11T08:58:38Z,,
dp7-23,019bff81-ba58-765c-b247-5f294beaa601,Roserade,Diamond and Pearl,1.25,11.98,117,29,88,2,1.9,1,49.7,True,diamond-and-pearl,13/130,Reverse_Holofoil,Holo Rare,https://cdn.poketrace.com/cards/5112733cbef2c9bf.webp,5.1,37,11.748,11.748,0,4.8,True,36,3,28.715,28.715,15.5,3,52.42286,54.912003,117,2026-03-11T08:58:38Z,,
ex15-85,019c3ac3-ec66-706d-a49a-92030c7b1790,Holon Energy GL,Dragon Frontiers,1.78,1.78,150,19,131,2,1.9,1,49.7,True,dragon-frontiers,85/101,Normal,Rare,https://cdn.poketrace.com/cards/39deec46696d0021.webp,0.85,52,1.746,1.746,0,12.4,True,0,0,0,0,20.5,3,0,0,150,2026-03-11T08:58:38Z,,
xy4-69,019bff89-bc5f-7465-9230-26c22dc30c3f,Slurpuff,Generations: Radiant Collection,1.87,4.7,1634,62,1572,2,8,1,49.7,True,generations-radiant-collection,RC20/RC32,Holofoil,Uncommon,https://cdn.poketrace.com/cards/4e07cfc49a41da25.webp,3.25,650,4.326,4.326,0,13.5,True,149.99,4,64.43667,64.43667,40,14,24.008572,20.247692,1634,2026-03-11T08:58:38Z,,
dp7-27,019bff8d-8220-71c8-9392-41fd7c43fa2e,Staraptor,SM - Crimson Invasion,1.18,0.37,249,13,236,2,2.7,1,49.7,True,sm-crimson-invasion,83/111,Reverse_Holofoil,Rare,https://cdn.poketrace.com/cards/196276bd5d8184fb.webp,0.33,203,0.36,0.36,0,3.6,False,0,0,0,0,0,0,0,0,249,2026-03-11T08:58:38Z,,
ex12-71,019bff92-de41-7265-b538-5ed7d10f53de,Wynaut,SM - Unified Minds,2.36,4.34,343,22,321,2,2.8,1,49.7,True,sm-unified-minds,77/236,Reverse_Holofoil,Uncommon,https://cdn.poketrace.com/cards/5474fda0ddbaeb1c.webp,2.39,238,4.22,4.22,0,18.5,True,20.5,1,0,0,0,0,0,0,343,2026-03-11T08:58:38Z,,
ex4-38,019c3ac3-ec69-768f-9586-efc04477adf1,Team Magma's Rhyhorn,Team Magma vs Team Aqua,2.03,0.82,173,17,156,2,2,1,49.7,True,team-magma-vs-team-aqua,67/95,Normal,Common,https://cdn.poketrace.com/cards/6d1b4f47b9ed8d7b.webp,0.73,73,0.804,0.804,0,15.3,True,0,0,0,0,21.85,1,0,0,173,2026-03-11T08:58:38Z,,
ex4-15,019bff86-38c6-7658-a5ca-e45f23f28daa,Team Aqua's Mightyena,Double Crisis,2.28,10.4,192,16,176,2,2.5,1,49.7,True,double-crisis,18/34,Reverse_Holofoil,Common,https://cdn.poketrace.com/cards/b3f32834d2b6c09c.webp,6.63,102,10.144,10.144,0,17.8,True,0,0,0,0,0,0,0,0,192,2026-03-11T08:58:38Z,,
ex4-52,019c3ac3-ec68-7410-8be2-7842650bba3c,Team Aqua's Electrike,Team Magma vs Team Aqua,1.12,1.12,158,10,148,2,2.3,1,49.7,True,team-magma-vs-team-aqua,52/95,Normal,Common,https://cdn.poketrace.com/cards/878a988462d7792f.webp,0.63,75,1.094,1.094,0,2.4,True,0,0,0,0,0,0,0,0,158,2026-03-11T08:58:38Z,,
ecard2-135,019c3ac3-ec69-768f-9587-cf18516dd4d0,Time Shard,Aquapolis,1.77,1.73,120,34,86,2,2.1,1,49.7,True,aquapolis,135/147,Normal,Uncommon,https://cdn.poketrace.com/cards/7660cbb9a80b0848.webp,1.31,48,1.766,1.766,0,12.3,True,46.71,7,0,0,19.5,2,0,0,120,2026-03-11T08:58:38Z,,
ex4-80,019c3ac3-ec68-7410-8be2-e2b34b63ade7,Team Magma Ball,Team Magma vs Team Aqua,1.18,1.18,222,13,209,2,2.4,1,49.7,True,team-magma-vs-team-aqua,80/95,Normal,Uncommon,https://cdn.poketrace.com/cards/2488cedff111a043.webp,0.72,95,1.152,1.152,0,3.6,True,0,0,0,0,0,0,0,0,222,2026-03-11T08:58:38Z,,
ex2-44,019bff7e-1600-7088-8280-a01243496d67,Linoone,Ruby and Sapphire,2.27,4.28,118,25,93,2,2,1,49.7,True,ruby-and-sapphire,38/109,Reverse_Holofoil,Uncommon,https://cdn.poketrace.com/cards/2a2e8e4ea82608a4.webp,2.88,61,4.194,4.194,0,17.7,True,191.99,1,0,0,65,6,0,0,118,2026-03-11T08:58:38Z,,
sm1-145,019bff8b-8e11-77cf-94aa-b56943212c73,Gumshoos GX,SM Base Set,2.28,0.92,1135,69,1066,2,6.1,1,49.7,True,sm-base-set,110/149,Holofoil,Ultra Rare,https://cdn.poketrace.com/cards/2f9dac7f85f596ae.webp,0.69,746,0.864,0.864,0,17.8,True,23.5,24,0,0,37.99,16,0,0,1135,2026-03-11T08:58:38Z,,
ex2-67,019bff7e-1600-7088-8281-213efd7b12f8,Lotad,Crystal Guardians,1.38,7.67,173,69,104,2,2,1,49.7,True,crystal-guardians,55/100,Reverse_Holofoil,Common,https://cdn.poketrace.com/cards/86364e896c3840c8.webp,4.83,73,7.516,7.516,0,7,True,245,9,145.21,151.28778,79.99,13,38.692856,37.96353,173,2026-03-11T08:58:38Z,,
xy5-19,019bff85-545f-718a-bc71-1827833b839f,Trevenant EX,XY - Primal Clash,2.45,2.45,410,34,376,2,3.5,1,49.6,True,xy-primal-clash,19/160,Holofoil,Ultra Rare,https://cdn.poketrace.com/cards/24e53d7c790600f0.webp,2.14,143,2.364,2.364,0,19.3,True,450,1,0,0,3.25,9,0,0,410,2026-03-11T08:58:38Z,,
ex16-89,019bff7e-fc51-74ac-aafe-c77c641a950b,Multi Energy,Sandstorm,2.14,6.27,96,28,68,2,2.5,1,49.6,True,sandstorm,93/100,Reverse_Holofoil,Rare,https://cdn.poketrace.com/cards/a35ba34458160e4b.webp,3.23,45,6.428,6.428,0,16.4,True,0,0,0,0,15.43,5,0,0,96,2026-03-11T08:58:38Z,,
bw11-RC18,019bff7e-fc50-71f0-aee2-4615a5d3a403,Minccino,Emerging Powers,2.37,1.62,160,13,147,2,2.6,1,49.6,True,emerging-powers,84/98,Reverse_Holofoil,Common,https://cdn.poketrace.com/cards/8a9e7b814999f5cb.webp,2.24,120,1.662,1.662,0,18.6,False,0,0,0,0,0,0,0,0,160,2026-03-11T08:58:38Z,,
sm7-35,019bff82-9f85-738b-870f-f09f87c4a9c0,Swampert,Crystal Guardians,1.48,32.16,206,97,109,2,3,1,49.6,True,crystal-guardians,27/100,Reverse_Holofoil,Rare,https://cdn.poketrace.com/cards/3b2c17aeebbcb7cd.webp,18.5,27,31.21,31.21,0,8.4,True,1023.23,11,898.5471,650.3936,81.98,21,112.03714,84.8635,206,2026-03-11T08:58:38Z,,
dp6-28,019bff7b-60a7-77b8-b493-7c092c63a8ea,Forretress,Unseen Forces,1.87,46.39,115,56,59,2,2.3,1,49.6,True,unseen-forces,6/115,Reverse_Holofoil,Holo Rare,https://cdn.poketrace.com/cards/a1f8c226cd5103be.webp,16.66,24,47.444,47.444,0,13.5,True,280,4,0,0,32.5,20,48.75,48.75,115,2026-03-11T08:58:38Z,,
dp6-18,019bff8a-a5c1-7149-81da-bbb83b911c8b,Armaldo,XY - Steam Siege,1.87,0.56,260,19,241,2,2.9,1,49.6,True,xy-steam-siege,57/114,Reverse_Holofoil,Rare,https://cdn.poketrace.com/cards/6ab7292993b569f5.webp,0.45,161,0.544,0.544,0,13.5,True,0,0,0,0,0,0,0,0,260,2026-03-11T08:58:38Z,,
swsh4.5-SV024,019bff99-7af0-71d4-a48d-fa1b9bd6552d,Galarian Darmanitan,Shining Fates: Shiny Vault,1.38,1.27,691,81,610,2,4.6,1,49.6,True,shining-fates-shiny-vault,SV024/SV122,Holofoil,Shiny Holo Rare,https://cdn.poketrace.com/cards/a929a654952b7974.webp,1.44,575,1.212,1.212,0,6.9,True,26,26,0,0,6.5,8,0,0,691,2026-03-11T08:58:38Z,,
sm12-95,019bff95-4413-726d-bc02-7c6ccb440428,Oricorio GX,SM - Cosmic Eclipse,2.08,2.08,907,71,836,2,5.4,1,49.6,True,sm-cosmic-eclipse,95/236,Holofoil,Ultra Rare,https://cdn.poketrace.com/cards/eecd782b302d8063.webp,1.5,688,2.192,2.192,0,15.8,True,32.88,11,41.861427,39.901,0.99,20,18.44143,15.151052,907,2026-03-11T08:58:38Z,,
swsh10-189,019c3ac3-ec6f-71ad-8280-0b9af7498548,Zisu,SWSH10: Astral Radiance,1.65,0.08,1366,10,1356,2,7.5,1,49.6,True,swsh10-astral-radiance,159/189,Normal,Uncommon,https://cdn.poketrace.com/cards/9fd36bba78956f3d.webp,0.05,1219,0.086,0.086,0,10.8,False,0,0,0,0,0,0,0,0,1366,2026-03-11T08:58:38Z,,
ex4-14,019c3ac3-ec68-7410-8be2-6f28537bc996,Team Aqua's Crawdaunt,Team Magma vs Team Aqua,1.88,16.46,132,60,72,2,2.3,1,49.6,True,team-magma-vs-team-aqua,2/95,Holofoil,Holo Rare,https://cdn.poketrace.com/cards/f75eee70e2a8a816.webp,13.31,17,16.844,16.844,0,13.6,True,375,5,0,0,40,23,0,0,132,2026-03-11T08:58:38Z,,
xy10-105a,019bff7e-fc51-74ac-aaff-7e2738a26bf3,N,Dark Explorers,2.53,2.76,456,16,440,2,3.9,1,49.6,True,dark-explorers,96/108,Reverse_Holofoil,Uncommon,https://cdn.poketrace.com/cards/9d639909dc6aaab0.webp,2.01,259,2.652,2.652,0,20,False,0,0,0,0,0,0,0,0,456,2026-03-11T08:58:38Z,,
sm8-79,019bff8d-8220-71c8-938f-230df3184bf9,Raikou,Shining Legends,1.03,1.72,253,20,233,2,2.9,1,49.6,True,shining-legends,32/73,Reverse_Holofoil,Holo Rare,https://cdn.poketrace.com/cards/2a44baaf043b04cc.webp,1.05,192,1.67,1.67,0,0.6,True,0,0,0,0,24.99,1,0,0,251,2026-03-11T08:58:38Z,,
sm1-12,019bff8b-8e10-7797-baf9-21089d5d9dec,Decidueye GX,SM Base Set,2.52,2.52,1624,242,1382,2,8.5,1,49.6,True,sm-base-set,12/149,Holofoil,Ultra Rare,https://cdn.poketrace.com/cards/aec6eb5f65b4709a.webp,1.75,1036,2.306,2.306,0,19.9,True,95,29,85,85,29.99,25,32.495,32.495,1624,2026-03-11T08:58:38Z,,
ex16-81,019c3ac3-ec68-7410-8bd7-7530f3bda987,Scott,Power Keepers,2.43,2.43,327,23,304,2,3.2,1,49.6,True,power-keepers,81/108,Normal,Uncommon,https://cdn.poketrace.com/cards/d74d5781d52cd92d.webp,1.22,45,2.508,2.508,0,19.1,False,0,0,0,0,0,0,0,0,327,2026-03-11T08:58:38Z,,
tk-xy-latio-30,019bff7d-2e14-7575-b736-9528d069b3e6,Latios,EX Trainer Kit 1: Latias & Latios,1.45,8.38,538,19,519,2,4.3,1,49.6,True,ex-trainer-kit-1-latias-and-latios,2/10,Holofoil,Common,https://cdn.poketrace.com/cards/b23e8770cd9f9fa7.webp,4.81,96,8.022,8.022,0,8,True,0,0,0,0,39.99,2,35.19,35.19,538,2026-03-11T08:58:38Z,,
bw10-37,019bff92-de41-7265-b538-838dd7c61021,Mesprit,SM - Unified Minds,2.44,0.95,259,20,239,2,2.9,1,49.6,True,sm-unified-minds,84/236,Reverse_Holofoil,Uncommon,https://cdn.poketrace.com/cards/5c4ad46ed7013b61.webp,0.73,203,0.922,0.922,0,19.2,False,0,0,0,0,0,0,0,0,259,2026-03-11T08:58:38Z,,
pl3-29,019bff8c-7243-760b-b38f-bf3627e55fd1,Honchkrow,SM - Guardians Rising,1.19,0.44,274,14,260,2,3.2,1,49.6,True,sm-guardians-rising,79/145,Reverse_Holofoil,Rare,https://cdn.poketrace.com/cards/2f655c938e8cc0b6.webp,0.33,214,0.426,0.426,0,3.7,True,0,0,0,0,40,1,0,0,274,2026-03-11T08:58:38Z,,
sv07-149,019bff92-de3f-77ab-8544-6829560f36f6,Crabominable,SM - Unbroken Bonds,2.38,0.68,332,21,311,2,3.5,1,49.6,True,sm-unbroken-bonds,105/214,Reverse_Holofoil,Rare,https://cdn.poketrace.com/cards/1554c8261ebe5fdf.webp,0.52,255,0.656,0.656,0,18.7,True,0,0,0,0,9.99,1,0,0,332,2026-03-11T08:58:38Z,,
ex12-20,019bff7e-1601-757e-bd2b-f2a314e9752d,Lunatone,Legend Maker,2.23,17.56,152,53,99,2,2.5,1,49.6,True,legend-maker,20/92,Reverse_Holofoil,Rare,https://cdn.poketrace.com/cards/3d9fdc58dd8ddd20.webp,14.32,57,17.122,17.122,0,17.3,True,355,4,0,0,73,14,73,73,152,2026-03-11T08:58:38Z,,
xy9-89,019bff89-bc5e-71ed-9469-72b02ee94dd5,Raticate BREAK,XY - BREAKpoint,2.24,2.24,683,49,634,2,4.8,1,49.6,True,xy-breakpoint,89/122,Holofoil,Rare BREAK,https://cdn.poketrace.com/cards/2836147bd548bf45.webp,1.82,328,2.348,2.348,0,17.4,True,60,8,0,0,11.5,8,0,0,683,2026-03-11T08:58:38Z,,
gym1-106,019bff78-a648-7332-9aa4-269d37da37a8,Brock's Training Method,Gym Heroes,2.02,1.08,851,4,847,2,5.6,1,49.6,True,gym-heroes,106/132,Unlimited,Uncommon,https://cdn.poketrace.com/cards/85ed753816fa26cc.webp,0.73,245,1.02,1.02,0,15.1,True,0,0,0,0,0,0,0,0,851,2026-03-11T08:58:38Z,,
ecard1-76,019bff77-bef9-75ac-b16b-112813ecfd31,Electabuzz,Base Set,1.92,13.03,3093,203,2890,2,14.4,1,49.6,True,base-set,020/102,Normal,Rare,https://cdn.poketrace.com/cards/ca969cf1c7a68d98.webp,5.21,560,11.158,11.158,0,14.1,True,154,30,176.995,176.995,80,23,72.66333,72.66333,3093,2026-03-11T08:58:38Z,,
gym2-126,019bff84-6f77-773f-980b-b3c4fe8ee38f,Warp Point,Gym Challenge,1.33,1.11,696,31,665,2,4.7,1,49.6,True,gym-challenge,126/132,Unlimited,Common,https://cdn.poketrace.com/cards/9da148a8f4e08db3.webp,0.78,215,1.162,1.162,0,6.1,True,0,0,0,0,5.63,3,0,0,696,2026-03-11T08:58:38Z,,
sm2-125,019bff8c-7244-7168-b573-4c1a1bcb01ec,Field Blower,SM - Guardians Rising,1.44,3.41,683,27,656,2,4.5,1,49.6,True,sm-guardians-rising,125/145,Reverse_Holofoil,Uncommon,https://cdn.poketrace.com/cards/cd180251b28a0531.webp,1.54,337,3.258,3.258,0,7.9,False,0,0,0,0,0,0,0,0,683,2026-03-11T08:58:38Z,,
xy1-86,019bff89-bc5e-71ed-9469-be0c173913f9,Aegislash,XY - BREAKpoint,2.05,0.78,254,16,238,2,2.8,1,49.6,True,xy-breakpoint,62/122,Reverse_Holofoil,Holo Rare,https://cdn.poketrace.com/cards/3fee30d943493fb7.webp,0.38,141,0.802,0.802,0,15.5,True,0,0,0,0,0,0,0,0,254,2026-03-11T08:58:38Z,,
swsh4.5-SV072,019bff9a-858b-718a-932a-12b5e5ec0f73,Clobbopus,SWSH06: Chilling Reign,2.3,0.21,978,14,964,2,5.7,1,49.6,True,swsh06-chilling-reign,091/198,Reverse_Holofoil,Common,https://cdn.poketrace.com/cards/de13d050d9026e68.webp,0.2,802,0.222,0.222,0,17.9,True,0,0,0,0,7.01,1,0,0,978,2026-03-11T08:58:38Z,,
swsh12.5-151,019bffa1-0211-748e-aa97-ac685e2cca87,Volo,SWSH11: Lost Origin,1.65,0.18,594,12,582,2,4.4,1,49.6,True,swsh11-lost-origin,169/196,Reverse_Holofoil,Holo Rare,https://cdn.poketrace.com/cards/fb854450f170db9f.webp,0.19,516,0.172,0.172,0,10.8,False,0,0,0,0,0,0,0,0,594,2026-03-11T08:58:38Z,,
xy5-117,019bff78-a647-717f-a4e3-51fabb7cc6ac,Bidoof,Diamond and Pearl,1.36,2.79,240,17,223,2,3.1,1,49.6,True,diamond-and-pearl,70/130,Reverse_Holofoil,Common,https://cdn.poketrace.com/cards/55b1c97aa95d8c3b.webp,1.69,73,2.876,2.876,0,6.6,True,0,0,0,0,0,0,0,0,240,2026-03-11T08:58:38Z,,
gym2-122,019bff81-ba59-7208-a499-ae03078ed96e,Saffron City Gym,Gym Challenge,1.4,1.35,561,4,557,2,4.1,1,49.6,True,gym-challenge,122/132,Unlimited,Uncommon,https://cdn.poketrace.com/cards/31a9a609228ebc92.webp,0.78,209,1.294,1.294,0,7.2,True,0,0,0,0,0,0,0,0,561,2026-03-11T08:58:38Z,,
sm10-109,019bff92-de3f-77ab-8544-742b56421dab,Honchkrow GX,SM - Unbroken Bonds,1.88,1.88,805,94,711,2,5,1,49.6,True,sm-unbroken-bonds,109/214,Holofoil,Ultra Rare,https://cdn.poketrace.com/cards/342bc05901048735.webp,1.6,613,1.786,1.786,0,13.6,True,40,29,0,0,15.4,20,12.072857,16.809166,805,2026-03-11T08:58:38Z,,
ex7-93,019c3ac3-ec69-768f-958c-5d1d7db1eb20,Venture Bomb,Team Rocket Returns,2.35,2.35,145,27,118,2,3.1,1,49.5,True,team-rocket-returns,93/109,Normal,Uncommon,https://cdn.poketrace.com/cards/9e9b79c5221ef860.webp,1.88,61,2.278,2.278,0,18.4,True,400,6,0,0,10.5,8,0,0,145,2026-03-11T08:58:38Z,,
sv04.5-206,019bff99-7af1-7262-a093-82d3d6f3ecd5,Greedent,Shining Fates: Shiny Vault,2.13,1.73,630,72,558,2,5.1,1,49.5,True,shining-fates-shiny-vault,SV100/SV122,Holofoil,Shiny Holo Rare,https://cdn.poketrace.com/cards/b07c7958d3315425.webp,1.37,542,1.642,1.642,0,16.3,True,42.99,7,0,0,7.5,7,0,0,630,2026-03-11T08:58:38Z,,
sv08-196,019bff8a-a5c0-76a9-86a7-28057766f8d4,Larvesta,XY - Steam Siege,2.25,0.4,413,18,395,2,4,1,49.5,True,xy-steam-siege,14/114,Reverse_Holofoil,Common,https://cdn.poketrace.com/cards/5360aa01dd7b210b.webp,0.26,230,0.384,0.384,0,17.4,True,65,1,0,0,6.75,1,0,0,413,2026-03-11T08:58:38Z,,
ex11-91,019c3ac3-ec66-706d-a49a-9cd0eda41555,Holon Farmer,Delta Species,1.87,1.87,138,22,116,2,3,1,49.5,True,delta-species,91/113,Normal,Uncommon,https://cdn.poketrace.com/cards/02cb1911361a435d.webp,1.44,51,1.814,1.814,0,13.5,False,0,0,0,0,0,0,0,0,138,2026-03-11T08:58:38Z,,
sm8-119,019bff8b-8e10-7797-bafa-2db780f5768e,Alolan Persian,SM Base Set,1.04,0.47,431,18,413,2,4.3,1,49.5,True,sm-base-set,79/149,Reverse_Holofoil,Uncommon,https://cdn.poketrace.com/cards/e483f54e7a80040a.webp,0.41,313,0.49,0.49,0,0.8,True,21,1,0,0,7.5,1,0,0,429,2026-03-11T08:58:38Z,,
swsh6-90,019bff9a-858b-718a-932a-0a828292193a,Sandaconda VMAX,SWSH06: Chilling Reign,1.36,1.34,2365,114,2251,2,11.9,1,49.5,True,swsh06-chilling-reign,090/198,Holofoil,Ultra Rare,https://cdn.poketrace.com/cards/511ab7df17a5a6e8.webp,1.6,2095,1.5,1.5,0,6.6,True,40,29,37.5,37.5,14.01,8,0,0,2365,2026-03-11T08:58:38Z,,
ex12-42,019bff81-ba58-765c-b247-3c3befde871a,Roselia,Legend Maker,1.08,24.99,174,39,135,2,3,1,49.5,True,legend-maker,42/92,Reverse_Holofoil,Uncommon,https://cdn.poketrace.com/cards/687eaafb1267b9dc.webp,14.77,90,24.24,24.24,0,1.7,True,249,14,164.63858,119.99133,52,7,0,0,146,2026-03-11T08:58:38Z,,
ecard2-128,019bff7e-fc4f-7384-9b89-28bfe6c3f2f3,Memory Berry,Crystal Guardians,1.76,2.84,118,13,105,2,3.1,1,49.5,True,crystal-guardians,80/100,Reverse_Holofoil,Uncommon,https://cdn.poketrace.com/cards/1a866ccab2e1e128.webp,1.25,44,2.752,2.752,0,12.2,True,0,0,0,0,21,4,12.79,12.79,118,2026-03-11T08:58:38Z,,
bw3-40,019bff8c-7244-7168-b577-a19c19df44ba,Eelektrik,SM - Burning Shadows,1.14,0.26,190,11,179,2,3.1,1,49.5,True,sm-burning-shadows,45/147,Reverse_Holofoil,Uncommon,https://cdn.poketrace.com/cards/82050b486a8c7dc1.webp,0.26,135,0.252,0.252,0,2.8,False,0,0,0,0,0,0,0,0,190,2026-03-11T08:58:38Z,,
bw6-80,019bff77-befc-77ae-b883-eec5eb7de806,Aggron,Legend Maker,2.43,29.7,148,73,75,2,3.3,1,49.5,True,legend-maker,2/92,Reverse_Holofoil,Holo Rare,https://cdn.poketrace.com/cards/e2b7b9c79a227a3e.webp,22.42,36,28.712,28.712,0,19.1,True,0,0,0,0,175,24,90.505714,55.992332,148,2026-03-11T08:58:38Z,,
ex2-43,019bff7e-1600-7088-8280-6328fd37e4e2,Lileep,Legend Maker,2.35,6.73,204,46,158,2,3.1,1,49.5,True,legend-maker,56/92,Reverse_Holofoil,Common,https://cdn.poketrace.com/cards/40b3867b0fe0433d.webp,3.94,68,6.52,6.52,0,18.4,True,355,9,140.75143,131.5325,22.5,10,25.575714,24.762,204,2026-03-11T08:58:38Z,,
neo1-29,019bff78-a647-717f-a4e2-1e1bfce6e580,Bayleef,Expedition,1.82,41.99,135,49,86,2,2.8,1,49.5,True,expedition,071/165,Reverse_Holofoil,Uncommon,https://cdn.poketrace.com/cards/e6e0b9a582baf868.webp,25.99,33,40.796,40.796,0,12.9,True,355,4,69.38857,70.59231,45,10,39.944286,39.548668,135,2026-03-11T08:58:38Z,,
me02.5-258,019c0007-b8d3-7351-a5d0-8bf525e2e275,Cheren,SV: White Flare,1.22,0.23,755,8,747,2,5.4,3,49.5,True,sv-white-flare,081/086,Reverse_Holofoil,Uncommon,https://cdn.poketrace.com/cards/e8aad28f5ee6813b.webp,0.24,721,0.2175,0.2175,0,4.3,False,0,0,0,0,0,0,0,0,755,2026-03-11T08:58:38Z,,
swsh8-281,019bff9c-c080-745e-b3db-e80d6e5514f6,Power Tablet,SWSH08: Fusion Strike,1.63,0.2,391,15,376,2,4,1,49.5,True,swsh08-fusion-strike,236/264,Reverse_Holofoil,Uncommon,https://cdn.poketrace.com/cards/fa7ef4660a358944.webp,0.15,328,0.192,0.192,0,10.5,False,0,0,0,0,0,0,0,0,391,2026-03-11T08:58:38Z,,
dp7-17,019bff8c-7244-7168-b577-c1e05f7b6a21,Dusknoir,SM - Burning Shadows,1.02,0.29,234,21,213,2,3.4,1,49.5,True,sm-burning-shadows,53/147,Reverse_Holofoil,Holo Rare,https://cdn.poketrace.com/cards/74cae67e2e628143.webp,0.34,162,0.3,0.3,0,0.4,True,0,0,0,0,8.5,2,0,0,224,2026-03-11T08:58:38Z,,
bw11-107,019bff99-7af1-7262-a096-db7971b8c23a,Bouffalant,SWSH05: Battle Styles,2.42,0.17,304,8,296,2,3.5,1,49.5,True,swsh05-battle-styles,118/163,Reverse_Holofoil,Uncommon,https://cdn.poketrace.com/cards/ba218c48e8bad737.webp,0.14,243,0.164,0.164,0,19,False,0,0,0,0,0,0,0,0,304,2026-03-11T08:58:38Z,,
xy7-60,019bff8c-7243-760b-b390-1023a75f3114,Goodra,SM - Guardians Rising,1.11,0.58,356,19,337,2,4.5,1,49.4,True,sm-guardians-rising,96/145,Reverse_Holofoil,Holo Rare,https://cdn.poketrace.com/cards/b2d72e0a0e8e9601.webp,0.48,228,0.554,0.554,0,2.2,True,0,0,0,0,15,5,0,0,356,2026-03-11T08:58:38Z,,
ex16-30,019bff7c-4504-758b-a7c9-202b642cee4b,Glalie,Hidden Legends,1.33,6.6,225,41,184,2,4,1,49.4,True,hidden-legends,34/101,Reverse_Holofoil,Uncommon,https://cdn.poketrace.com/cards/58de645fadd8aa08.webp,2.24,88,6.336,6.336,0,6.1,True,115.35,2,0,0,39.99,10,0,0,225,2026-03-11T08:58:38Z,,
xy0-11,019bff7f-e2b8-7168-a03e-42e30894b192,Panpour,Next Destinies,1.11,0.9,93,6,87,2,3.3,1,49.4,True,next-destinies,28/99,Reverse_Holofoil,Common,https://cdn.poketrace.com/cards/885731acd75e72b1.webp,0.53,66,0.87,0.87,0,2.2,True,0,0,0,0,0,0,0,0,92,2026-03-11T08:58:38Z,,
xyp-XY36,019bff83-863e-704c-9304-e86235008b47,Treecko,Crystal Guardians,1.3,17.26,333,81,252,2,4.2,1,49.4,True,crystal-guardians,67/100,Reverse_Holofoil,Common,https://cdn.poketrace.com/cards/36ea4f6a346fd755.webp,10.04,78,16.538,16.538,0,5.6,True,169.95,6,117.34667,117.34667,75,26,0,0,333,2026-03-11T08:58:38Z,,
tk-xy-n-20,019bff85-5451-72b5-b2aa-ffce616a2a27,Furfrou,XY - Flashfire,2.08,0.73,163,16,147,2,3.6,1,49.4,True,xy-flashfire,87/106,Reverse_Holofoil,Uncommon,https://cdn.poketrace.com/cards/9b01f53a964b76b2.webp,0.53,117,0.704,0.704,0,15.7,False,0,0,0,0,0,0,0,0,163,2026-03-11T08:58:38Z,,
bw5-93,019c3ac3-ec6f-71ad-827f-bb75b026e5ca,Dark Patch,SWSH10: Astral Radiance,2.36,0.23,4504,22,4482,2,20.9,1,49.4,True,swsh10-astral-radiance,139/189,Normal,Uncommon,https://cdn.poketrace.com/cards/66eef6eecd8c5e23.webp,0.11,3853,0.182,0.182,0,18.4,True,0,0,0,0,0,0,0,0,4504,2026-03-11T08:58:38Z,,
ex1-15,019bff78-a647-717f-a4e4-88d835837312,Blaziken,Ruby and Sapphire,2.32,30.38,241,63,178,2,4.2,1,49.4,True,ruby-and-sapphire,15/109,Reverse_Holofoil,Rare,https://cdn.poketrace.com/cards/6551c220bbad9938.webp,21.63,95,29.106,29.106,0,18.1,True,420,1,109.42857,120.75,76,17,44.82143,47.766666,241,2026-03-11T08:58:38Z,,
swsh4.5-SV007,019bffa1-0210-706e-b839-91621286c27d,Blipbug,SWSH11: Lost Origin,1.93,0.28,1005,11,994,2,7.1,1,49.4,True,swsh11-lost-origin,018/196,Reverse_Holofoil,Common,https://cdn.poketrace.com/cards/2d3a98aac94c4b0e.webp,0.21,762,0.26,0.26,0,14.1,False,0,0,0,0,0,0,0,0,1005,2026-03-11T08:58:38Z,,
ex9-35,019bff7e-1600-7088-8281-3c978d36876a,Loudred,Crystal Guardians,1.89,10.86,170,47,123,2,3.9,1,49.4,True,crystal-guardians,23/100,Reverse_Holofoil,Rare,https://cdn.poketrace.com/cards/eb2ca83684e3d46f.webp,4.65,38,10.44,10.44,0,13.7,True,500,6,119.87857,113.89375,59.99,17,40.232857,32.095,170,2026-03-11T08:58:38Z,,
sv09-160,019bff95-4415-71ab-8e60-c45cdb0bb7b6,Maractus,SWSH01: Sword & Shield Base Set,1.66,0.24,329,8,321,2,4.2,1,49.4,True,swsh01-sword-and-shield-base-set,007/202,Reverse_Holofoil,Common,https://cdn.poketrace.com/cards/c5859156dc434ba4.webp,0.19,291,0.23,0.23,0,10.9,False,0,0,0,0,0,0,0,0,329,2026-03-11T08:58:38Z,,
hgss4-9,019bff82-9f83-70dd-a44e-9f39fb32156b,Solrock,Legend Maker,2.07,17.71,153,54,99,2,3.6,1,49.4,True,legend-maker,25/92,Reverse_Holofoil,Rare,https://cdn.poketrace.com/cards/7ecfef5811e355ac.webp,14.47,38,17.076,17.076,0,15.6,True,600,6,0,0,85,17,0,0,153,2026-03-11T08:58:38Z,,
tk-xy-n-12,019bff93-f259-713f-b4a0-32ec5f4105cd,Noibat,Hidden Fates: Shiny Vault,1.35,3.65,784,131,653,2,6.1,1,49.4,True,hidden-fates-shiny-vault,SV43/SV94,Holofoil,Shiny Holo Rare,https://cdn.poketrace.com/cards/c064d5756b9fbef6.webp,2.53,646,3.426,3.426,0,6.4,True,25,31,29.5,29.5,9.76,26,10.784286,10.624583,784,2026-03-11T08:58:38Z,,
gym2-57,019bff81-ba59-7208-a499-7dbf38aa505f,Sabrina's Jynx,Gym Challenge,2.35,2.23,790,12,778,2,6.3,1,49.4,True,gym-challenge,057/132,Unlimited,Uncommon,https://cdn.poketrace.com/cards/442cf8d780c5e1aa.webp,1.46,239,2.09,2.09,0,18.3,True,0,0,0,0,0,0,0,0,790,2026-03-11T08:58:38Z,,
swshp-SWSH040,019bff99-7af1-7262-a092-66afd795b875,Hatenna,Shining Fates: Shiny Vault,1.01,2.5,754,94,660,2,6.2,1,49.4,True,shining-fates-shiny-vault,SV054/SV122,Holofoil,Shiny Holo Rare,https://cdn.poketrace.com/cards/16fc69bb0421242c.webp,1.72,575,2.346,2.346,0,0.2,True,25,28,0,0,30,6,0,0,711,2026-03-11T08:58:38Z,,
ex4-26,019c3ac3-ec68-7410-8be2-66922ad67649,Team Aqua's Corphish,Team Magma vs Team Aqua,1.39,0.84,198,17,181,2,3.8,1,49.4,True,team-magma-vs-team-aqua,50/95,Normal,Common,https://cdn.poketrace.com/cards/60501477f990f5e2.webp,0.58,102,0.808,0.808,0,7.1,True,38.02,1,0,0,0,0,0,0,198,2026-03-11T08:58:38Z,,
hgss1-59,019bff79-8e10-76e9-bb0c-3da7f29532ce,Chikorita,Unseen Forces,1.97,22.4,242,126,116,2,3.8,1,49.4,True,unseen-forces,51/115,Reverse_Holofoil,Common,https://cdn.poketrace.com/cards/ff356ad70b02c724.webp,16.7,63,21.554,21.554,0,14.5,True,1249.99,15,0,0,49.99,13,43.495003,43.495003,242,2026-03-11T08:58:38Z,,
sm9-85,019bff8a-a5c0-76a9-86a4-14867f29a8ff,Tyranitar,XY - Fates Collide,2.12,1.31,351,40,311,2,4.6,1,49.4,True,xy-fates-collide,56/124,Reverse_Holofoil,Holo Rare,https://cdn.poketrace.com/cards/26e0bc871b9ed04e.webp,0.68,187,1.25,1.25,0,16.1,True,199.99,6,0,0,26,7,0,0,351,2026-03-11T08:58:38Z,,
ex4-56,019c3ac3-ec68-7410-8be2-b71707340261,Team Aqua's Spheal,Team Magma vs Team Aqua,1.49,1.49,477,14,463,2,5,1,49.4,True,team-magma-vs-team-aqua,56/95,Normal,Common,https://cdn.poketrace.com/cards/146a7a5ab2d26803.webp,0.82,199,1.416,1.416,0,8.6,True,51.19,1,0,0,0,0,0,0,477,2026-03-11T08:58:38Z,,
sm1-15,019bff8b-8e10-7797-baf9-2cc1d659cd63,Lurantis GX,SM Base Set,1.36,1.39,1415,103,1312,2,8.8,1,49.4,True,sm-base-set,15/149,Holofoil,Ultra Rare,https://cdn.poketrace.com/cards/d7c1839dd63540da.webp,1.09,900,1.268,1.268,0,6.6,True,50,29,0,0,25,19,18.005001,18.005001,1415,2026-03-11T08:58:38Z,,
sm3-39,019bff8c-7244-7168-b577-805edbda54a4,Tapu Fini GX,SM - Burning Shadows,2.13,2.13,908,89,819,2,7.2,1,49.3,True,sm-burning-shadows,39/147,Holofoil,Ultra Rare,https://cdn.poketrace.com/cards/133187e5e89f91b2.webp,1.72,539,1.976,1.976,0,16.2,True,23.5,20,25.427143,24.81842,15.5,20,16.462856,14.663684,908,2026-03-11T08:58:38Z,,
sm2-47,019bff8c-7243-760b-b38f-1eba352d37b9,Tapu Koko GX,SM - Guardians Rising,1.75,1.73,771,64,707,2,6.4,1,49.3,True,sm-guardians-rising,47/145,Holofoil,Ultra Rare,https://cdn.poketrace.com/cards/9439f89051e8fb67.webp,1.41,533,1.62,1.62,0,12,True,35,19,26.977142,25.407778,17,17,11.687143,13.256333,771,2026-03-11T08:58:38Z,,
swsh11-190,019c3ac3-ec70-77fb-8935-111125c9ab8d,Colress's Experiment,SWSH11: Lost Origin,1.52,0.13,2168,16,2152,2,12.3,1,49.3,True,swsh11-lost-origin,155/196,Normal,Uncommon,https://cdn.poketrace.com/cards/0a3f6b2b85092e31.webp,0.15,1780,0.114,0.114,0,9,True,0,0,0,0,5,1,0,0,2168,2026-03-11T08:58:38Z,,
swsh7-21,019bff9a-8592-77ae-8865-a401b385d972,Volcarona V,SWSH07: Evolving Skies,1.16,1.14,2497,61,2436,2,13.3,1,49.3,True,swsh07-evolving-skies,021/203,Holofoil,Ultra Rare,https://cdn.poketrace.com/cards/7fdef389837d0498.webp,0.91,2160,0.988,0.988,0,3.2,True,10.5,6,27.296001,27.296001,0,0,0,0,2497,2026-03-11T08:58:38Z,,
swsh4.5-SV064,019bff99-7af1-7262-a092-a07a9426640b,Galarian Sirfetch'd,Shining Fates: Shiny Vault,1.48,1.07,1352,125,1227,2,9,1,49.3,True,shining-fates-shiny-vault,SV064/SV122,Holofoil,Shiny Holo Rare,https://cdn.poketrace.com/cards/de5c9e92c2d404be.webp,1.23,1086,1.166,1.166,0,8.4,True,42.95,30,0,0,24,23,24.375,24.375,1352,2026-03-11T08:58:38Z,,
swsh4.5-71,019c3ac3-ec6e-7325-9cdf-da534157d87b,Rose,SWSH03: Darkness Ablaze,1.41,0.11,469,8,461,2,5.5,1,49.3,True,swsh03-darkness-ablaze,168/189,Normal,Uncommon,https://cdn.poketrace.com/cards/7fb436a7418e2637.webp,0.08,409,0.104,0.104,0,7.4,True,28.28,1,0,0,0,0,0,0,469,2026-03-11T08:58:38Z,,
ex5-17,019bff8d-8220-71c8-9391-a7b8e5db9b0f,Chimecho,SM - Crimson Invasion,1.27,0.26,296,11,285,2,4.6,1,49.3,True,sm-crimson-invasion,43/111,Reverse_Holofoil,Common,https://cdn.poketrace.com/cards/75d9ef2855d0a6c4.webp,0.27,231,0.248,0.248,0,5.1,True,0,0,0,0,5,1,0,0,296,2026-03-11T08:58:38Z,,
pl3-14,019bff84-6f78-703d-b07f-ab724af7844c,Yanmega,Dragons Exalted,1.28,0.77,108,10,98,2,3.9,1,49.3,True,dragons-exalted,5/124,Reverse_Holofoil,Rare,https://cdn.poketrace.com/cards/c9bcb7ae213d3420.webp,0.5,69,0.74,0.74,0,5.3,False,0,0,0,0,0,0,0,0,108,2026-03-11T08:58:38Z,,
gym2-47,019bff7d-2e12-77f0-9b56-308829f3ebb9,Koga's Kakuna,Gym Challenge,2.36,2.4,807,2,805,2,6.9,1,49.3,True,gym-challenge,047/132,Unlimited,Uncommon,https://cdn.poketrace.com/cards/d0b1fe3902a69fcd.webp,1.31,274,2.234,2.234,0,18.4,False,0,0,0,0,0,0,0,0,807,2026-03-11T08:58:38Z,,
swsh5-182,019c3ac3-ec6e-7325-9ce6-7f6a0eae7456,Rapid Strike Energy,SWSH05: Battle Styles,2.43,0.1,674,16,658,2,6,1,49.3,True,swsh05-battle-styles,140/163,Normal,Uncommon,https://cdn.poketrace.com/cards/acc8a191d743bb22.webp,0.09,530,0.094,0.094,0,19,True,0,0,0,0,0,0,0,0,674,2026-03-11T08:58:38Z,,
ecard1-140,019bff7b-60a5-76b8-99e0-0f7582460085,Energy Removal 2,Expedition,1.47,7.63,147,26,121,2,4.1,1,49.3,True,expedition,140/165,Reverse_Holofoil,Uncommon,https://cdn.poketrace.com/cards/e79506441bfa70d3.webp,3.57,87,7.318,7.318,0,8.2,True,195,4,0,0,8.5,5,32.698,32.698,147,2026-03-11T08:58:38Z,,
sv04.5-177,019c3ac3-ec70-77fb-893f-38f55876eb3e,Naclstack,SV02: Paldea Evolved,2.13,0.07,1337,13,1324,2,8.6,1,49.3,True,sv02-paldea-evolved,122/193,Normal,Uncommon,https://cdn.poketrace.com/cards/6e7d5aae33222c9e.webp,0.06,1199,0.076,0.076,0,16.2,False,0,0,0,0,0,0,0,0,1337,2026-03-11T08:58:38Z,,
swsh4.5-SV083,019bffb5-343b-77b4-8f24-8edcdab4b81d,Impidimp,SV07: Stellar Crown,2.42,0.19,1178,16,1162,2,8.4,1,49.3,True,sv07-stellar-crown,094/142,Reverse_Holofoil,Common,https://cdn.poketrace.com/cards/890d075e67c33fe5.webp,0.15,1107,0.174,0.174,0,18.9,False,0,0,0,0,0,0,0,0,1178,2026-03-11T08:58:38Z,,
g1-RC2,019bff81-ba5b-72b4-ae78-618d28368d0f,Shroomish,Emerald,1.83,13.15,145,33,112,2,4.3,1,49.3,True,emerald,63/106,Reverse_Holofoil,Common,https://cdn.poketrace.com/cards/f73f5d4072a63b64.webp,9.28,58,12.578,12.578,0,12.9,True,68.87,2,47.75,47.75,62.5,7,0,0,145,2026-03-11T08:58:38Z,,
swsh12-215,019c3ac3-ec70-77fb-8937-8dbb2e8ed6e2,V Guard Energy,SWSH12: Silver Tempest,1.82,0.05,1144,22,1122,2,8,1,49.3,True,swsh12-silver-tempest,169/195,Normal,Uncommon,https://cdn.poketrace.com/cards/b8a9d3b7ee92fd4a.webp,0.11,964,0.054,0.054,0,12.8,False,0,0,0,0,0,0,0,0,1144,2026-03-11T08:58:38Z,,
swshp-SWSH148,019bff9a-8592-77ae-8866-131e780504d0,Noivern V,SWSH07: Evolving Skies,1.05,0.68,2802,83,2719,2,14.7,1,49.3,True,swsh07-evolving-skies,117/203,Holofoil,Ultra Rare,https://cdn.poketrace.com/cards/449a15b89037daeb.webp,0.76,2445,0.78,0.78,0,1,True,39.99,15,32.26143,29.504286,9.5,5,7.475,7.475,2759,2026-03-11T08:58:38Z,,
swsh4.5-SV069,019bffae-2203-70ab-b8cd-4553645892da,Coalossal,SV05: Temporal Forces,2.22,0.16,828,10,818,2,7.5,1,49.2,True,sv05-temporal-forces,095/162,Reverse_Holofoil,Uncommon,https://cdn.poketrace.com/cards/08b91ce1d896a9f1.webp,0.16,755,0.148,0.148,0,17,False,0,0,0,0,0,0,0,0,828,2026-03-11T08:58:38Z,,
bw10-27,019bffb5-343b-77b4-8f23-a9a78dacec7c,Tirtouga,SV07: Stellar Crown,1.14,0.2,984,12,972,2,8,1,49.2,True,sv07-stellar-crown,037/142,Reverse_Holofoil,Common,https://cdn.poketrace.com/cards/cf753c75bb9036d9.webp,0.19,920,0.184,0.184,0,2.8,True,29.98,1,0,0,0,0,0,0,984,2026-03-11T08:58:38Z,,
xy8-111,019bff7c-4505-7332-a33a-796acc84247c,Haxorus,Dragon Vault,1.52,3.83,316,35,281,2,5,1,49.2,True,dragon-vault,16/20,Holofoil,Holo Rare,https://cdn.poketrace.com/cards/88dc367c5655119d.webp,2.39,150,3.64,3.64,0,8.9,True,0,0,0,0,10.5,9,20.567142,20.567142,316,2026-03-11T08:58:38Z,,
swsh11-172,019bffa1-0211-748e-aa97-bbb4c37b840a,Hisuian Electrode V,SWSH11: Lost Origin,2.18,2.2,1326,109,1217,2,9.1,1,49.2,True,swsh11-lost-origin,172/196,Holofoil,Ultra Rare,https://cdn.poketrace.com/cards/bd202344b8e7a44b.webp,1.82,1100,2,2,0,16.7,True,30,24,35,35,8.5,14,11.287143,11.768461,1326,2026-03-11T08:58:38Z,,
me02-107,019bff8a-a5c1-7149-81db-33a3203e2312,Ambipom,XY - Steam Siege,1.64,0.31,142,15,127,2,4.5,1,49.2,True,xy-steam-siege,91/114,Reverse_Holofoil,Uncommon,https://cdn.poketrace.com/cards/3f0f51a81e811222.webp,0.36,88,0.296,0.296,0,10.6,True,0,0,0,0,5.5,1,0,0,142,2026-03-11T08:58:38Z,,
sm6-62,019bff7b-60a8-766b-9d0c-2e4e2e11bde5,Garchomp,Legendary Treasures,2.48,7.04,164,18,146,2,4.6,1,49.2,True,legendary-treasures,96/113,Reverse_Holofoil,Holo Rare,https://cdn.poketrace.com/cards/007a7cc4a465efda.webp,4.7,81,6.718,6.718,0,19.4,True,0,0,0,0,6.5,3,36.821667,36.821667,164,2026-03-11T08:58:38Z,,
swsh4.5-SV049,019c3ac3-ec6f-71ad-827a-74f723b35938,Galarian Corsola,SWSH08: Fusion Strike,2.24,0.12,742,9,733,2,6.7,1,49.2,True,swsh08-fusion-strike,117/264,Normal,Common,https://cdn.poketrace.com/cards/b97341ddc8043439.webp,0.08,607,0.128,0.128,0,17.2,False,0,0,0,0,0,0,0,0,742,2026-03-11T08:58:38Z,,
ecard1-108,019bff77-befb-757f-890d-04ff3bbd444b,Ekans,Fossil,2.44,0.37,5111,145,4966,2,24.3,1,49.2,True,fossil,46/62,Unlimited,Common,https://cdn.poketrace.com/cards/c661c2f341a4d721.webp,0.21,1209,0.46,0.46,0,19.1,True,79.97,26,0,0,19.5,23,0,0,5111,2026-03-11T08:58:38Z,,
xy4-86,019bff8d-8220-71c8-9392-4574fffa9159,Regigigas,SM - Crimson Invasion,1.09,0.49,226,21,205,2,4.9,1,49.2,True,sm-crimson-invasion,84/111,Reverse_Holofoil,Holo Rare,https://cdn.poketrace.com/cards/c1fc6cec697f7562.webp,0.42,139,0.466,0.466,0,1.8,True,64.95,1,59.99,59.99,20.87,4,15.347143,14.674545,217,2026-03-11T08:58:38Z,,
pl2-36,019bff84-6f79-7196-a6a4-28af14b2a34c,Walrein,XY - Flashfire,1.71,1,183,18,165,2,4.6,1,49.2,True,xy-flashfire,26/106,Reverse_Holofoil,Rare,https://cdn.poketrace.com/cards/1733e4ba3cc99544.webp,0.75,138,0.954,0.954,0,11.5,True,99.99,1,0,0,12.5,1,11,11,183,2026-03-11T08:58:38Z,,
swsh6-228,019bff9a-8591-73eb-bed4-b467628ad78d,Rugged Helmet,SWSH06: Chilling Reign,2.26,0.16,246,7,239,2,5,1,49.2,True,swsh06-chilling-reign,152/198,Reverse_Holofoil,Uncommon,https://cdn.poketrace.com/cards/eea935d28bf52428.webp,0.1,204,0.152,0.152,0,17.4,False,0,0,0,0,0,0,0,0,246,2026-03-11T08:58:38Z,,
svp-210,019bff98-542b-72cb-a940-4beca621754f,Tornadus,SWSH04: Vivid Voltage,1.21,0.3,350,21,329,2,5.3,1,49.2,True,swsh04-vivid-voltage,142/185,Reverse_Holofoil,Holo Rare,https://cdn.poketrace.com/cards/fef098a4fa7b90fc.webp,0.21,300,0.284,0.284,0,4.1,True,4.25,2,0,0,3.25,3,6.548,6.548,350,2026-03-11T08:58:38Z,,
swshp-SWSH228,019bff9f-d1f8-711e-a21d-821c0a2a96ef,Candela,Pokemon GO,2.15,0.21,631,25,606,2,6.7,1,49.2,True,pokemon-go,065/078,Reverse_Holofoil,Uncommon,https://cdn.poketrace.com/cards/ec27a44301d7be0f.webp,0.27,509,0.196,0.196,0,16.4,True,0,0,0,0,0,0,0,0,631,2026-03-11T08:58:38Z,,
ex7-23,019bff7d-2e14-7575-b737-05ac2ae6c06a,Ledian,Neo Genesis,2.31,1.52,736,20,716,2,7.5,1,49.1,True,neo-genesis,039/111,Unlimited,Uncommon,https://cdn.poketrace.com/cards/4d155b88157037c6.webp,0.87,164,1.406,1.406,0,17.9,True,29,1,0,0,12.99,3,0,0,736,2026-03-11T08:58:38Z,,
gym2-123,019bff84-6f77-773f-980a-51eec55fe357,Viridian City Gym,Gym Challenge,1.94,1.1,582,22,560,2,6.7,1,49.1,True,gym-challenge,123/132,Unlimited,Uncommon,https://cdn.poketrace.com/cards/57693d782e8098fd.webp,1.68,205,1.026,1.026,0,14.1,True,13.5,2,0,0,10.26,1,0,0,582,2026-03-11T08:58:38Z,,
swsh10-183,019c3ac3-ec6f-71ad-827f-b57f581de0a4,Cyllene,SWSH10: Astral Radiance,1.84,0.16,1039,15,1024,2,8.8,1,49.1,True,swsh10-astral-radiance,138/189,Normal,Uncommon,https://cdn.poketrace.com/cards/052a8dbc361fb3ed.webp,0.07,906,0.146,0.146,0,13,False,0,0,0,0,0,0,0,0,1039,2026-03-11T08:58:38Z,,
swsh3.5-22,019bff98-5429-740e-8c1c-ae17104dc38c,Alcremie V,Champion's Path,1.53,1.53,2284,137,2147,2,13.7,1,49.1,True,champions-path,22/73,Holofoil,Ultra Rare,https://cdn.poketrace.com/cards/c0a0425e70c200c4.webp,1.25,2033,1.74,1.74,0,9.1,True,30,29,0,0,18,21,9.741428,10.8395,2284,2026-03-11T08:58:38Z,,
dv1-12,019bff9d-c5dd-752a-bcc4-247a4c5637fb,Axew,SWSH09: Brilliant Stars,1.53,0.21,535,20,515,2,6.7,1,49.1,True,swsh09-brilliant-stars,110/172,Reverse_Holofoil,Common,https://cdn.poketrace.com/cards/d8197fa7d1ad39b6.webp,0.16,425,0.196,0.196,0,9.1,True,29.64,1,0,0,0,0,0,0,535,2026-03-11T08:58:38Z,,
ex8-56,019bff78-a648-7332-9aa6-12506c97300b,Carvanha,Ruby and Sapphire,1.22,8.75,149,34,115,2,5.2,1,49.1,True,ruby-and-sapphire,51/109,Reverse_Holofoil,Common,https://cdn.poketrace.com/cards/fd2228103d8e0b99.webp,4.04,36,8.294,8.294,0,4.2,True,163.95,2,0,0,65,12,0,0,149,2026-03-11T08:58:38Z,,
bw8-86,019bff84-6f79-7196-a6a4-a94be75fe675,Scrafty,XY - Flashfire,1.33,1.01,166,12,154,2,5,1,49.1,True,xy-flashfire,59/106,Reverse_Holofoil,Rare,https://cdn.poketrace.com/cards/1e1f9ff609fc9bd2.webp,0.5,119,0.96,0.96,0,6.1,True,0,0,0,0,7.5,1,0,0,166,2026-03-11T08:58:38Z,,
sm6-77,019bff90-0db3-7328-a5c6-e98572eb1a8d,Buzzwole,League & Championship Cards,1.94,1.04,771,5,766,2,7.5,3,49.1,True,league-and-championship-cards,077/131,Reverse_Holofoil,Promo,https://cdn.poketrace.com/cards/f0ceecc0bccd9377.webp,0.8,425,0.9625,0.9625,0,14.1,True,0,0,0,0,0,0,0,0,771,2026-03-11T08:58:38Z,,
gym1-51,019bff7e-1600-7088-8281-92c4d8573ffa,Lt. Surge's Raticate,Gym Heroes,1.46,1.27,917,1,916,2,7.9,1,49.1,True,gym-heroes,051/132,Unlimited,Uncommon,https://cdn.poketrace.com/cards/d1b69edf64a12f1b.webp,0.97,255,1.17,1.17,0,8.1,False,0,0,0,0,0,0,0,0,917,2026-03-11T08:58:38Z,,
pop1-12,019bff7e-fc50-71f0-aee2-693b0b884e14,Minun,POP Series 1,1.41,1.41,426,53,373,2,6.5,1,49,True,pop-series-1,012/017,Normal,Common,https://cdn.poketrace.com/cards/72b68ad002ef3ff3.webp,1.06,294,1.318,1.318,0,7.3,True,23.5,4,38.833332,38.833332,31,6,0,0,426,2026-03-11T08:58:38Z,,
sm2-115,019bff8c-7244-7168-b573-1d8d70c964c9,Drampa GX,SM - Guardians Rising,1.92,1.92,772,68,704,2,7.9,1,49,True,sm-guardians-rising,115/145,Holofoil,Ultra Rare,https://cdn.poketrace.com/cards/ab9a5a0e91406b0e.webp,1.33,480,1.768,1.768,0,13.9,True,40,31,0,0,15.5,8,0,0,772,2026-03-11T08:58:38Z,,
ecard2-132,019bff80-d350-706b-9566-4050fa5f63d6,Psychic Cube 01,Aquapolis,2.19,3.13,93,31,62,2,5.2,1,49,True,aquapolis,132/147,Reverse_Holofoil,Uncommon,https://cdn.poketrace.com/cards/24b60659eebfac2d.webp,2.73,42,2.966,2.966,0,16.7,True,0,0,0,0,15.5,7,20.1,20.1,93,2026-03-11T08:58:38Z,,
swsh4.5-SV020,019bffa4-08c2-73d1-9af8-d9075b93ff44,Galarian Mr. Mime,Crown Zenith,2.42,0.36,1063,23,1040,2,9.4,1,49,True,crown-zenith,030/159,Reverse_Holofoil,Common,https://cdn.poketrace.com/cards/8eb72c367a915348.webp,0.27,894,0.326,0.326,0,18.8,False,0,0,0,0,0,0,0,0,1063,2026-03-11T08:58:38Z,,
xy0-6,019bff82-9f82-7738-a2cc-89a6c8ba656c,Slugma,Neo Revelation,1.14,0.59,1333,1,1332,2,10.2,1,49,True,neo-revelation,53/64,Unlimited,Common,https://cdn.poketrace.com/cards/5271cd4d13afe4ce.webp,0.5,304,0.53,0.53,0,2.8,False,0,0,0,0,0,0,0,0,1333,2026-03-11T08:58:38Z,,
bw8-61,019bff89-bc5b-7666-8b1b-054f7faebfb3,Gallade,XY - BREAKthrough,2.27,1.04,152,16,136,2,5.8,1,49,True,xy-breakthrough,84/162,Reverse_Holofoil,Holo Rare,https://cdn.poketrace.com/cards/f5600109f8851b64.webp,0.72,78,1.1,1.1,0,17.4,True,44.95,1,0,0,0,0,0,0,152,2026-03-11T08:58:38Z,,
xy6-33,019bff7a-78f4-707a-bf6e-43b42e21123f,Deoxys,Call of Legends,2.18,14.64,125,41,84,2,5.3,1,49,True,call-of-legends,2/95,Reverse_Holofoil,Holo Rare,https://cdn.poketrace.com/cards/01166c6fbb0accc3.webp,11.95,38,13.868,13.868,0,16.6,True,0,0,0,0,44.44,7,0,0,125,2026-03-11T08:58:38Z,,
swsh3.5-80,019c3ac3-ec6e-7325-9ce2-64f2a74230d7,Suspicious Food Tin,Champion's Path,1.67,0.08,622,8,614,2,7.5,1,49,True,champions-path,66/73,Normal,Uncommon,https://cdn.poketrace.com/cards/12d3fe75595b246d.webp,0.06,429,0.086,0.086,0,10.9,True,49.75,1,0,0,10.99,1,0,0,622,2026-03-11T08:58:38Z,,
ecard1-142,019c3ac3-ec66-706d-a4a8-83431b997224,Mary's Impulse,Expedition,1.9,1.9,236,45,191,2,6,1,49,True,expedition,142/165,Normal,Uncommon,https://cdn.poketrace.com/cards/f12634a5b6b396b4.webp,1.74,93,1.786,1.786,0,13.7,True,32,4,0,0,19.99,4,0,0,236,2026-03-11T08:58:38Z,,
xyp-XY199,019bff8c-7243-760b-b38e-0827cb7e5690,Camerupt Spirit Link,XY Promos,1.92,0.71,290,14,276,2,5.9,1,49,True,xy-promos,XY199,Normal,Promo,https://cdn.poketrace.com/cards/048658a06a144146.webp,0.64,241,0.668,0.668,0,13.9,True,0,0,0,0,4.75,1,0,0,290,2026-03-11T08:58:38Z,,
me02.5-255,019bfff3-a74c-77ad-af0d-cabb09e66690,Black Belt's Training,SV: Prismatic Evolutions,2.52,0.32,2426,10,2416,2,15,1,48.9,True,sv-prismatic-evolutions,096/131,Holofoil,Common,https://cdn.poketrace.com/cards/df578414702c83c8.webp,0.29,2296,0.272,0.272,0,19.6,True,0,0,0,0,9,1,0,0,2426,2026-03-11T08:58:38Z,,
gym1-40,019bff78-a648-7332-9aa3-e4dcef04c73c,Brock's Graveler,Gym Heroes,1.46,1.64,814,5,809,2,8.5,1,48.9,True,gym-heroes,040/132,Unlimited,Uncommon,https://cdn.poketrace.com/cards/7bdac33129dceaf5.webp,0.94,204,1.5,1.5,0,8,False,0,0,0,0,0,0,0,0,814,2026-03-11T08:58:38Z,,
dp7-40,019bff77-bef9-75ac-b16b-37bdc39f8170,Haunter,Base Set,1.81,3.04,4313,193,4120,2,22.7,1,48.9,True,base-set,029/102,Normal,Uncommon,https://cdn.poketrace.com/cards/ab375cbc4f770d4a.webp,1.01,1003,2.35,2.35,0,12.6,True,152.5,31,171.25,171.25,38,29,41.940002,41.940002,4313,2026-03-11T08:58:38Z,,
ex11-104,019c3ac3-ec66-706d-a49a-85a06b40e2e6,Holon Energy FF,Delta Species,1.29,1.29,120,24,96,2,6.2,1,48.9,True,delta-species,104/113,Normal,Rare,https://cdn.poketrace.com/cards/541e9ba1d17b4692.webp,1.28,41,1.37,1.37,0,5.4,True,22.5,1,0,0,40,1,0,0,120,2026-03-11T08:58:38Z,,
tk-xy-w-21,019bff8b-8e0e-7604-a50a-22cb5b0bee21,Fairy Energy,XY - Evolutions,2.55,3.17,757,66,691,2,8.6,1,48.9,True,xy-evolutions,99/108,Reverse_Holofoil,Common,https://cdn.poketrace.com/cards/10c364670207cd95.webp,2.14,416,2.898,2.898,0,19.9,True,30,7,90.098,90.098,10,28,11.715714,11.911897,757,2026-03-11T08:58:38Z,,
base5-77,019bff7e-fc52-72c9-aaa4-caa63b660d6e,Nightly Garbage Run,Team Rocket,1.47,1.63,1514,27,1487,2,11.3,1,48.9,True,team-rocket,77/82,Unlimited,Uncommon,https://cdn.poketrace.com/cards/2fa5085938e3910a.webp,1.17,330,1.446,1.446,0,8.2,True,69.99,3,0,0,19.99,3,0,0,1514,2026-03-11T08:58:38Z,,
sm12-16,019bff9a-858a-738a-a03c-503b22f6dbff,Sawsbuck,SWSH06: Chilling Reign,1.38,0.22,581,21,560,2,8.2,1,48.8,True,swsh06-chilling-reign,012/198,Reverse_Holofoil,Rare,https://cdn.poketrace.com/cards/c177a7a416df8f19.webp,0.26,453,0.202,0.202,0,6.8,False,0,0,0,0,0,0,0,0,581,2026-03-11T08:58:38Z,,
swsh3.5-13,019bff97-5468-75b8-868f-94db8cac2035,Wailord V,Champion's Path,1.26,1.26,1854,120,1734,2,13.2,1,48.8,True,champions-path,013/073,Holofoil,Ultra Rare,https://cdn.poketrace.com/cards/fe585fbf4c245e4f.webp,1.22,1566,1.426,1.426,0,4.9,True,45,32,0,0,6,23,0,0,1854,2026-03-11T08:58:38Z,,
ex1-25,019bff78-a646-72eb-8307-5cd664f790f3,Aron,Legend Maker,2.53,12.95,209,58,151,2,6.9,1,48.8,True,legend-maker,48/92,Reverse_Holofoil,Common,https://cdn.poketrace.com/cards/d5e4731fefd8c41b.webp,8.63,79,12.056,12.056,0,19.7,True,325,5,130.74858,116.89,75,13,33.602856,37.421562,209,2026-03-11T08:58:38Z,,
sm8-167,019bff90-f394-72bf-a497-6e7776784b37,Adventure Bag,SM - Lost Thunder,1.9,3.28,288,7,281,2,7.1,1,48.8,True,sm-lost-thunder,167/214,Reverse_Holofoil,Uncommon,https://cdn.poketrace.com/cards/e32eb73865925dd6.webp,2.29,214,3.048,3.048,0,13.6,False,0,0,0,0,0,0,0,0,288,2026-03-11T08:58:38Z,,
swsh8-262,019c3ac3-ec6f-71ad-8279-284da9f4ace0,Schoolgirl,SWSH08: Fusion Strike,1.65,0.07,607,9,598,2,8.6,1,48.8,True,swsh08-fusion-strike,239/264,Normal,Uncommon,https://cdn.poketrace.com/cards/0d041d21e7cea905.webp,0.11,480,0.064,0.064,0,10.6,False,0,0,0,0,0,0,0,0,607,2026-03-11T08:58:38Z,,
ex5-20,019bff7e-fc4e-7689-a93c-ac5789df3c86,Masquerain,Mysterious Treasures,1.05,2.24,136,24,112,2,7,1,48.7,True,mysterious-treasures,55/123,Reverse_Holofoil,Uncommon,https://cdn.poketrace.com/cards/8220ba2db38d7b39.webp,0.67,61,2.396,2.396,0,1,True,0,0,0,0,0,0,0,0,126,2026-03-11T08:58:38Z,,
swsh4.5-67,019bff98-542a-729b-9794-e084ff18bff5,Cara Liss,SWSH04: Vivid Voltage,1.35,0.16,247,14,233,2,7.5,1,48.7,True,swsh04-vivid-voltage,149/185,Reverse_Holofoil,Uncommon,https://cdn.poketrace.com/cards/a91fcea6d2b21ee5.webp,0.23,198,0.148,0.148,0,6.3,True,19.99,1,0,0,10,3,0,0,247,2026-03-11T08:58:38Z,,
me02.5-260,019bfff1-0ac7-70ee-b9dc-1680d515b993,Glass Trumpet,SV: Prismatic Evolutions,1.29,0.17,1345,22,1323,2,11.8,1,48.7,True,sv-prismatic-evolutions,110/131,Reverse_Holofoil,Uncommon,https://cdn.poketrace.com/cards/4f981ae09bf636ea.webp,0.24,1196,0.19,0.19,0,5.4,False,0,0,0,0,0,0,0,0,1345,2026-03-11T08:58:38Z,,
hgss2-14,019bff85-5458-73eb-811a-e457a13f9de7,Crobat,XY - Phantom Forces,1.12,1.93,207,24,183,2,7.2,1,48.7,True,xy-phantom-forces,33/119,Reverse_Holofoil,Rare,https://cdn.poketrace.com/cards/95a9819fbba464cd.webp,0.77,96,1.792,1.792,0,2.4,True,0,0,0,0,30,1,0,0,207,2026-03-11T08:58:38Z,,
hgss2-31,019bff7c-4505-7332-a338-c8d4c6711530,Grotle,Unleashed,1.28,3.99,135,16,119,2,6.8,1,48.7,True,unleashed,31/95,Reverse_Holofoil,Uncommon,https://cdn.poketrace.com/cards/15ca492f0274aef7.webp,1.16,77,3.72,3.72,0,5.2,True,0,0,0,0,14.99,1,0,0,135,2026-03-11T08:58:38Z,,
sv08-200,019bffa7-ed6e-7610-9c21-b8ef2e2ad43d,Bruxish,SV01: Scarlet & Violet Base Set,2.16,0.18,814,11,803,2,10,1,48.6,True,sv01-scarlet-and-violet-base-set,051/198,Reverse_Holofoil,Common,https://cdn.poketrace.com/cards/58a92ac85b650251.webp,0.16,734,0.162,0.162,0,16.3,False,0,0,0,0,0,0,0,0,814,2026-03-11T08:58:38Z,,
me01-141,019bffa7-ed6e-7610-9c21-b6f4b18a8fbd,Clawitzer,SV01: Scarlet & Violet Base Set,1.52,0.12,780,10,770,2,10,1,48.6,True,sv01-scarlet-and-violet-base-set,050/198,Reverse_Holofoil,Common,https://cdn.poketrace.com/cards/3e4857fe0ee956da.webp,0.15,677,0.108,0.108,0,8.8,False,0,0,0,0,0,0,0,0,780,2026-03-11T08:58:38Z,,
swsh4-202,019c3ac3-ec6e-7325-9ce3-b60a53cd2773,Memory Capsule,SWSH04: Vivid Voltage,2.07,0.12,753,11,742,2,10,1,48.6,True,swsh04-vivid-voltage,155/185,Normal,Uncommon,https://cdn.poketrace.com/cards/1680b31ae8df7a59.webp,0.09,515,0.108,0.108,0,15.4,True,22.05,1,0,0,0,0,0,0,753,2026-03-11T08:58:38Z,,
ex9-67,019bff82-9f84-7584-9777-22988c6522f6,Swablu,Deoxys,1.57,32.47,205,28,177,2,7.7,1,48.6,True,deoxys,79/107,Reverse_Holofoil,Common,https://cdn.poketrace.com/cards/0c3f2ee4a922057a.webp,16.78,84,34.96,34.96,0,9.5,True,230,3,0,0,22.5,1,0,0,205,2026-03-11T08:58:38Z,,
bw8-104,019bff92-de40-7086-ac3c-17070c8da0fd,Togekiss,SM - Unbroken Bonds,2.56,2.79,279,21,258,2,8,1,48.6,True,sm-unbroken-bonds,138/214,Reverse_Holofoil,Holo Rare,https://cdn.poketrace.com/cards/3bf30ca94d4b6879.webp,1.28,207,3.012,3.012,0,19.8,True,0,0,0,0,0,0,0,0,279,2026-03-11T08:58:38Z,,
ex8-91,019c3ac3-ec68-7410-8bdd-b84c228e9c07,Space Center,Deoxys,2.5,2.5,221,75,146,2,8.4,1,48.5,True,deoxys,91/107,Normal,Uncommon,https://cdn.poketrace.com/cards/3f925b0316706833.webp,1.05,64,2.29,2.29,0,19.3,True,17.49,1,0,0,40,12,0,0,221,2026-03-11T08:58:38Z,,
sm9-52,019bff9c-c081-7545-beec-09bc37ff495c,Zeraora,SWSH08: Fusion Strike,1.27,0.28,416,27,389,2,9.3,1,48.5,True,swsh08-fusion-strike,102/264,Reverse_Holofoil,Rare,https://cdn.poketrace.com/cards/51b05e4ddd5224d3.webp,0.2,349,0.254,0.254,0,5,False,0,0,0,0,0,0,0,0,416,2026-03-11T08:58:38Z,,
swsh4.5-17,019bff80-d352-765e-b970-114adf8640de,Reshiram,Next Destinies,1.62,2.83,197,18,179,2,8.3,1,48.5,True,next-destinies,21/99,Reverse_Holofoil,Rare,https://cdn.poketrace.com/cards/263a2515e5d98573.webp,1.35,127,3.066,3.066,0,10.2,True,399.99,1,0,0,29.99,1,0,0,197,2026-03-11T08:58:38Z,,
ex1-45,019bff81-ba5b-72b4-ae7a-294bd2f2006f,Slakoth,Mysterious Treasures,2.34,7.59,153,13,140,2,8.3,1,48.5,True,mysterious-treasures,99/123,Reverse_Holofoil,Common,https://cdn.poketrace.com/cards/7e9510ccc77e1a67.webp,3.11,92,6.958,6.958,0,17.9,True,0,0,0,0,0,0,0,0,153,2026-03-11T08:58:38Z,,
ex1-78,019bff84-6f78-703d-b07e-f41033b2b224,Wurmple,Legend Maker,1.06,9.54,230,56,174,2,8.2,1,48.5,True,legend-maker,70/92,Reverse_Holofoil,Common,https://cdn.poketrace.com/cards/b6681488097a9b3b.webp,3.48,73,8.762,8.762,0,1.2,True,155,7,0,0,51,17,0,0,187,2026-03-11T08:58:38Z,,
gym1-73,019bff78-a648-7332-9aa4-2e59d94f8241,Brock's Vulpix,Gym Heroes,1.38,2.16,1430,16,1414,2,13.1,1,48.5,True,gym-heroes,073/132,Unlimited,Common,https://cdn.poketrace.com/cards/925aa787191935c9.webp,0.82,431,2.442,2.442,0,6.8,True,0,0,0,0,16.24,1,0,0,1430,2026-03-11T08:58:38Z,,
swsh5-183,019c3ac3-ec6e-7325-9ce6-80c8a1fd9e36,Single Strike Energy,SWSH05: Battle Styles,2.45,0.12,611,17,594,2,10,1,48.5,True,swsh05-battle-styles,141/163,Normal,Uncommon,https://cdn.poketrace.com/cards/7b70acf8ce0e1284.webp,0.11,500,0.108,0.108,0,18.9,False,0,0,0,0,0,0,0,0,611,2026-03-11T08:58:38Z,,
sm1-100,019bff8b-8e11-77cf-94aa-9060d051c4f7,Tauros GX,SM Base Set,2.23,2.14,1241,110,1131,2,12.9,1,48.4,True,sm-base-set,100/149,Holofoil,Ultra Rare,https://cdn.poketrace.com/cards/0bd60aee4ebc8bd1.webp,1.54,951,1.864,1.864,0,16.9,True,50,28,70.59857,47.91074,30,23,19.392857,19.4555,1241,2026-03-11T08:58:38Z,,
swsh7-231,019c3ac3-ec6e-7325-9ce9-f59f3253a257,Full Face Guard,SWSH07: Evolving Skies,2.56,0.06,537,6,531,2,10,1,48.4,True,swsh07-evolving-skies,148/203,Normal,Uncommon,https://cdn.poketrace.com/cards/4d90d40ffa5bf245.webp,0.06,484,0.054,0.054,0,19.8,False,0,0,0,0,0,0,0,0,537,2026-03-11T08:58:38Z,,
sv04.5-179,019bffac-ba79-773e-9b06-74d49a72183c,Glimmet,SV: Paldean Fates,2.28,2.72,1321,57,1264,2,13,1,48.4,True,sv-paldean-fates,179/091,Holofoil,Shiny Rare,https://cdn.poketrace.com/cards/22e21d029d8a7415.webp,1.59,1185,2.366,2.366,0,17.3,True,37,3,0,0,7.99,3,0,0,1321,2026-03-11T08:58:38Z,,
ex3-31,019bff7c-4505-7332-a339-17a2a0d41ac4,Grovyle,Crystal Guardians,1.82,10.44,219,61,158,2,8.9,1,48.4,True,crystal-guardians,32/100,Reverse_Holofoil,Uncommon,https://cdn.poketrace.com/cards/6f4c1028ecb9ca7a.webp,6.66,75,9.51,9.51,0,12.6,True,300,4,89.42166,89.42166,35,26,41.826427,33.897964,219,2026-03-11T08:58:38Z,,
swsh4.5-SV067,019bff99-7af1-7262-a092-b7b42234f354,Rolycoly,Shining Fates: Shiny Vault,2.23,1.48,749,67,682,2,11.1,1,48.4,True,shining-fates-shiny-vault,SV067/SV122,Holofoil,Shiny Holo Rare,https://cdn.poketrace.com/cards/0041ad5a4779c37e.webp,1.46,647,1.644,1.644,0,16.9,True,29.99,11,0,0,8,12,0,0,749,2026-03-11T08:58:38Z,,
ex3-54,019bff79-8e10-76e9-bb0e-8d3649476b63,Corphish,Dragon,1.19,10.22,219,37,182,2,9.3,1,48.3,True,dragon,54/97,Reverse_Holofoil,Common,https://cdn.poketrace.com/cards/36d48781a3e627ee.webp,5.5,88,9.266,9.266,0,3.6,True,179.99,1,0,0,50.13,7,33.298573,32.510002,219,2026-03-11T08:58:38Z,,
swsh3-199,019c3ac3-ec6e-7325-9cdf-a3a670c6197e,Big Parasol,SWSH03: Darkness Ablaze,2.2,0.13,600,10,590,2,10.8,1,48.3,True,swsh03-darkness-ablaze,157/189,Normal,Uncommon,https://cdn.poketrace.com/cards/843440917dc87bfb.webp,0.12,477,0.116,0.116,0,16.5,True,0,0,0,0,2.05,2,0,0,600,2026-03-11T08:58:38Z,,
gym2-83,019bff7d-2e13-7175-b43d-63bfe1c7adac,Koga's Zubat,Gym Challenge,1.69,0.75,997,37,960,2,12.3,1,48.3,True,gym-challenge,083/132,Unlimited,Common,https://cdn.poketrace.com/cards/75a5aa3974cffbe3.webp,0.6,295,0.842,0.842,0,11,True,38.89,8,0,0,18.99,4,0,0,997,2026-03-11T08:58:38Z,,
swsh4.5-SV037,019bff99-7af1-7262-a094-040bdb107ba2,Arctovish,Shining Fates: Shiny Vault,2.17,2.36,723,84,639,2,11.3,1,48.3,True,shining-fates-shiny-vault,SV037/SV122,Holofoil,Shiny Holo Rare,https://cdn.poketrace.com/cards/5dde82d36bcf3fa4.webp,1.94,593,2.094,2.094,0,16.3,True,72.25,20,0,0,25.5,6,0,0,723,2026-03-11T08:58:38Z,,
sv08-213,019bff7d-2e12-77f0-9b54-f4444fddd8ce,Kecleon,Legend Maker,2.34,21.9,172,42,130,2,9,1,48.3,True,legend-maker,37/92,Reverse_Holofoil,Uncommon,https://cdn.poketrace.com/cards/bfc5f196dc40810b.webp,15,71,19.936,19.936,0,17.8,True,320,3,0,0,80,12,0,0,172,2026-03-11T08:58:38Z,,
bw11-RC9,019bff7d-2e12-77f0-9b55-7a29bf11ab39,Kirlia,Delta Species,2.47,18.99,148,53,95,2,9.1,1,48.3,True,delta-species,47/113,Reverse_Holofoil,Uncommon,https://cdn.poketrace.com/cards/44fcc7557fffd723.webp,12.72,57,17.26,17.26,0,19,True,375,18,0,0,60,10,32.27714,30.715555,148,2026-03-11T08:58:38Z,,
g1-RC7,019bff82-9f83-70dd-a44e-32e7a7721a06,Snorunt,Emerald,2.06,19.62,161,40,121,2,9.2,1,48.3,True,emerald,64/106,Reverse_Holofoil,Common,https://cdn.poketrace.com/cards/2b6cfdac075bcbf2.webp,8.82,80,17.82,17.82,0,15.2,True,499.99,1,114.5,114.5,95,9,40.504284,39.19,161,2026-03-11T08:58:38Z,,
swsh11-192,019c3ac3-ec70-77fb-8935-1feb36ce5df7,Iscan,SWSH11: Lost Origin,1.3,0.06,421,6,415,2,10,1,48.3,True,swsh11-lost-origin,158/196,Normal,Uncommon,https://cdn.poketrace.com/cards/3d269c37d0ffdf75.webp,0.03,347,0.054,0.054,0,5.5,False,0,0,0,0,0,0,0,0,421,2026-03-11T08:58:38Z,,
sm10-157,019bff8d-8220-71c8-938c-be263638b851,Porygon-Z,SM - Burning Shadows,1.34,0.36,439,19,420,2,10.6,1,48.2,True,sm-burning-shadows,105/147,Reverse_Holofoil,Holo Rare,https://cdn.poketrace.com/cards/c1feddf70d95ff5b.webp,0.33,331,0.322,0.322,0,6.1,True,31,2,46.5,46.5,14.26,1,8.818571,12.978,439,2026-03-11T08:58:38Z,,
ex5-87,019bff77-befc-77ae-b885-2548e9acf93e,Ancient Tomb,Hidden Legends,1.61,3.23,176,33,143,2,9.8,1,48.2,True,hidden-legends,87/101,Reverse_Holofoil,Uncommon,https://cdn.poketrace.com/cards/f978480fa9f454e0.webp,3.02,58,2.914,2.914,0,10,True,112.49,3,0,0,14.97,2,0,0,176,2026-03-11T08:58:38Z,,
swshp-SWSH227,019c3ac3-ec6f-71ad-8280-bce126dc3c3e,Blanche,Pokemon GO,2.06,0.12,711,21,690,2,11.7,1,48.2,True,pokemon-go,064/078,Normal,Uncommon,https://cdn.poketrace.com/cards/8ab005455fe86db8.webp,0.09,599,0.106,0.106,0,15.1,True,18.05,1,0,0,0,0,0,0,711,2026-03-11T08:58:38Z,,
swsh12-214,019c3ac3-ec70-77fb-8937-6ace554eb3c7,Leafy Camo Poncho,SWSH12: Silver Tempest,1.73,0.07,605,16,589,2,11.4,1,48.2,True,swsh12-silver-tempest,160/195,Normal,Uncommon,https://cdn.poketrace.com/cards/456cc53f10fce585.webp,0.02,476,0.062,0.062,0,11.5,False,0,0,0,0,0,0,0,0,605,2026-03-11T08:58:38Z,,
lc-48,019bff77-befb-757f-890d-1562369b4710,Kabuto,Fossil,1.47,2.82,10510,1,10509,2,50.3,1,48.2,True,fossil,50/62,Unlimited,Common,https://cdn.poketrace.com/cards/8afdbd0f9bd0f74c.webp,0.95,3106,4.238,4.238,0,8.1,True,0,0,0,0,0,0,0,0,10510,2026-03-11T08:58:38Z,,
ex2-74,019bff80-d351-7535-a79b-88d60639f39f,Ralts,Ruby and Sapphire,1.72,10.99,175,22,153,2,9.7,1,48.2,True,ruby-and-sapphire,67/109,Reverse_Holofoil,Common,https://cdn.poketrace.com/cards/c014251c78e32bec.webp,10.91,93,9.924,9.924,0,11.4,True,0,0,0,0,123.64,2,0,0,175,2026-03-11T08:58:38Z,,
base1-27,019bff77-bef9-75ac-b16b-2ecf14c4dc5c,Farfetch'd,Base Set,1.34,1.31,3770,167,3603,2,24.4,1,48.1,True,base-set,027/102,Normal,Uncommon,https://cdn.poketrace.com/cards/95f5303a3c941d46.webp,0.63,834,1.63,1.63,0,6.1,True,115,30,0,0,47.89,23,26.293333,26.293333,3770,2026-03-11T08:58:38Z,,
ex3-23,019bff78-a647-717f-a4e1-4dc5f266d6db,Bagon,Dragon,1.83,4.03,174,36,138,2,10,1,48.1,True,dragon,50/97,Reverse_Holofoil,Common,https://cdn.poketrace.com/cards/e7b22bb64dfeecfa.webp,2.4,84,3.626,3.626,0,12.6,True,300,4,143.82571,128.29056,26.1,3,52.91,43.5675,174,2026-03-11T08:58:38Z,,
swsh10-182,019c3ac3-ec6f-71ad-827f-b1a6491f5d19,Choy,SWSH10: Astral Radiance,1.23,0.07,1269,11,1258,2,14.3,1,48.1,True,swsh10-astral-radiance,137/189,Normal,Uncommon,https://cdn.poketrace.com/cards/2a38bf066960b25e.webp,0.05,1185,0.06,0.06,0,4.3,True,0,0,0,0,0,0,0,0,1269,2026-03-11T08:58:38Z,,
ex3-78,019bff83-863e-704c-9304-a47630d43692,Trapinch,Legend Maker,1.26,7.87,174,56,118,2,10.7,1,48,True,legend-maker,67/92,Reverse_Holofoil,Common,https://cdn.poketrace.com/cards/6aed4bc15599aacb.webp,6.78,48,7.024,7.024,0,4.8,True,415,7,0,0,38.33,15,0,0,174,2026-03-11T08:58:38Z,,
me02-096,019bffb5-343b-77b4-8f23-508e7e63c52a,Nymble,SV07: Stellar Crown,1.18,0.18,892,12,880,2,13.3,1,48,True,sv07-stellar-crown,015/142,Reverse_Holofoil,Common,https://cdn.poketrace.com/cards/236de1bb72d7aa00.webp,0.12,849,0.156,0.156,0,3.5,True,18.98,2,32.98,32.98,0,0,0,0,892,2026-03-11T08:58:38Z,,
ex2-50,019bff86-38c7-70ff-9f3b-6c35262d03dd,Pelipper,XY - Roaring Skies,1.18,0.28,184,8,176,2,10.7,1,48,True,xy-roaring-skies,19/108,Reverse_Holofoil,Uncommon,https://cdn.poketrace.com/cards/08a3aede5cd25b9a.webp,0.14,139,0.25,0.25,0,3.5,False,0,0,0,0,0,0,0,0,184,2026-03-11T08:58:38Z,,
ex5-47,019bff81-ba5a-741b-bef3-dd252f613c6f,Sealeo,Legend Maker,1.08,20.79,122,30,92,2,11.1,1,47.9,True,legend-maker,43/92,Reverse_Holofoil,Uncommon,https://cdn.poketrace.com/cards/0073c36c56d4886c.webp,7.29,44,18.478,18.478,0,1.6,True,400,1,0,0,34,13,31.227142,29.517,108,2026-03-11T08:58:38Z,,
sm5-30,019bff8c-7244-7168-b577-505f991516ab,Alolan Vulpix,SM - Burning Shadows,1.74,0.58,843,21,822,2,13.8,1,47.9,True,sm-burning-shadows,27/147,Reverse_Holofoil,Common,https://cdn.poketrace.com/cards/43fc4c09b728078c.webp,0.44,528,0.66,0.66,0,11.5,True,125,2,0,0,5.5,4,10.12,10.12,843,2026-03-11T08:58:38Z,,
swsh4.5-68,019c3ac3-ec6e-7325-9ce5-acc2c1480e48,Gym Trainer,Shining Fates,1.21,0.07,988,17,971,2,14.3,1,47.9,True,shining-fates,059/072,Normal,Uncommon,https://cdn.poketrace.com/cards/fad1634c773764fd.webp,0.03,823,0.06,0.06,0,4,True,0,0,0,0,10,1,0,0,988,2026-03-11T08:58:38Z,,
ex5-29,019bff78-a647-717f-a4e2-ba5c4b344750,Beldum,Deoxys,2.07,11.93,152,52,100,2,10.9,1,47.9,True,deoxys,55/107,Reverse_Holofoil,Common,https://cdn.poketrace.com/cards/64dc837792c0c802.webp,6.05,33,10.626,10.626,0,15.1,True,200,6,0,0,55,14,0,0,152,2026-03-11T08:58:38Z,,
bw7-10,019bff8d-8220-71c8-938e-b495cf3e89a6,Shaymin,Shining Legends,1.28,0.98,237,26,211,2,12,1,47.8,True,shining-legends,7/73,Reverse_Holofoil,Holo Rare,https://cdn.poketrace.com/cards/50a38af8b1a53af0.webp,0.51,180,0.862,0.862,0,5.1,True,49.99,1,33.794,33.794,15.41,5,12.442857,13.94,237,2026-03-11T08:58:38Z,,
swsh6-188,019c3ac3-ec6e-7325-9ce9-66e275a4bc5d,Brawly,SWSH06: Chilling Reign,1.62,0.06,465,13,452,2,13.3,1,47.7,True,swsh06-chilling-reign,131/198,Normal,Uncommon,https://cdn.poketrace.com/cards/d236fb74f5036c5c.webp,0.06,376,0.052,0.052,0,10,False,0,0,0,0,0,0,0,0,465,2026-03-11T08:58:38Z,,
base5-36,019bff79-8e10-76e9-bb11-2b370bce32a4,Dark Gloom,Team Rocket,2.05,2.76,2441,72,2369,2,21.3,1,47.7,True,team-rocket,36/82,Unlimited,Uncommon,https://cdn.poketrace.com/cards/c63d82e05f47a915.webp,0.84,605,3.348,3.348,0,14.9,True,54,5,0,0,25.44,10,0,0,2441,2026-03-11T08:58:38Z,,
hgss3-25,019bff84-6f79-7196-a6a4-9004a4392c43,Weavile,XY - Flashfire,1.3,0.79,158,18,140,2,12.2,1,47.7,True,xy-flashfire,52/106,Reverse_Holofoil,Rare,https://cdn.poketrace.com/cards/b857680d12779d5e.webp,0.4,83,0.694,0.694,0,5.4,False,0,0,0,0,0,0,0,0,158,2026-03-11T08:58:38Z,,
xy8-118,019bff77-befb-757f-890b-7c38e58307d0,Snorlax,Base Set 2,2.16,23.07,1196,159,1037,2,16.7,1,47.6,True,base-set-2,030/130,Normal,Rare,https://cdn.poketrace.com/cards/5ed6764b1db50057.webp,7.58,245,19.218,19.218,0,15.9,True,66.24,31,0,0,129.99,21,0,0,1196,2026-03-11T08:58:38Z,,
swsh12-191,019c3ac3-ec70-77fb-8937-61a3c84cdd8c,Gym Trainer,SWSH12: Silver Tempest,1.44,0.08,797,2,795,2,15,1,47.6,True,swsh12-silver-tempest,158/195,Normal,Uncommon,https://cdn.poketrace.com/cards/2076ac6bce10013c.webp,0.07,676,0.068,0.068,0,7.5,False,0,0,0,0,0,0,0,0,797,2026-03-11T08:58:38Z,,
sm8-141,019bff7b-60a8-766b-9d0c-492475bc3bab,Gardevoir,Power Keepers,1.22,31.63,185,86,99,2,12.7,1,47.6,True,power-keepers,9/108,Reverse_Holofoil,Holo Rare,https://cdn.poketrace.com/cards/36c1f29a099d59b9.webp,19.39,31,27.622,27.622,0,4.1,True,178.01,5,217.09,217.09,108,30,97.5,97.5,185,2026-03-11T08:58:38Z,,
ex3-36,019bff7e-1601-757e-bd30-967cb373da9e,Marshtomp,POP Series 3,2.09,8.26,156,23,133,2,13.2,1,47.5,True,pop-series-3,015/017,Normal,Common,https://cdn.poketrace.com/cards/62abf990fc3f8755.webp,2.78,53,7.17,7.17,0,15.2,True,153.67,2,65.44,65.44,7.5,1,0,0,156,2026-03-11T08:58:38Z,,
ex8-70,019bff80-d350-706b-9564-8c9b385e4716,Poochyena,Delta Species,1.3,14.02,165,45,120,2,13.8,1,47.4,True,delta-species,79/113,Reverse_Holofoil,Common,https://cdn.poketrace.com/cards/bba210c795e5b721.webp,8.33,95,12.09,12.09,0,5.4,True,153.5,8,84.49286,97.18125,46,6,26.676,26.676,165,2026-03-11T08:58:38Z,,
swsh10-211,019c3ac3-ec6f-71ad-827d-b91eec4ec2b9,Choice Belt,SWSH09: Brilliant Stars,2.25,0.15,1396,16,1380,2,20,1,47.1,True,swsh09-brilliant-stars,135/172,Normal,Uncommon,https://cdn.poketrace.com/cards/3b03d0513d0512a5.webp,0.05,1247,0.12,0.12,0,16.6,False,0,0,0,0,0,0,0,0,1396,2026-03-11T08:58:38Z,,
base4-54,019bff77-befa-771d-bab0-e987dbed6808,Nidorino,Base Set,1.48,2.7,3026,149,2877,2,26.4,1,47.1,True,base-set,037/102,Normal,Uncommon,https://cdn.poketrace.com/cards/8591341b4a04899c.webp,1.25,753,3.412,3.412,0,8,True,233.32,30,0,0,35,21,0,0,3026,2026-03-11T08:58:38Z,,
swsh4-203,019bff98-542a-729b-9795-57da159a9fc6,Telescopic Sight,SWSH04: Vivid Voltage,1.78,0.22,339,10,329,2,16.4,1,47,True,swsh04-vivid-voltage,160/185,Reverse_Holofoil,Uncommon,https://cdn.poketrace.com/cards/dcf26a09de917c2f.webp,0.19,290,0.184,0.184,0,11.8,False,0,0,0,0,0,0,0,0,339,2026-03-11T08:58:38Z,,
pl2-82,019bff82-9f84-7584-9773-f6e56e91c3ac,Spheal,Legend Maker,2.17,18.87,244,59,185,2,16.5,1,46.9,True,legend-maker,65/92,Reverse_Holofoil,Common,https://cdn.poketrace.com/cards/bcfb9338fb50af55.webp,13.42,100,15.75,15.75,0,15.8,True,123.4,6,113.596664,113.596664,73.72,16,39.458572,38.420555,244,2026-03-11T08:58:38Z,,
swsh9-170,019bffa7-ed6f-747e-a887-dab638f86226,Kindler,Prize Pack Series Cards,1.05,0.27,815,1,814,2,21.5,1,46.3,True,prize-pack-series-cards,143/172,Normal,Uncommon,https://cdn.poketrace.com/cards/e776bb99fd7da29f.webp,0.3,23,0.328,0.328,0,1,False,0,0,0,0,0,0,0,0,815,2026-03-11T08:58:38Z,,
xy6-64,019bff84-6f78-703d-b080-3cffc0a4f5d8,Zekrom,Next Destinies,1.42,2.15,153,20,133,2,19.4,1,46.2,True,next-destinies,50/99,Reverse_Holofoil,Rare,https://cdn.poketrace.com/cards/a2661de7602904f7.webp,0.88,81,1.732,1.732,0,7,True,0,0,0,0,0,0,0,0,153,2026-03-11T08:58:38Z,,
ex8-28,019bff84-6f78-703d-b07d-d3e34d11e900,Whiscash,Deoxys,1.09,19.99,174,41,133,2,20,1,46.1,True,deoxys,28/107,Reverse_Holofoil,Rare,https://cdn.poketrace.com/cards/eb919ae3992dd91c.webp,10.49,68,15.99,15.99,0,1.7,True,510,9,0,0,65,10,43.205715,39.165295,146,2026-03-11T08:58:38Z,,
swsh11-191,019c3ac3-ec70-77fb-8935-19346c4aa09b,Fantina,SWSH11: Lost Origin,2.54,0.1,637,7,630,2,22,1,46.1,True,swsh11-lost-origin,157/196,Normal,Uncommon,https://cdn.poketrace.com/cards/05e3b8d85254cd9e.webp,0.05,530,0.078,0.078,0,18.7,False,0,0,0,0,0,0,0,0,637,2026-03-11T08:58:38Z,,
swsh8-261,019c3ac3-ec6f-71ad-8279-200b86b3eb9f,Schoolboy,SWSH08: Fusion Strike,1.6,0.12,549,9,540,2,21.7,1,46.1,True,swsh08-fusion-strike,238/264,Normal,Uncommon,https://cdn.poketrace.com/cards/a9618185750dd1a3.webp,0.07,491,0.094,0.094,0,9.4,False,0,0,0,0,0,0,0,0,549,2026-03-11T08:58:38Z,,
lc-57,019bff77-befb-757f-890d-1d418af567c5,Omanyte,Fossil,1.52,0.65,8990,0,8990,1,5.5,1,46,True,fossil,52/62,Unlimited,Common,https://cdn.poketrace.com/cards/15625727b718724f.webp,0.39,1882,0.614,0.614,0,8.4,False,0,0,0,0,0,0,0,0,8990,2026-03-11T08:58:38Z,,
me01-149,019c0010-df7b-74f9-92a5-11b2da1776ea,Shroodle,ME01: Mega Evolution,1.82,0.13,1160,12,1148,2,24.6,1,46,True,me01-mega-evolution,091/132,Reverse_Holofoil,Common,https://cdn.poketrace.com/cards/56ab0f90e4ab0a16.webp,0.2,1126,0.162,0.162,0,12,False,0,0,0,0,0,0,0,0,1160,2026-03-11T08:58:38Z,,
dp6-41,019bff83-863e-704c-9303-d30cc7615b0a,Torkoal,Legend Maker,1.69,13.89,217,67,150,2,21.3,1,45.9,True,legend-maker,27/92,Reverse_Holofoil,Rare,https://cdn.poketrace.com/cards/de5a0d42552945f4.webp,10.76,38,10.93,10.93,0,10.5,True,870,6,0,0,40,24,40.342857,40.88963,217,2026-03-11T08:58:38Z,,
ex7-56,019bff77-befb-757f-890d-0c553bd949c5,Grimer,Fossil,1.11,0.5,7350,0,7350,1,1.6,1,45.5,True,fossil,48/62,Unlimited,Common,https://cdn.poketrace.com/cards/3c8a2ed79a86997f.webp,0.4,1350,0.492,0.492,0,2.1,False,0,0,0,0,0,0,0,0,7350,2026-03-11T08:58:38Z,,
sv04.5-129,019c3ac3-ec70-77fb-893e-54a8fad631d6,Arctibax,SV02: Paldea Evolved,2.48,0.09,3263,16,3247,2,35.6,1,45.5,True,sv02-paldea-evolved,059/193,Normal,Uncommon,https://cdn.poketrace.com/cards/84f2b330d5003801.webp,0.11,2989,0.122,0.122,0,17.9,False,0,0,0,0,0,0,0,0,3263,2026-03-11T08:58:38Z,,
bw11-49,019bff7b-60a5-76b8-99df-9c89a07648c3,Emolga,Legendary Treasures,1.1,9.08,142,10,132,2,23.7,1,45.4,True,legendary-treasures,49/113,Reverse_Holofoil,Uncommon,https://cdn.poketrace.com/cards/6890472aadac3d32.webp,10.02,88,6.932,6.932,0,1.9,False,0,0,0,0,0,0,0,0,142,2026-03-11T08:58:38Z,,
ex1-22,019bff81-ba5a-741b-bef4-e6bf501b7c3b,Sharpedo,Ruby and Sapphire,2.57,15.24,116,38,78,2,25.2,1,45.1,True,ruby-and-sapphire,22/109,Reverse_Holofoil,Rare,https://cdn.poketrace.com/cards/f61765b52ad61574.webp,6.4,37,11.406,11.406,0,18.5,True,97.4,2,0,0,87.99,8,0,0,116,2026-03-11T08:58:38Z,,
swsh11-217,019c3ac3-ec70-77fb-8935-2f3b27003884,Lost Vacuum,SWSH11: Lost Origin,2.06,0.17,1689,17,1672,2,31.8,1,45,True,swsh11-lost-origin,162/196,Normal,Uncommon,https://cdn.poketrace.com/cards/c7a1170cfad01d69.webp,0.1,1519,0.116,0.116,0,14.1,False,0,0,0,0,0,0,0,0,1689,2026-03-11T08:58:38Z,,
ex9-32,019bff7d-2e11-71aa-95c2-b199ea86c0d5,Illumise,Delta Species,2.08,8.55,134,36,98,2,25.9,1,44.9,True,delta-species,45/113,Reverse_Holofoil,Uncommon,https://cdn.poketrace.com/cards/555c3678b0ccd7c5.webp,4.72,47,6.332,6.332,0,14.3,True,152.5,13,92.807144,79.51,44.99,6,13.63,13.63,134,2026-03-11T08:58:38Z,,
ex9-42,019bff84-6f77-773f-980a-80ac17b4bb4a,Volbeat,Delta Species,1.69,14.66,116,24,92,2,25.8,1,44.9,True,delta-species,56/113,Reverse_Holofoil,Uncommon,https://cdn.poketrace.com/cards/b6e7b2b4eeaa319b.webp,5.71,46,10.884,10.884,0,10.2,True,200,3,65.4,65.4,39.99,8,27.45143,27.45143,116,2026-03-11T08:58:38Z,,
bw7-33,019bff77-befb-757f-890d-2163377fca85,Psyduck,Fossil,1.2,1.36,8931,0,8931,1,12.9,1,44.5,True,fossil,53/62,Unlimited,Common,https://cdn.poketrace.com/cards/ebdd33f468208539.webp,0.61,2170,1.536,1.536,0,3.5,False,0,0,0,0,0,0,0,0,8931,2026-03-11T08:58:38Z,,
dp3-23,019bff78-a647-717f-a4e1-bd5e833a66ad,Banette,Power Keepers,1.8,27.42,167,48,119,2,29.5,1,44.2,True,power-keepers,4/108,Reverse_Holofoil,Holo Rare,https://cdn.poketrace.com/cards/a48cf37a6cec3ecc.webp,7.98,37,19.33,19.33,0,11.3,True,0,0,0,0,43.71,11,0,0,167,2026-03-11T08:58:38Z,,
bw11-RC16,019bff83-8640-7057-ac6c-bce357c5dee5,Ursaring,Mysterious Treasures,2.51,4.99,105,26,79,2,30.1,1,44.1,True,mysterious-treasures,38/123,Reverse_Holofoil,Rare,https://cdn.poketrace.com/cards/77e7cd7e0ff55d3c.webp,1.92,25,3.49,3.49,0,17.6,True,0,0,0,0,10.38,1,0,0,105,2026-03-11T08:58:38Z,,
ecard1-122,019bff77-befc-77ae-b883-01dbb4d2018f,Oddish,Jungle,1.19,0.37,6894,0,6894,1,8.1,1,43.8,True,jungle,58/64,Unlimited,Common,https://cdn.poketrace.com/cards/fd5700d410da0ee2.webp,0.31,1440,0.4,0.4,0,3.3,False,0,0,0,0,0,0,0,0,6894,2026-03-11T08:58:38Z,,
base2-37,019bff77-befc-77ae-b882-ae455dc48a59,Gloom,Jungle,1.01,0.61,3782,0,3782,1,1,1,42.8,True,jungle,37/64,Unlimited,Uncommon,https://cdn.poketrace.com/cards/eaf6b094732230a9.webp,0.5,845,0.616,0.616,0,0.2,False,0,0,0,0,0,0,0,0,3782,2026-03-11T08:58:38Z,,
pl3-25,019bff77-befc-77ae-b882-a01e1d960510,Dodrio,Jungle,1,1.12,3136,0,3136,1,1.6,1,42.2,True,jungle,34/64,Unlimited,Uncommon,https://cdn.poketrace.com/cards/caa2bc08c0a846dd.webp,0.75,860,1.102,1.102,0,0,False,0,0,0,0,0,0,0,0,3136,2026-03-11T08:58:38Z,,
tk-xy-n-3,019bff77-befb-757f-890c-c91f57cb66fd,Arbok,Fossil,1.1,0.99,3057,0,3057,1,1.4,1,42.1,True,fossil,31/62,Unlimited,Uncommon,https://cdn.poketrace.com/cards/9cf1ae739d12ef9f.webp,0.6,818,1.004,1.004,0,1.7,False,0,0,0,0,0,0,0,0,3057,2026-03-11T08:58:38Z,,
base3-34,019bff77-befb-757f-890c-d726f056a54e,Golbat,Fossil,1.18,0.67,2683,0,2683,1,2.1,1,41.7,True,fossil,34/62,Unlimited,Uncommon,https://cdn.poketrace.com/cards/940ee6885a82062d.webp,0.34,899,0.656,0.656,0,3,False,0,0,0,0,0,0,0,0,2683,2026-03-11T08:58:38Z,,
base4-41,019bff77-befc-77ae-b882-aa68cc767cc4,Fearow,Jungle,1.37,1.02,3117,0,3117,1,4.1,1,41.6,True,jungle,36/64,Unlimited,Uncommon,https://cdn.poketrace.com/cards/6f0b152229de9af2.webp,0.51,713,0.978,0.978,0,5.7,False,0,0,0,0,0,0,0,0,3117,2026-03-11T08:58:38Z,,
col1-36,019bff83-863f-718a-b5c2-284a52e2f512,Tyrogue,Neo Discovery,2.15,0.58,1577,0,1577,1,0,1,41.2,True,neo-discovery,66/75,Unlimited,Common,https://cdn.poketrace.com/cards/8026988500f27dc0.webp,0.44,240,0.58,0.58,0,13.7,False,0,0,0,0,0,0,0,0,1577,2026-03-11T08:58:38Z,,
tk-xy-w-4,019bff81-ba5a-741b-bef4-569876a2145d,Sentret,Neo Discovery,1.64,0.55,1447,0,1447,1,0.4,1,41.1,True,neo-discovery,63/75,Unlimited,Common,https://cdn.poketrace.com/cards/952b70f194654724.webp,0.36,362,0.548,0.548,0,8.8,False,0,0,0,0,0,0,0,0,1447,2026-03-11T08:58:38Z,,
ex3-16,019bff7c-4504-758b-a7c8-b8a8e3b892bd,Girafarig,Neo Genesis,1.05,0.65,1753,0,1753,1,1.5,1,41.1,True,neo-genesis,058/111,Unlimited,Common,https://cdn.poketrace.com/cards/b18790d9d1577304.webp,0.48,408,0.64,0.64,0,0.9,False,0,0,0,0,0,0,0,0,1753,2026-03-11T08:58:38Z,,
ex7-49,019bff81-ba5b-72b4-ae79-743fa36c60a0,Skiploom,Neo Revelation,1.07,0.72,1303,0,1303,1,0.3,1,41,True,neo-revelation,52/64,Unlimited,Common,https://cdn.poketrace.com/cards/bb3ed58e04c485f4.webp,0.53,332,0.722,0.722,0,1.2,False,0,0,0,0,0,0,0,0,1303,2026-03-11T08:58:38Z,,
gym2-85,019bff7e-1600-7088-8281-994df88a031d,Lt. Surge's Rattata,Gym Heroes,1.36,0.56,1404,0,1404,1,0.4,1,41,True,gym-heroes,082/132,Unlimited,Common,https://cdn.poketrace.com/cards/c16d4c32408b8312.webp,0.49,473,0.558,0.558,0,5.5,False,0,0,0,0,0,0,0,0,1404,2026-03-11T08:58:38Z,,
dp2-29,019bff7e-1601-757e-bd2f-ba4b2697cfc2,Mantine,Neo Genesis,1.33,0.48,2049,0,2049,1,3.7,1,40.9,True,neo-genesis,064/111,Unlimited,Common,https://cdn.poketrace.com/cards/888535c7c8a55ccb.webp,0.37,448,0.462,0.462,0,5.1,False,0,0,0,0,0,0,0,0,2049,2026-03-11T08:58:38Z,,
gym2-98,019bff81-ba59-7208-a499-9266e17392a5,Sabrina's Porygon,Gym Challenge,1.04,1.58,1281,0,1281,1,1,1,40.8,True,gym-challenge,098/132,Unlimited,Common,https://cdn.poketrace.com/cards/4816ca552b753182.webp,0.94,352,1.596,1.596,0,0.7,False,0,0,0,0,0,0,0,0,1281,2026-03-11T08:58:38Z,,
ex8-66,019bff7e-fc51-74ac-aaff-8ebf590e355a,Natu,Neo Discovery,1.2,0.53,1518,0,1518,1,1.9,1,40.8,True,neo-discovery,59/75,Unlimited,Common,https://cdn.poketrace.com/cards/27abb9321e773b17.webp,0.31,430,0.52,0.52,0,3.2,False,0,0,0,0,0,0,0,0,1518,2026-03-11T08:58:38Z,,
gym1-67,019bff78-a648-7332-9aa3-ed6185845c7a,Brock's Mankey,Gym Heroes,1.12,0.64,1324,0,1324,1,1.9,1,40.7,True,gym-heroes,067/132,Unlimited,Common,https://cdn.poketrace.com/cards/2b858367cbecae6e.webp,0.5,423,0.652,0.652,0,2,False,0,0,0,0,0,0,0,0,1324,2026-03-11T08:58:38Z,,
hgss1-71,019bff7d-2e14-7575-b737-1d32184f55a1,Ledyba,Neo Genesis,1.51,0.71,934,0,934,1,0,1,40.7,True,neo-genesis,063/111,Unlimited,Common,https://cdn.poketrace.com/cards/899e008debf82c39.webp,0.54,183,0.71,0.71,0,7.3,False,0,0,0,0,0,0,0,0,934,2026-03-11T08:58:38Z,,
swshp-SWSH152,019bff96-3f23-77ea-bac9-2e9ff4038a99,Professor's Research,Deck Exclusives,1.02,0.16,853,0,853,1,0,1,40.7,True,deck-exclusives,178/202,Normal,Rare,https://cdn.poketrace.com/cards/1bf48ad6d63c8e3c.webp,0.07,624,0.16,0.16,0,0.4,False,0,0,0,0,0,0,0,0,853,2026-03-11T08:58:38Z,,
bw11-RC2,019bff81-ba5a-741b-bef4-a048fe81a052,Servine,Legendary Treasures: Radiant Collection,1.28,1.98,1441,0,1441,1,2.3,1,40.7,True,legendary-treasures-radiant-collection,RC2/RC25,Holofoil,Common,https://cdn.poketrace.com/cards/76873ecd5d472d9e.webp,1.38,463,1.934,1.934,0,4.4,False,0,0,0,0,0,0,0,0,1441,2026-03-11T08:58:38Z,,
ecard2-71,019bff79-8e10-76e9-bb0c-98b0ea69748e,Chinchou,Neo Genesis,2.24,0.5,1412,0,1412,1,2.8,1,40.6,True,neo-genesis,055/111,Unlimited,Common,https://cdn.poketrace.com/cards/82abd63e342d3f62.webp,0.34,323,0.486,0.486,0,14.2,False,0,0,0,0,0,0,0,0,1412,2026-03-11T08:58:38Z,,
dp3-109,019bff81-ba5b-72b4-ae78-6d3101d52e10,Shuckle,Neo Revelation,1.27,2.55,1202,0,1202,1,2.4,1,40.5,True,neo-revelation,51/64,Unlimited,Common,https://cdn.poketrace.com/cards/68f38cbaa794e2d6.webp,1.37,366,2.61,2.61,0,4.2,False,0,0,0,0,0,0,0,0,1202,2026-03-11T08:58:38Z,,
gym1-66,019bff78-a648-7332-9aa3-d5bf0ff791a1,Brock's Geodude,Gym Challenge,1.95,0.91,1018,0,1018,1,1.8,1,40.4,True,gym-challenge,068/132,Unlimited,Common,https://cdn.poketrace.com/cards/308913b76d4c7a33.webp,0.67,430,0.926,0.926,0,11.7,False,0,0,0,0,0,0,0,0,1018,2026-03-11T08:58:38Z,,
gym1-55,019bff7e-fc50-71f0-aee3-573cb2fa45fc,Misty's Seaking,Gym Heroes,2.55,2.2,696,0,696,1,1,1,40.4,True,gym-heroes,055/132,Unlimited,Uncommon,https://cdn.poketrace.com/cards/270e2256def04d92.webp,1.41,223,2.178,2.178,0,16.4,False,0,0,0,0,0,0,0,0,696,2026-03-11T08:58:38Z,,
gym1-118,019bff81-ba5a-741b-bef3-f15f81d0fcd1,Secret Mission,Gym Heroes,1.02,1.01,608,0,608,1,0.6,1,40.4,True,gym-heroes,118/132,Unlimited,Uncommon,https://cdn.poketrace.com/cards/efb2859963b637a7.webp,0.8,240,1.016,1.016,0,0.3,False,0,0,0,0,0,0,0,0,608,2026-03-11T08:58:38Z,,
ex10-41,019bff7e-1601-757e-bd2d-43dd54525070,Magcargo,Neo Revelation,1.43,1.48,616,0,616,1,0.3,1,40.4,True,neo-revelation,33/64,Unlimited,Uncommon,https://cdn.poketrace.com/cards/645fe6626ab4e09d.webp,1.06,142,1.476,1.476,0,6.3,False,0,0,0,0,0,0,0,0,616,2026-03-11T08:58:38Z,,
bw8-34,019bff7e-1601-757e-bd2f-361c01e24521,Manaphy,DP Trainer Kit: Manaphy & Lucario,1.88,2.22,637,0,637,1,0.6,1,40.4,True,dp-trainer-kit-manaphy-and-lucario,4/12,Holofoil,Common,https://cdn.poketrace.com/cards/28f345a6ff676470.webp,1.41,77,2.206,2.206,0,11.1,False,0,0,0,0,0,0,0,0,637,2026-03-11T08:58:38Z,,
gym2-125,019bff83-863e-704c-9304-95ebc0c29bd0,Transparent Walls,Gym Challenge,1.4,1.15,423,0,423,1,0,1,40.3,True,gym-challenge,125/132,Unlimited,Common,https://cdn.poketrace.com/cards/ef6bf042c5153e96.webp,0.77,95,1.15,1.15,0,5.9,False,0,0,0,0,0,0,0,0,423,2026-03-11T08:58:38Z,,
neo4-42,019bff7c-4505-7332-a33b-80c147369986,Hitmonlee,Neo Destiny,2.39,1.95,554,0,554,1,0.9,1,40.3,True,neo-destiny,042/105,Unlimited,Uncommon,https://cdn.poketrace.com/cards/159b732cc3682a6c.webp,1.23,152,1.932,1.932,0,15.2,False,0,0,0,0,0,0,0,0,554,2026-03-11T08:58:38Z,,
me02.5-031,019c120d-7a16-75b2-9e36-65106c935709,Mega Emboar ex,ME: Ascended Heroes,1.28,2.61,422,0,422,1,0,1,40.3,True,me-ascended-heroes,031/217,Holofoil,Double Rare,https://cdn.poketrace.com/cards/a4c15a815b82e918.webp,3.65,415,2.61,2.61,0,4.3,False,0,0,0,0,0,0,0,0,422,2026-03-11T08:58:38Z,,
swsh9-TG03,019bff7f-e2b8-7168-a03c-ca328c18cc37,Octillery,Neo Revelation,1.81,2.12,529,0,529,1,0.5,1,40.3,True,neo-revelation,34/64,Unlimited,Uncommon,https://cdn.poketrace.com/cards/e88b42a6f508c54b.webp,1.53,153,2.11,2.11,0,10.4,False,0,0,0,0,0,0,0,0,529,2026-03-11T08:58:38Z,,
gym1-45,019c3ac3-ec74-75a4-8a9a-97eb2d4499ec,Erika's Gloom,ME: Ascended Heroes,2.27,0.17,945,0,945,1,2.4,1,40.3,True,me-ascended-heroes,002/217,Normal,Uncommon,https://cdn.poketrace.com/cards/590320a155a9d098.webp,0.23,940,0.166,0.166,0,14.3,False,0,0,0,0,0,0,0,0,945,2026-03-11T08:58:38Z,,
gym1-105,019bff78-a647-717f-a4e4-0e8cc74a27b4,Blaine's Last Resort,Gym Heroes,2.21,1.32,639,0,639,1,1.1,1,40.3,True,gym-heroes,105/132,Unlimited,Uncommon,https://cdn.poketrace.com/cards/dacd85e688150d9f.webp,0.88,229,1.334,1.334,0,13.9,False,0,0,0,0,0,0,0,0,639,2026-03-11T08:58:38Z,,
gym1-39,019bff78-a648-7332-9aa3-db8eac9010ff,Brock's Golbat,Gym Heroes,2.21,2.38,687,0,687,1,1.9,1,40.2,True,gym-heroes,039/132,Unlimited,Uncommon,https://cdn.poketrace.com/cards/73c94d466077548b.webp,1.78,178,2.334,2.334,0,13.8,False,0,0,0,0,0,0,0,0,687,2026-03-11T08:58:38Z,,
gym2-114,019bff7b-60a8-766b-9d0b-7338f0f5b938,Fuchsia City Gym,Gym Challenge,1.9,1.17,581,0,581,1,1.4,1,40.2,True,gym-challenge,114/132,Unlimited,Uncommon,https://cdn.poketrace.com/cards/8fa5072f614be105.webp,0.68,208,1.154,1.154,0,11.2,False,0,0,0,0,0,0,0,0,581,2026-03-11T08:58:38Z,,
neo1-92,019bff78-a648-7332-9aa5-df64ab2b21a8,Card-Flip Game,Neo Genesis,2.16,0.87,522,0,522,1,0.9,1,40.2,True,neo-genesis,092/111,Unlimited,Uncommon,https://cdn.poketrace.com/cards/c0631a58fa5ebb13.webp,0.68,182,0.862,0.862,0,13.4,False,0,0,0,0,0,0,0,0,522,2026-03-11T08:58:38Z,,
bw9-101,019bff8d-8220-71c8-938e-60ccee8a622b,Ghetsis,Deck Exclusives,2.2,0.51,110,0,110,1,0,1,40.1,True,deck-exclusives,101/116,Normal,Rare,https://cdn.poketrace.com/cards/f2c373a417b4f235.webp,0.47,18,0.51,0.51,0,13.7,False,0,0,0,0,0,0,0,0,110,2026-03-11T08:58:38Z,,
gym1-64,019bff78-a647-717f-a4e4-3e87db948703,Blaine's Tauros,Gym Heroes,1.07,0.95,1081,0,1081,1,3.8,1,40.1,True,gym-heroes,064/132,Unlimited,Common,https://cdn.poketrace.com/cards/9cf79809fe3238f8.webp,0.67,314,0.914,0.914,0,1.2,False,0,0,0,0,0,0,0,0,1081,2026-03-11T08:58:38Z,,
bw11-39,019bff95-4414-759b-8e0a-c334d6c7cc46,Samurott,Deck Exclusives,2,2.14,224,0,224,1,0.3,1,40.1,True,deck-exclusives,031/114,Holofoil,Holo Rare,https://cdn.poketrace.com/cards/eaea8c3bd9a9cfff.webp,1.62,38,2.134,2.134,0,12.1,False,0,0,0,0,0,0,0,0,224,2026-03-11T08:58:38Z,,
dp6-30,019bff8b-8e0f-70ac-b52f-e97888c2b492,Heatran,Deck Exclusives,1.4,1.17,138,0,138,1,0,1,40.1,True,deck-exclusives,030/146,Holofoil,Holo Rare,https://cdn.poketrace.com/cards/22d408a907a5a915.webp,0.85,15,1.17,1.17,0,5.9,False,0,0,0,0,0,0,0,0,138,2026-03-11T08:58:38Z,,
tk-xy-n-30,019bff8a-a5c1-7149-81dc-ac55a1427863,Noivern,Deck Exclusives,1,0.7,206,0,206,1,0.3,1,40.1,True,deck-exclusives,112/162,Holofoil,Holo Rare,https://cdn.poketrace.com/cards/7154884a0241c58e.webp,0.46,54,0.698,0.698,0,0,False,0,0,0,0,0,0,0,0,206,2026-03-11T08:58:38Z,,
gym1-115,019bff7f-e2b8-7168-a03f-3b87820ba81e,Pewter City Gym,Gym Heroes,1.37,0.97,727,0,727,1,2.5,1,40.1,True,gym-heroes,115/132,Unlimited,Uncommon,https://cdn.poketrace.com/cards/4646d2084e01357a.webp,0.74,215,0.946,0.946,0,5.5,False,0,0,0,0,0,0,0,0,727,2026-03-11T08:58:38Z,,
sv04.5-113,019bff8c-7244-7168-b575-a76663aec650,Oricorio,League & Championship Cards,2,0.56,871,0,871,1,2.7,3,40.1,True,league-and-championship-cards,046/145,Reverse_Holofoil,Promo,https://cdn.poketrace.com/cards/9414b51fbf21c7a3.webp,0.34,449,0.545,0.545,0,12.1,False,0,0,0,0,0,0,0,0,871,2026-03-11T08:58:38Z,,
swshp-SWSH278,019bff98-542b-72cb-a941-f93eee226c18,Cinderace,Miscellaneous Cards & Products,1.28,0.3,1527,0,1527,1,5.3,1,40.1,True,miscellaneous-cards-and-products,034/202,Holofoil,Promo,https://cdn.poketrace.com/cards/ac4179f5e1d688c0.webp,0.21,1254,0.284,0.284,0,4.3,False,0,0,0,0,0,0,0,0,1527,2026-03-11T08:58:38Z,,
pop8-16,019bff80-d352-765e-b970-b8660777a04b,Riolu,DP Trainer Kit: Manaphy & Lucario,1.51,0.77,199,0,199,1,0.3,1,40.1,True,dp-trainer-kit-manaphy-and-lucario,6/12,Normal,Common,https://cdn.poketrace.com/cards/853f9ac30cc27463.webp,0.24,40,0.772,0.772,0,7.2,False,0,0,0,0,0,0,0,0,199,2026-03-11T08:58:38Z,,
sm115-32,019bff8d-8220-71c8-938e-078d4c16737a,Mew,Deck Exclusives,1.62,11.42,250,0,250,1,1.2,1,40,True,deck-exclusives,053/108,Normal,Rare,https://cdn.poketrace.com/cards/608540ece66f7ea8.webp,7.67,139,11.286,11.286,0,8.4,False,0,0,0,0,0,0,0,0,250,2026-03-11T08:58:38Z,,
pop7-17,019bff82-9f84-7584-9774-3749592777dd,Spinda,POP Series 7,1.23,1.23,225,0,225,1,0.7,1,40,True,pop-series-7,017/017,Normal,Common,https://cdn.poketrace.com/cards/c5edf4c8b3cd8f0f.webp,0.73,72,1.222,1.222,0,3.6,False,0,0,0,0,0,0,0,0,225,2026-03-11T08:58:38Z,,
bw3-35,019bff78-a648-7332-9aa3-4543d57029a4,Blitzle,McDonald's Promos 2011,2.47,3.62,191,0,191,1,0.7,1,40,True,mcdonalds-promos-2011,006/012,Holofoil,Promo,https://cdn.poketrace.com/cards/b31f7781d8d207b1.webp,2.03,59,3.594,3.594,0,15.7,False,0,0,0,0,0,0,0,0,191,2026-03-11T08:58:38Z,,
pl1-20,019bff78-a647-717f-a4e1-f00fb0e7e5f6,Bastiodon,Deck Exclusives,1.24,1,209,0,209,1,0.6,1,40,True,deck-exclusives,021/123,Holofoil,Holo Rare,https://cdn.poketrace.com/cards/afd78eb14f145fb9.webp,0.79,32,1.006,1.006,0,3.7,False,0,0,0,0,0,0,0,0,209,2026-03-11T08:58:38Z,,
neo3-39,019bff83-863f-718a-b5c3-4641c516e16c,Unown [B],Neo Revelation,1.12,1.68,584,0,584,1,2.4,1,40,True,neo-revelation,39/64,Unlimited,Uncommon,https://cdn.poketrace.com/cards/3e665d9703f7ef5d.webp,1.18,172,1.64,1.64,0,2,False,0,0,0,0,0,0,0,0,584,2026-03-11T08:58:38Z,,
gym1-112,019bff7e-1600-7088-8281-af8b28aae59d,Lt. Surge's Treaty,Gym Heroes,1.71,1.77,657,0,657,1,2.7,1,40,True,gym-heroes,112/132,Unlimited,Uncommon,https://cdn.poketrace.com/cards/35866b2ffd2d5201.webp,1.25,196,1.722,1.722,0,9.3,False,0,0,0,0,0,0,0,0,657,2026-03-11T08:58:38Z,,
sm8-82,019bff8e-8808-757d-bbc7-d9448ba6e2a5,Zebstrika,League & Championship Cards,1.37,0.71,291,0,291,1,1.8,3,39.9,True,league-and-championship-cards,042/114,Reverse_Holofoil,Promo,https://cdn.poketrace.com/cards/02a2d39239312ac3.webp,0.49,155,0.6975,0.6975,0,5.5,False,0,0,0,0,0,0,0,0,291,2026-03-11T08:58:38Z,,
dv1-15,019bff8e-880a-77bb-844e-fab70be6bb9f,Fraxure,League & Championship Cards,1.38,0.8,242,0,242,1,1.5,1,39.9,True,league-and-championship-cards,087/101,Reverse_Holofoil,Promo,https://cdn.poketrace.com/cards/7a23e3d8e634ed45.webp,0.68,154,0.788,0.788,0,5.6,False,0,0,0,0,0,0,0,0,242,2026-03-11T08:58:38Z,,
xyp-XY142,019bff8e-880a-77bb-844e-77fb74565abf,Azelf,League & Championship Cards,2.06,7.08,339,0,339,1,1.8,1,39.9,True,league-and-championship-cards,019/146,Reverse_Holofoil,Promo,https://cdn.poketrace.com/cards/d7d41ba02e651e27.webp,7.06,223,6.952,6.952,0,12.5,False,0,0,0,0,0,0,0,0,339,2026-03-11T08:58:38Z,,
sm6-80,019bff90-0db3-7328-a5c7-00889b66aaec,Guzzlord,League & Championship Cards,2.43,0.89,915,0,915,1,4.2,3,39.9,True,league-and-championship-cards,080/131,Reverse_Holofoil,Promo,https://cdn.poketrace.com/cards/485ac844221c4883.webp,0.71,559,0.8525,0.8525,0,15.4,False,0,0,0,0,0,0,0,0,915,2026-03-11T08:58:38Z,,
bw11-RC1,019bff82-9f83-70dd-a44d-f3aadc5e6184,Snivy,Legendary Treasures: Radiant Collection,1.25,2.44,1325,0,1325,1,6.1,1,39.8,True,legendary-treasures-radiant-collection,RC1/RC25,Holofoil,Common,https://cdn.poketrace.com/cards/aa0506ed488793ea.webp,1.13,424,2.29,2.29,0,3.9,False,0,0,0,0,0,0,0,0,1325,2026-03-11T08:58:38Z,,
bw1-19,019bff8e-8808-757d-bbc8-a3f940c59bec,Emboar,Deck Exclusives,2.18,1.73,163,0,163,1,1.5,1,39.8,True,deck-exclusives,019/114,Holofoil,Holo Rare,https://cdn.poketrace.com/cards/2ad9dff924aaef81.webp,1.12,40,1.704,1.704,0,13.5,False,0,0,0,0,0,0,0,0,163,2026-03-11T08:58:38Z,,
sm11-88,019bff7e-fc51-74ac-aafe-fa56be9933e5,Munna,McDonald's Promos 2011,2,4.18,170,0,170,1,1.6,1,39.8,True,mcdonalds-promos-2011,007/012,Holofoil,Promo,https://cdn.poketrace.com/cards/6403a84eb58eee9c.webp,1.8,51,4.114,4.114,0,12,False,0,0,0,0,0,0,0,0,170,2026-03-11T08:58:38Z,,
neo4-45,019bff7e-1600-7088-827f-9e32ba76119c,Light Dewgong,Neo Destiny,1.99,1.78,732,0,732,1,3.7,1,39.8,True,neo-destiny,045/105,Unlimited,Uncommon,https://cdn.poketrace.com/cards/536a21ec48196e11.webp,1.08,229,1.714,1.714,0,11.9,False,0,0,0,0,0,0,0,0,732,2026-03-11T08:58:38Z,,
ex2-55,019bff84-6f78-703d-b07f-1d5b74108f3e,Xatu,Neo Discovery,1.02,0.78,771,0,771,1,3.8,1,39.8,True,neo-discovery,52/75,Unlimited,Uncommon,https://cdn.poketrace.com/cards/f9a3c021ef9705ff.webp,0.56,185,0.75,0.75,0,0.3,False,0,0,0,0,0,0,0,0,771,2026-03-11T08:58:38Z,,
hgss2-19,019bff7e-1600-7088-8281-c05c0dd45480,Lucario,DP Trainer Kit: Manaphy & Lucario,2.01,5.14,365,0,365,1,2.2,1,39.8,True,dp-trainer-kit-manaphy-and-lucario,3/11,Holofoil,Common,https://cdn.poketrace.com/cards/046b78a7efb63fe0.webp,3.97,31,5.028,5.028,0,12.1,False,0,0,0,0,0,0,0,0,365,2026-03-11T08:58:38Z,,
xy3-7,019bff85-5452-714a-9660-5261189907b2,Leafeon,Deck Exclusives,2.42,10.06,242,0,242,1,2.1,1,39.8,True,deck-exclusives,011/116,Holofoil,Holo Rare,https://cdn.poketrace.com/cards/0b94dec56aee870e.webp,6.4,41,9.85,9.85,0,15.3,False,0,0,0,0,0,0,0,0,242,2026-03-11T08:58:38Z,,
xy1-26,019bff8c-7244-7168-b575-c82de4d0b88a,Delphox,Deck Exclusives,1.46,0.44,287,0,287,1,2.7,1,39.7,True,deck-exclusives,026/146,Normal,Rare,https://cdn.poketrace.com/cards/a9c9daff81b2da91.webp,0.36,221,0.452,0.452,0,6.5,False,0,0,0,0,0,0,0,0,287,2026-03-11T08:58:38Z,,
swshp-SWSH192,019bff85-5452-714a-9660-4c0a8bfb0052,Glaceon,Deck Exclusives,2.53,11.23,207,0,207,1,2.9,1,39.6,True,deck-exclusives,023/116,Holofoil,Holo Rare,https://cdn.poketrace.com/cards/c1cebf0277a584d6.webp,5.38,34,10.906,10.906,0,16,False,0,0,0,0,0,0,0,0,207,2026-03-11T08:58:38Z,,
ex7-27,019bff80-d351-7535-a79a-9adda35553dd,Qwilfish,Neo Revelation,1.39,0.67,1309,0,1309,1,8.1,1,39.4,True,neo-revelation,49/64,Unlimited,Common,https://cdn.poketrace.com/cards/405795a0dd06028b.webp,0.6,295,0.616,0.616,0,5.6,False,0,0,0,0,0,0,0,0,1309,2026-03-11T08:58:38Z,,
dp6-39,019bff8e-8809-74ef-bc94-d6bbb1587b5c,Registeel,League & Championship Cards,1.92,0.86,522,0,522,1,5.2,3,39.4,True,league-and-championship-cards,068/111,Reverse_Holofoil,Promo,https://cdn.poketrace.com/cards/1639a0d5e51374c4.webp,0.63,291,0.815,0.815,0,11.2,False,0,0,0,0,0,0,0,0,522,2026-03-11T08:58:38Z,,
swsh3.5-73,019bff9e-cb4b-734c-ae3f-389a662c7a2b,Hop,Battle Academy 2022,1.37,0.12,26,0,26,1,3.3,1,39.4,True,battle-academy-2022,165/202,Normal,Promo,https://cdn.poketrace.com/cards/fa8198ff512af718.webp,0.05,25,0.116,0.116,0,5.4,False,0,0,0,0,0,0,0,0,26,2026-03-11T08:58:38Z,,
gym1-109,019bff7b-60a6-776a-9f3d-e87b0d8a0205,Erika's Maids,Gym Heroes,2.52,3.43,801,0,801,1,6.5,1,39.3,True,gym-heroes,109/132,Unlimited,Uncommon,https://cdn.poketrace.com/cards/c59745bd957c461a.webp,1.31,251,3.208,3.208,0,15.8,False,0,0,0,0,0,0,0,0,801,2026-03-11T08:58:38Z,,
bw5-69,019bff84-6f78-703d-b080-9a045ba7a13a,Zorua,McDonald's Promos 2011,1.19,8.13,257,0,257,1,5.9,1,39,True,mcdonalds-promos-2011,009/012,Holofoil,Promo,https://cdn.poketrace.com/cards/0f748ba133cb0107.webp,3.74,74,8.61,8.61,0,2.9,False,0,0,0,0,0,0,0,0,257,2026-03-11T08:58:38Z,,
base5-42,019bff7a-78f3-7153-ae66-27e466381f41,Dark Persian,Team Rocket,2.26,1.67,1780,0,1780,1,12.7,1,38.9,True,team-rocket,42/82,Unlimited,Uncommon,https://cdn.poketrace.com/cards/a7e20398d1525a9c.webp,1.25,461,1.882,1.882,0,13.8,False,0,0,0,0,0,0,0,0,1780,2026-03-11T08:58:38Z,,
neo1-35,019bff7b-60a8-766b-9d0b-9b01812c5f19,Furret,Neo Genesis,1.74,2.37,770,0,770,1,8.5,1,38.9,True,neo-genesis,035/111,Unlimited,Uncommon,https://cdn.poketrace.com/cards/a9d4964dd68ab616.webp,1.31,234,2.168,2.168,0,9.4,False,0,0,0,0,0,0,0,0,770,2026-03-11T08:58:38Z,,
gym2-70,019c3ac3-ec74-75a4-8a9a-9270625a1ec0,Erika's Oddish,ME: Ascended Heroes,1.46,0.15,1360,0,1360,1,12,1,38.7,True,me-ascended-heroes,001/217,Normal,Common,https://cdn.poketrace.com/cards/0dc3bb071851b297.webp,0.08,1358,0.132,0.132,0,6.4,False,0,0,0,0,0,0,0,0,1360,2026-03-11T08:58:38Z,,
me02.5-127,019c3ac3-ec75-7458-b96a-20f5de297875,Team Rocket's Honchkrow,ME: Ascended Heroes,1.37,1.2,4930,0,4930,1,26.9,3,38.5,True,me-ascended-heroes,127/217,Holofoil,Rare,https://cdn.poketrace.com/cards/2743e7f8d42a2709.webp,1.25,4781,1.5225,1.5225,0,5.3,False,0,0,0,0,0,0,0,0,4930,2026-03-11T08:58:38Z,,
me02.5-084,019c120d-7a16-75b2-9e37-36ed10811e71,Azumarill ex,ME: Ascended Heroes,1.13,1.26,865,0,865,1,11.7,1,38.3,True,me-ascended-heroes,084/217,Holofoil,Double Rare,https://cdn.poketrace.com/cards/ed4966c07f267081.webp,1.06,834,1.408,1.408,0,2,False,0,0,0,0,0,0,0,0,865,2026-03-11T08:58:38Z,,
me02.5-162,019c120d-efc9-7069-babb-9d4ce8e9fddb,Team Rocket's Kangaskhan ex,ME: Ascended Heroes,1.13,1.18,1031,0,1031,1,19.3,1,37,True,me-ascended-heroes,162/217,Holofoil,Double Rare,https://cdn.poketrace.com/cards/9e1e846212c6ab8f.webp,1.23,1019,1.408,1.408,0,2,False,0,0,0,0,0,0,0,0,1031,2026-03-11T08:58:38Z,,
me02.5-116,019c120d-7a16-75b2-9e37-aebaf23e0f2d,Mega Hawlucha ex,ME: Ascended Heroes,1.14,1.31,1259,0,1259,1,20.3,1,36.9,True,me-ascended-heroes,116/217,Holofoil,Double Rare,https://cdn.poketrace.com/cards/08a7c0c4235bd724.webp,2.57,1251,1.576,1.576,0,2.1,False,0,0,0,0,0,0,0,0,1259,2026-03-11T08:58:38Z,,
me02.5-135,019c120d-efc9-7069-babb-35602607013b,Mega Scrafty ex,ME: Ascended Heroes,1.61,1.65,1174,0,1174,1,21.8,1,36.6,True,me-ascended-heroes,135/217,Holofoil,Double Rare,https://cdn.poketrace.com/cards/c8c7ff89457a63d3.webp,1.42,1168,2.01,2.01,0,7.6,False,0,0,0,0,0,0,0,0,1174,2026-03-11T08:58:38Z,,
me02.5-061,019c120d-7a16-75b2-9e36-d8bf6702a0f7,Mega Eelektross ex,ME: Ascended Heroes,1.89,1.76,1547,0,1547,1,29.5,3,35.3,True,me-ascended-heroes,061/217,Holofoil,Double Rare,https://cdn.poketrace.com/cards/a1aebeca1df64e2f.webp,3.64,1500,2.28,2.28,0,9.8,False,0,0,0,0,0,0,0,0,1547,2026-03-11T08:58:38Z,,
me02.5-003,019c120d-7a15-756a-9cf7-0aa656ea2373,Erika's Vileplume ex,ME: Ascended Heroes,1.87,1.86,1444,0,1444,1,30.2,1,35.1,True,me-ascended-heroes,003/217,Holofoil,Double Rare,https://cdn.poketrace.com/cards/fb6dd43283abf860.webp,3.43,1440,2.422,2.422,0,9.5,False,0,0,0,0,0,0,0,0,1444,2026-03-11T08:58:38Z,,
me02.5-172,019c120d-efca-758b-b4b5-550e8ed81532,Mega Audino ex,ME: Ascended Heroes,2.18,2.3,1252,0,1252,1,31.3,1,34.7,True,me-ascended-heroes,172/217,Holofoil,Double Rare,https://cdn.poketrace.com/cards/094194e934241d04.webp,4.03,1207,3.02,3.02,0,11.7,False,0,0,0,0,0,0,0,0,1252,2026-03-11T08:58:38Z,,
me02.5-254,019c120d-efcb-702c-81c2-8283e81c06d6,Anthea & Concordia,ME: Ascended Heroes,1.77,1.77,958,0,958,1,34.6,1,33.8,True,me-ascended-heroes,254/217,Holofoil,Ultra Rare,https://cdn.poketrace.com/cards/7b96e692b8cc8dda.webp,3.11,938,2.382,2.382,0,8.4,False,0,0,0,0,0,0,0,0,958,2026-03-11T08:58:38Z,,
sm7.5-24,019bff7b-60a7-77b8-b491-8c617559b160,Feraligatr,Mysterious Treasures,1.07,0.75,205,42,163,2,258.4,1,30.2,True,mysterious-treasures,8/123,Reverse_Holofoil,Holo Rare,https://cdn.poketrace.com/cards/7d078bec703f177b.webp,6.44,23,2.688,2.688,0,0.9,True,0,0,0,0,127.5,10,0,0,184,2026-03-11T08:58:38Z,,
xy4-98,019bffd9-44bb-741a-8163-c5117cffd355,Jamming Net Team Flare Hyper Gear,XY4: Phantom Gate,1.93,6.96,13,13,0,1,0,999,30,True,xy4-phantom-gate,082/088,Normal,Rare,https://cdn.poketrace.com/cards/e0748b2ac013bede.webp,3.48,4,0,0,0,8.6,True,13.76,2,0,0,0,0,0,0,13,2026-03-11T08:58:38Z,,
pl4-19,019bff77-befb-757f-890c-dc7539355730,Golem,Fossil,1.6,1.31,2755,1,2754,2,5.8,1,0,False,fossil,36/62,Unlimited,Uncommon,https://cdn.poketrace.com/cards/0158ca80f5498d00.webp,1.02,580,1.386,1.386,0,0,True,0,0,0,0,0,0,0,0,2755,2026-03-11T08:58:38Z,,duplicate of 019bff77-befb-757f-890c-dc7539355730 (kept g1-45)
pl4-42,019bff77-bef9-75ac-b16b-37bdc39f8170,Haunter,Base Set,1.11,3.04,4313,193,4120,2,22.7,1,0,False,base-set,029/102,Normal,Uncommon,https://cdn.poketrace.com/cards/ab375cbc4f770d4a.webp,1.01,1003,2.35,2.35,0,0,True,152.5,31,171.25,171.25,38,29,41.940002,41.940002,4313,2026-03-11T08:58:38Z,,duplicate of 019bff77-bef9-75ac-b16b-37bdc39f8170 (kept dp7-40)
ex16-48,019bff77-befa-771d-bab1-131dd5c20ddd,Charmander,Base Set,1.79,2.11,12916,385,12531,2,4.4,1,0,False,base-set,046/102,Normal,Common,https://cdn.poketrace.com/cards/064c705d83ed50e2.webp,0.88,3740,2.018,2.018,0,0,True,195,41,206.65572,213.815,41.475,43,39.19143,38.178463,12916,2026-03-11T08:58:38Z,,duplicate of 019bff77-befa-771d-bab1-131dd5c20ddd (kept base1-46)
bw3-29,019bff8c-7243-760b-b38e-dcce303bab4c,Vanilluxe,SM - Guardians Rising,1.23,0.36,188,15,173,2,0,1,0,False,sm-guardians-rising,35/145,Reverse_Holofoil,Rare,https://cdn.poketrace.com/cards/8eb66e224678456d.webp,0.3,142,0.36,0.36,0,0,False,0,0,0,0,0,0,0,0,188,2026-03-11T08:58:38Z,,duplicate of 019bff8c-7243-760b-b38e-dcce303bab4c (kept bw4-33)
bw4-40,019bff77-bef9-75ac-b16a-f560046c2318,Raichu,Base Set,1.79,62.88,2680,374,2306,2,2,1,0,False,base-set,014/102,Holofoil,Holo Rare,https://cdn.poketrace.com/cards/3184c96a3f07b7fa.webp,43.24,273,61.64,61.64,0,0,True,2500,31,0,0,269.9,24,266.41284,266.41284,2680,2026-03-11T08:58:38Z,,duplicate of 019bff77-bef9-75ac-b16a-f560046c2318 (kept hgss3-33)
sv03-164,019bffa9-14a4-732a-bc79-7bcb2ed82386,Pidgeot ex,SV03: Obsidian Flames,1.78,2.77,9877,219,9658,2,12.3,1,0,False,sv03-obsidian-flames,164/197,Holofoil,Double Rare,https://cdn.poketrace.com/cards/a57c9a5b740ac691.webp,3.28,8528,3.11,3.11,0,0,True,29.95,27,290.92142,99.7048,12.99,26,9.264286,8.216,9877,2026-03-11T08:58:38Z,,duplicate of 019bffa9-14a4-732a-bc79-7bcb2ed82386 (kept sv03-217)
gym2-94,019bff81-ba59-7208-a499-3b4f72491f08,Sabrina's Abra,Gym Heroes,1.22,1.33,1208,45,1163,2,6,1,0,False,gym-heroes,091/132,Unlimited,Common,https://cdn.poketrace.com/cards/f36983680f8e846d.webp,0.88,349,1.25,1.25,0,0,True,125,6,0,0,9.5,4,0,0,1208,2026-03-11T08:58:38Z,,duplicate of 019bff81-ba59-7208-a499-3b4f72491f08 (kept gym2-93)
pl3-33,019bff7e-fc4f-7384-9b88-669c325549a6,Mawile,Crystal Guardians,1.22,19.16,185,56,129,2,1.3,1,0,False,crystal-guardians,9/100,Reverse_Holofoil,Holo Rare,https://cdn.poketrace.com/cards/a1f4bf86f0762a66.webp,9.89,59,18.908,18.908,0,0,True,202.5,8,409.31,409.31,45,14,41.712143,32.951168,185,2026-03-11T08:58:38Z,,duplicate of 019bff7e-fc4f-7384-9b88-669c325549a6 (kept ex13-23)
ex11-83,019bff77-befb-757f-890d-2bed048bebba,Slowpoke,Fossil,1.79,0.61,7373,8,7365,2,14.1,1,0,False,fossil,55/62,Unlimited,Common,https://cdn.poketrace.com/cards/709ab364c8331bc1.webp,0.49,1888,0.696,0.696,0,0,True,0,0,0,0,20.5,1,0,0,7373,2026-03-11T08:58:38Z,,duplicate of 019bff77-befb-757f-890d-2bed048bebba (kept lc-93)
ex1-42,019bff7e-fc50-71f0-aee1-cafd5d64ce1e,Mightyena,Ruby and Sapphire,1.8,16.85,164,43,121,2,1,1,0,False,ruby-and-sapphire,10/109,Reverse_Holofoil,Holo Rare,https://cdn.poketrace.com/cards/e6da1c1db9926388.webp,13.08,72,16.688,16.688,0,0,True,34.99,3,133.63571,175.97285,44.99,13,43.81,43.81,164,2026-03-11T08:58:38Z,,duplicate of 019bff7e-fc50-71f0-aee1-cafd5d64ce1e (kept xy0-17)
ex11-106,019c3ac3-ec66-706d-a49a-9bf8f795c9fb,Holon Energy WP,Dragon Frontiers,1.78,1.64,133,27,106,2,0,1,0,False,dragon-frontiers,86/101,Normal,Rare,https://cdn.poketrace.com/cards/4b3e9ca8ed57d982.webp,0.88,28,1.64,1.64,0,0,True,0,0,0,0,22,2,0,0,133,2026-03-11T08:58:38Z,,duplicate of 019c3ac3-ec66-706d-a49a-9bf8f795c9fb (kept ex15-86)
bw5-62,019bff81-ba59-7208-a499-0759e14dd9e0,Sableye,Crystal Guardians,1.78,27.62,226,90,136,2,2.2,1,0,False,crystal-guardians,10/100,Reverse_Holofoil,Holo Rare,https://cdn.poketrace.com/cards/25899fb02c8bd108.webp,29.84,50,27.004,27.004,0,0,True,800,6,406.78427,246.17375,151.5,25,151.5,151.5,226,2026-03-11T08:58:38Z,,duplicate of 019bff81-ba59-7208-a499-0759e14dd9e0 (kept ex13-31)
ex11-44,019bff7c-4505-7332-a33a-3007223b5c7e,Hariyama,Delta Species,1.8,9.47,124,46,78,2,1.5,1,0,False,delta-species,44/113,Reverse_Holofoil,Uncommon,https://cdn.poketrace.com/cards/2eccaf159f81d510.webp,7.6,47,9.326,9.326,0,0,True,399.99,12,0,0,45,12,0,0,124,2026-03-11T08:58:38Z,,duplicate of 019bff7c-4505-7332-a33a-3007223b5c7e (kept hgss3-14)
sm8-75,019bff7e-1601-757e-bd2f-ec281af2fa57,Mareep,Neo Discovery,1.22,0.85,1390,51,1339,2,1.2,1,0,False,neo-discovery,58/75,Unlimited,Common,https://cdn.poketrace.com/cards/9ffc4da5efdb22b8.webp,0.52,412,0.86,0.86,0,0,True,55,8,47.163574,45.278038,27.21,7,21.07,24.95827,1390,2026-03-11T08:58:38Z,,duplicate of 019bff7e-1601-757e-bd2f-ec281af2fa57 (kept ex7-67)
ex6-59,019bff77-befa-771d-bab1-22f7538ff23f,Clefairy,Base Set,1.22,28.21,2881,390,2491,2,0.2,1,0,False,base-set,005/102,Holofoil,Holo Rare,https://cdn.poketrace.com/cards/f3c0e502e80abd9b.webp,20.34,249,28.266,28.266,0,0,True,4099.99,35,3557.995,3557.995,228.5,12,261.75,261.75,2881,2026-03-11T08:58:38Z,,duplicate of 019bff77-befa-771d-bab1-22f7538ff23f (kept xy12-63)
ex8-31,019bff77-befb-757f-890c-d726f056a54e,Golbat,Fossil,1.78,0.67,2683,0,2683,1,2.1,1,0,False,fossil,34/62,Unlimited,Uncommon,https://cdn.poketrace.com/cards/940ee6885a82062d.webp,0.34,899,0.656,0.656,0,0,False,0,0,0,0,0,0,0,0,2683,2026-03-11T08:58:38Z,,duplicate of 019bff77-befb-757f-890c-d726f056a54e (kept base3-34)
bw3-5,019bff89-bc5e-71ed-9468-9177a31f1c1c,Lilligant,XY - BREAKpoint,1.8,0.64,209,18,191,2,1.9,1,0,False,xy-breakpoint,8/122,Reverse_Holofoil,Rare,https://cdn.poketrace.com/cards/824f609ee335213f.webp,0.47,142,0.628,0.628,0,0,True,0,0,0,0,13.5,1,0,0,209,2026-03-11T08:58:38Z,,duplicate of 019bff89-bc5e-71ed-9468-9177a31f1c1c (kept bw1-10)
dp2-69,019bff77-befa-771d-bab1-0769c4acd0a1,Abra,Base Set,1.8,1.33,8404,193,8211,2,3.2,1,0,False,base-set,043/102,Normal,Common,https://cdn.poketrace.com/cards/4ccde5e3f60140c7.webp,0.47,2461,1.372,1.372,0,0,True,121.25,30,128.74667,128.74667,26,27,34.55375,34.55375,8404,2026-03-11T08:58:38Z,,duplicate of 019bff77-befa-771d-bab1-0769c4acd0a1 (kept base1-43)
sm8-103,019bff8a-a5c1-7149-81da-9ef942bd026a,Chandelure,XY - Steam Siege,1.8,1.26,498,29,469,2,0.5,1,0,False,xy-steam-siege,50/114,Reverse_Holofoil,Holo Rare,https://cdn.poketrace.com/cards/bb02a12a617ac426.webp,1.16,335,1.266,1.266,0,0,True,179.99,1,47.424286,58.30875,0,0,0,0,498,2026-03-11T08:58:38Z,,duplicate of 019bff8a-a5c1-7149-81da-9ef942bd026a (kept bw4-20)
tk-xy-latio-25,019bff77-befc-77ae-b882-ccf1e283864e,Rhydon,Jungle,1.8,0.94,3575,18,3557,2,8.5,1,0,False,jungle,45/64,Unlimited,Uncommon,https://cdn.poketrace.com/cards/ac2f109980caf9ac.webp,0.58,800,1.02,1.02,0,0,True,0,0,0,0,75,1,0,0,3575,2026-03-11T08:58:38Z,,duplicate of 019bff77-befc-77ae-b882-ccf1e283864e (kept base2-45)
pop7-16,019bff81-ba5a-741b-bef4-569876a2145d,Sentret,Neo Discovery,1.77,0.55,1447,0,1447,1,0.4,1,0,False,neo-discovery,63/75,Unlimited,Common,https://cdn.poketrace.com/cards/952b70f194654724.webp,0.36,362,0.548,0.548,0,0,False,0,0,0,0,0,0,0,0,1447,2026-03-11T08:58:38Z,,duplicate of 019bff81-ba5a-741b-bef4-569876a2145d (kept tk-xy-w-4)
dv1-13,019bff9d-c5dd-752a-bcc4-247a4c5637fb,Axew,SWSH09: Brilliant Stars,1.8,0.21,535,20,515,2,6.7,1,0,False,swsh09-brilliant-stars,110/172,Reverse_Holofoil,Common,https://cdn.poketrace.com/cards/d8197fa7d1ad39b6.webp,0.16,425,0.196,0.196,0,0,True,29.64,1,0,0,0,0,0,0,535,2026-03-11T08:58:38Z,,duplicate of 019bff9d-c5dd-752a-bcc4-247a4c5637fb (kept dv1-12)
bw8-7,019bff79-8e0f-74bf-99c5-04d9ddbefae2,Cherrim,Diamond and Pearl,1.22,4.56,131,16,115,2,0,1,0,False,diamond-and-pearl,45/130,Reverse_Holofoil,Uncommon,https://cdn.poketrace.com/cards/70da85fa1825a1e6.webp,2.51,71,4.56,4.56,0,0,True,0,0,0,0,81.86,1,19.97,19.97,131,2026-03-11T08:58:38Z,,duplicate of 019bff79-8e0f-74bf-99c5-04d9ddbefae2 (kept dp7-14)
ex15-18,,Ledian δ,,1.78,0,0,0,0,0,0,0,0,False,,,,,,0,0,0,0,0,0,False,0,0,0,0,0,0,0,0,0,2026-03-11T08:58:38Z,,
swsh2-40,019bff77-befa-771d-bab1-4fc9c9a910aa,Gyarados,Base Set,1.22,39.17,4484,431,4053,2,5.6,1,0,False,base-set,006/102,Holofoil,Holo Rare,https://cdn.poketrace.com/cards/84034e021944d9a2.webp,23.27,354,36.962,36.962,0,0,True,1620,30,1622.9967,1622.9967,207,34,167.64285,183.125,4484,2026-03-11T08:58:38Z,,duplicate of 019bff77-befa-771d-bab1-4fc9c9a910aa (kept sm3-33)
ex6-46,019bff77-befa-771d-bab0-eca0baf2c0f4,Poliwhirl,Base Set,1.81,1.33,3925,166,3759,2,6.8,1,0,False,base-set,038/102,Normal,Uncommon,https://cdn.poketrace.com/cards/a633014cfe332dd9.webp,0.5,856,1.24,1.24,0,0,True,160,26,0,0,48.88,25,48.88,48.88,3925,2026-03-11T08:58:38Z,,duplicate of 019bff77-befa-771d-bab0-eca0baf2c0f4 (kept base1-38)
ex4-57,019c3ac3-ec68-7410-8be2-b71707340261,Team Aqua's Spheal,Team Magma vs Team Aqua,1.78,1.49,477,14,463,2,5,1,0,False,team-magma-vs-team-aqua,56/95,Normal,Common,https://cdn.poketrace.com/cards/146a7a5ab2d26803.webp,0.82,199,1.416,1.416,0,0,True,51.19,1,0,0,0,0,0,0,477,2026-03-11T08:58:38Z,,duplicate of 019c3ac3-ec68-7410-8be2-b71707340261 (kept ex4-56)
neo1-57,019bff79-8e10-76e9-bb10-538f19c42ced,Cyndaquil,Neo Destiny,1.23,1.71,1058,1,1057,2,4.1,1,0,False,neo-destiny,061/105,Unlimited,Common,https://cdn.poketrace.com/cards/1e0733a43e97e1e4.webp,1.15,334,1.78,1.78,0,0,False,0,0,0,0,0,0,0,0,1058,2026-03-11T08:58:38Z,,duplicate of 019bff79-8e10-76e9-bb10-538f19c42ced (kept hgss1-61)
swsh4.5-19,019bff9c-c081-7545-beeb-16f79a51eb84,Cinderace VMAX,SWSH08: Fusion Strike,1.81,2.98,3010,152,2858,2,11.6,1,0,False,swsh08-fusion-strike,045/264,Holofoil,Ultra Rare,https://cdn.poketrace.com/cards/dc819fb48d88e066.webp,2.47,2588,2.634,2.634,0,0,True,85,34,82.5,82.5,17.5,25,0,0,3010,2026-03-11T08:58:38Z,,duplicate of 019bff9c-c081-7545-beeb-16f79a51eb84 (kept swsh2-36)
swsh2-184,019bff9a-858b-718a-932a-0308c37c57be,Sandaconda V,SWSH06: Chilling Reign,1.78,0.65,2503,45,2458,2,1.8,1,0,False,swsh06-chilling-reign,089/198,Holofoil,Ultra Rare,https://cdn.poketrace.com/cards/2266fe7e8309c9fc.webp,0.69,2192,0.638,0.638,0,0,True,33,2,0,0,7.5,3,0,0,2503,2026-03-11T08:58:38Z,,duplicate of 019bff9a-858b-718a-932a-0308c37c57be (kept swsh6-175)
base3-32,019bff77-befb-757f-890c-cf7e8816080c,Cloyster,Fossil,1.81,0.94,3530,133,3397,2,7.9,1,0,False,fossil,32/62,Unlimited,Uncommon,https://cdn.poketrace.com/cards/c9914aceb19a7952.webp,0.55,779,1.014,1.014,0,0,True,120,22,110,110,25,23,47.563,47.563,3530,2026-03-11T08:58:38Z,,duplicate of 019bff77-befb-757f-890c-cf7e8816080c (kept ex6-20)
ex2-93,019bff7e-fc51-74ac-aafe-c77c641a950b,Multi Energy,Sandstorm,1.23,6.27,96,28,68,2,2.5,1,0,False,sandstorm,93/100,Reverse_Holofoil,Rare,https://cdn.poketrace.com/cards/a35ba34458160e4b.webp,3.23,45,6.428,6.428,0,0,True,0,0,0,0,15.43,5,0,0,96,2026-03-11T08:58:38Z,,duplicate of 019bff7e-fc51-74ac-aafe-c77c641a950b (kept ex16-89)
ex7-75,019bff81-ba5a-741b-bef4-569876a2145d,Sentret,Neo Discovery,1.81,0.55,1447,0,1447,1,0.4,1,0,False,neo-discovery,63/75,Unlimited,Common,https://cdn.poketrace.com/cards/952b70f194654724.webp,0.36,362,0.548,0.548,0,0,False,0,0,0,0,0,0,0,0,1447,2026-03-11T08:58:38Z,,duplicate of 019bff81-ba5a-741b-bef4-569876a2145d (kept tk-xy-w-4)
dp6-96,019bff77-befc-77ae-b882-ae455dc48a59,Gloom,Jungle,1.23,0.61,3782,0,3782,1,1,1,0,False,jungle,37/64,Unlimited,Uncommon,https://cdn.poketrace.com/cards/eaf6b094732230a9.webp,0.5,845,0.616,0.616,0,0,False,0,0,0,0,0,0,0,0,3782,2026-03-11T08:58:38Z,,duplicate of 019bff77-befc-77ae-b882-ae455dc48a59 (kept base2-37)
ex14-29,019bff77-bef9-75ac-b16b-224db895485a,Charmeleon,Base Set,1.81,2.75,6358,290,6068,2,8.2,1,0,False,base-set,024/102,Normal,Uncommon,https://cdn.poketrace.com/cards/c922364e82b319e5.webp,1.09,1333,2.524,2.524,0,0,True,150.72,28,169.36,169.36,42.99,23,37.620003,37.620003,6358,2026-03-11T08:58:38Z,,duplicate of 019bff77-bef9-75ac-b16b-224db895485a (kept bw7-19)
xy12-97,019bff7a-78f3-7153-ae67-008a2d81e826,Darkness Energy,Neo Genesis,1.81,5.33,579,24,555,2,0.9,1,0,False,neo-genesis,104/111,Unlimited,Rare,https://cdn.poketrace.com/cards/738f97c3384351ab.webp,3.61,127,5.282,5.282,0,0,True,39,5,0,0,9.51,2,0,0,579,2026-03-11T08:58:38Z,,duplicate of 019bff7a-78f3-7153-ae67-008a2d81e826 (kept neo1-104)
det1-11,019bff77-befb-757f-890b-7370f372b951,Mr. Mime,Base Set 2,1.81,5.59,991,69,922,2,1.6,1,0,False,base-set-2,027/130,Normal,Rare,https://cdn.poketrace.com/cards/b3b39427ec1493a9.webp,3.33,278,5.498,5.498,0,0,True,28,11,36.662857,39.84889,47.25,22,20.442858,21.472,991,2026-03-11T08:58:38Z,,duplicate of 019bff77-befb-757f-890b-7370f372b951 (kept dp2-30)
sm7.5-6,019bff78-a647-717f-a4e4-88d835837312,Blaziken,Ruby and Sapphire,1.78,30.38,241,63,178,2,4.2,1,0,False,ruby-and-sapphire,15/109,Reverse_Holofoil,Rare,https://cdn.poketrace.com/cards/6551c220bbad9938.webp,21.63,95,29.106,29.106,0,0,True,420,1,109.42857,120.75,76,17,44.82143,47.766666,241,2026-03-11T08:58:38Z,,duplicate of 019bff78-a647-717f-a4e4-88d835837312 (kept ex1-15)
base4-42,019bff77-bef9-75ac-b16b-3012cecb99ac,Growlithe,Base Set,1.77,1.17,4292,170,4122,2,9.4,1,0,False,base-set,028/102,Normal,Uncommon,https://cdn.poketrace.com/cards/09ac3e0a01a8dbc2.webp,0.75,865,1.06,1.06,0,0,True,100,29,0,0,15.5,25,18,18,4292,2026-03-11T08:58:38Z,,duplicate of 019bff77-bef9-75ac-b16b-3012cecb99ac (kept base1-28)
gym2-96,019bff81-ba59-7208-a499-553de981a4ea,Sabrina's Gastly,Gym Heroes,1.77,1.62,1444,2,1442,2,1.5,1,0,False,gym-heroes,093/132,Unlimited,Common,https://cdn.poketrace.com/cards/e776bd5c5e9dae91.webp,1.05,385,1.596,1.596,0,0,False,0,0,0,0,0,0,0,0,1444,2026-03-11T08:58:38Z,,duplicate of 019bff81-ba59-7208-a499-553de981a4ea (kept gym2-97)
xy5-8,019bff81-ba59-7208-a49a-789534391408,Sceptile,Ruby and Sapphire,1.82,25.13,153,51,102,2,1,1,0,False,ruby-and-sapphire,20/109,Reverse_Holofoil,Rare,https://cdn.poketrace.com/cards/897fed0571bdfa34.webp,15.85,39,24.876,24.876,0,0,True,120,4,0,0,84.58,16,0,0,153,2026-03-11T08:58:38Z,,duplicate of 019bff81-ba59-7208-a49a-789534391408 (kept pl4-31)
ex16-38,019bff81-ba5a-741b-bef4-e6bf501b7c3b,Sharpedo,Ruby and Sapphire,1.23,15.24,116,38,78,2,25.2,1,0,False,ruby-and-sapphire,22/109,Reverse_Holofoil,Rare,https://cdn.poketrace.com/cards/f61765b52ad61574.webp,6.4,37,11.406,11.406,0,0,True,97.4,2,0,0,87.99,8,0,0,116,2026-03-11T08:58:38Z,,duplicate of 019bff81-ba5a-741b-bef4-e6bf501b7c3b (kept ex1-22)
ex14-68,,Treecko δ,,1.23,0,0,0,0,0,0,0,0,False,,,,,,0,0,0,0,0,0,False,0,0,0,0,0,0,0,0,0,2026-03-11T08:58:38Z,,
pop6-1,019bff78-a647-717f-a4e1-f00fb0e7e5f6,Bastiodon,Deck Exclusives,1.82,1,209,0,209,1,0.6,1,0,False,deck-exclusives,021/123,Holofoil,Holo Rare,https://cdn.poketrace.com/cards/afd78eb14f145fb9.webp,0.79,32,1.006,1.006,0,0,False,0,0,0,0,0,0,0,0,209,2026-03-11T08:58:38Z,,duplicate of 019bff78-a647-717f-a4e1-f00fb0e7e5f6 (kept pl1-20)
me02-095,019bff7e-1601-757e-bd2b-8646764e5aba,Ludicolo,Deoxys,1.82,20.08,137,46,91,2,0,1,0,False,deoxys,19/107,Reverse_Holofoil,Rare,https://cdn.poketrace.com/cards/b6ba965beb8fa7c5.webp,11.66,21,20.08,20.08,0,0,True,555,2,352.48,352.48,44.65,15,46.425713,62.963215,137,2026-03-11T08:58:38Z,,duplicate of 019bff7e-1601-757e-bd2b-8646764e5aba (kept xy5-37)
ex15-36,,Quilava δ,,1.82,0,0,0,0,0,0,0,0,False,,,,,,0,0,0,0,0,0,False,0,0,0,0,0,0,0,0,0,2026-03-11T08:58:38Z,,
swsh3-179,019bff99-7af1-7262-a093-ab113d6df074,Centiskorch V,Shining Fates: Shiny Vault,1.77,1.15,2368,157,2211,2,4.2,1,0,False,shining-fates-shiny-vault,SV108/SV122,Holofoil,Shiny Holo Rare,https://cdn.poketrace.com/cards/78e5ecfe1dbd206d.webp,1.13,2119,1.102,1.102,0,0,True,25,30,0,0,13.5,26,0,0,2368,2026-03-11T08:58:38Z,,duplicate of 019bff99-7af1-7262-a093-ab113d6df074 (kept swsh4.5-SV108)
bw5-82,019bff78-a647-717f-a4e4-c1741a7bbad6,Blissey,Neo Revelation,1.21,58.94,389,163,226,2,0,1,0,False,neo-revelation,02/64,Unlimited_Holofoil,Holo Rare,https://cdn.poketrace.com/cards/3e63a80128e46100.webp,41.9,19,58.94,58.94,0,0,True,210,1,90000,90000,175,13,0,0,389,2026-03-11T08:58:38Z,,duplicate of 019bff78-a647-717f-a4e4-c1741a7bbad6 (kept hgss1-36)
base4-33,019bff77-bef9-75ac-b16b-1dfb59e80b55,Arcanine,Base Set,1.82,3.02,3894,230,3664,2,10.5,1,0,False,base-set,023/102,Normal,Uncommon,https://cdn.poketrace.com/cards/bf03e8b08c598353.webp,1.46,864,3.338,3.338,0,0,True,245,28,243.25,243.25,62,25,65.15357,67.00938,3894,2026-03-11T08:58:38Z,,duplicate of 019bff77-bef9-75ac-b16b-1dfb59e80b55 (kept pl3-50)
ex3-46,019bff83-8640-7057-ac6d-f37fa9d8a562,Vibrava,Power Keepers,1.22,6.34,126,33,93,2,1.4,1,0,False,power-keepers,40/108,Reverse_Holofoil,Uncommon,https://cdn.poketrace.com/cards/8cd33538889e58bd.webp,3.75,45,6.428,6.428,0,0,True,56,1,0,0,28,4,19.556667,19.556667,126,2026-03-11T08:58:38Z,,duplicate of 019bff83-8640-7057-ac6d-f37fa9d8a562 (kept sv08-206)
neo1-22,019bff7b-60a5-76b8-99df-3e667aa39c9d,Elekid,Neo Genesis,1.81,3.51,896,11,885,2,1,1,0,False,neo-genesis,022/111,Unlimited,Rare,https://cdn.poketrace.com/cards/4689afe4a8c0970e.webp,2.04,259,3.476,3.476,0,0,False,0,0,0,0,0,0,0,0,896,2026-03-11T08:58:38Z,,duplicate of 019bff7b-60a5-76b8-99df-3e667aa39c9d (kept ex2-36)
bw3-3,019bff85-5457-7688-83c7-684db0d35507,Leavanny,XY - Phantom Forces,1.21,0.92,170,17,153,2,0.7,1,0,False,xy-phantom-forces,7/119,Reverse_Holofoil,Rare,https://cdn.poketrace.com/cards/67a712746ef25003.webp,0.52,105,0.914,0.914,0,0,True,100,2,100,100,0,0,0,0,170,2026-03-11T08:58:38Z,,duplicate of 019bff85-5457-7688-83c7-684db0d35507 (kept bw11-12)
ex16-28,019bff77-bef9-75ac-b16b-224db895485a,Charmeleon,Base Set,1.21,2.75,6358,290,6068,2,8.2,1,0,False,base-set,024/102,Normal,Uncommon,https://cdn.poketrace.com/cards/c922364e82b319e5.webp,1.09,1333,2.524,2.524,0,0,True,150.72,28,169.36,169.36,42.99,23,37.620003,37.620003,6358,2026-03-11T08:58:38Z,,duplicate of 019bff77-bef9-75ac-b16b-224db895485a (kept bw7-19)
ex16-88,019bff7e-fc4f-7384-9b8a-104bfe68f9b5,Metal Energy,Neo Genesis,1.21,12.07,776,164,612,2,2.2,1,0,False,neo-genesis,019/111,Unlimited_Holofoil,Holo Rare,https://cdn.poketrace.com/cards/7e5ac46e1ae37f03.webp,9.29,75,12.332,12.332,0,0,True,346,3,0,0,29.99,20,0,0,776,2026-03-11T08:58:38Z,,duplicate of 019bff7e-fc4f-7384-9b8a-104bfe68f9b5 (kept dp1-130)
neo1-28,019bff78-a647-717f-a4e2-1e1bfce6e580,Bayleef,Expedition,1.82,41.99,135,49,86,2,2.8,1,0,False,expedition,071/165,Reverse_Holofoil,Uncommon,https://cdn.poketrace.com/cards/e6e0b9a582baf868.webp,25.99,33,40.796,40.796,0,0,True,355,4,69.38857,70.59231,45,10,39.944286,39.548668,135,2026-03-11T08:58:38Z,,duplicate of 019bff78-a647-717f-a4e2-1e1bfce6e580 (kept neo1-29)
ex3-15,019bff7b-60a7-77b8-b493-234ad8b11451,Flygon,Secret Wonders,1.21,9.36,163,25,138,2,0,1,0,False,secret-wonders,5/132,Reverse_Holofoil,Holo Rare,https://cdn.poketrace.com/cards/23827a7889fdd149.webp,6.7,17,9.36,9.36,0,0,True,0,0,0,0,27.12,1,0,0,163,2026-03-11T08:58:38Z,,duplicate of 019bff7b-60a7-77b8-b493-234ad8b11451 (kept xy5-110)
ex8-45,019bff81-ba5a-741b-bef5-466592e4cf32,Shelgon,Dragon,1.23,5.04,130,27,103,2,0,1,0,False,dragon,20/97,Reverse_Holofoil,Rare,https://cdn.poketrace.com/cards/3a704ea0ebaf82ae.webp,4.54,71,5.04,5.04,0,0,True,299.99,1,0,0,70.29,2,0,0,130,2026-03-11T08:58:38Z,,duplicate of 019bff81-ba5a-741b-bef5-466592e4cf32 (kept dv1-7)
pl4-26,019bff8d-8220-71c8-938c-be263638b851,Porygon-Z,SM - Burning Shadows,1.77,0.36,439,19,420,2,10.6,1,0,False,sm-burning-shadows,105/147,Reverse_Holofoil,Holo Rare,https://cdn.poketrace.com/cards/c1feddf70d95ff5b.webp,0.33,331,0.322,0.322,0,0,True,31,2,46.5,46.5,14.26,1,8.818571,12.978,439,2026-03-11T08:58:38Z,,duplicate of 019bff8d-8220-71c8-938c-be263638b851 (kept sm10-157)
swshp-SWSH187,019bff8d-8220-71c8-938f-6adde65d42dd,Liepard,Shining Legends,1.76,0.28,202,18,184,2,0,1,0,False,shining-legends,49/73,Reverse_Holofoil,Uncommon,https://cdn.poketrace.com/cards/31d5f4a8d7350a1e.webp,0.3,163,0.28,0.28,0,0,True,0,0,0,0,7.5,2,0,0,202,2026-03-11T08:58:38Z,,duplicate of 019bff8d-8220-71c8-938f-6adde65d42dd (kept bw8-84)
swsh12.5-GG37,019bffa4-08c2-73d1-9af8-8a4c617f4e53,Simisear VSTAR,Crown Zenith,1.21,1.28,4097,156,3941,2,5,1,0,False,crown-zenith,023/159,Holofoil,Ultra Rare,https://cdn.poketrace.com/cards/00fb3700e20989ca.webp,0.98,3701,1.216,1.216,0,0,True,22.5,31,0,0,10.25,15,8.569285,9.109167,4097,2026-03-11T08:58:38Z,,duplicate of 019bffa4-08c2-73d1-9af8-8a4c617f4e53 (kept swsh12.5-023)
neo1-56,019bff79-8e10-76e9-bb10-538f19c42ced,Cyndaquil,Neo Destiny,1.23,1.71,1058,1,1057,2,4.1,1,0,False,neo-destiny,061/105,Unlimited,Common,https://cdn.poketrace.com/cards/1e0733a43e97e1e4.webp,1.15,334,1.78,1.78,0,0,False,0,0,0,0,0,0,0,0,1058,2026-03-11T08:58:38Z,,duplicate of 019bff79-8e10-76e9-bb10-538f19c42ced (kept hgss1-61)
xy1-87,019bff77-befc-77ae-b882-f2d3a72e69fe,Jigglypuff,Jungle,1.21,1.6,7188,23,7165,2,1.1,1,0,False,jungle,54/64,Unlimited,Common,https://cdn.poketrace.com/cards/7955f868b4ee65d3.webp,0.46,2189,1.582,1.582,0,0,True,252.52,1,0,0,0,0,0,0,7188,2026-03-11T08:58:38Z,,duplicate of 019bff77-befc-77ae-b882-f2d3a72e69fe (kept hgss1-68)
hgss4-31,019bff84-6f77-773f-980b-67d2dbd1ca82,Wailord,Ruby and Sapphire,1.75,8.25,141,41,100,2,0,1,0,False,ruby-and-sapphire,14/109,Reverse_Holofoil,Holo Rare,https://cdn.poketrace.com/cards/cb83607a991e99e4.webp,11.33,38,8.25,8.25,0,0,True,562.95,1,0,0,16.28,15,0,0,141,2026-03-11T08:58:38Z,,duplicate of 019bff84-6f77-773f-980b-67d2dbd1ca82 (kept bw6-26)
pl1-65,019bff77-befa-771d-bab1-034b7ece2b74,Wartortle,Base Set,1.76,3.85,4667,286,4381,2,3.2,1,0,False,base-set,042/102,Normal,Uncommon,https://cdn.poketrace.com/cards/e6c56af3cb3fd058.webp,2.32,1074,3.726,3.726,0,0,True,249.99,43,204.64714,204.64714,66,28,60.219997,60.219997,4667,2026-03-11T08:58:38Z,,duplicate of 019bff77-befa-771d-bab1-034b7ece2b74 (kept ex14-42)
dp2-38,019bff83-8640-7057-ac6c-bce357c5dee5,Ursaring,Mysterious Treasures,1.21,4.99,105,26,79,2,30.1,1,0,False,mysterious-treasures,38/123,Reverse_Holofoil,Rare,https://cdn.poketrace.com/cards/77e7cd7e0ff55d3c.webp,1.92,25,3.49,3.49,0,0,True,0,0,0,0,10.38,1,0,0,105,2026-03-11T08:58:38Z,,duplicate of 019bff83-8640-7057-ac6c-bce357c5dee5 (kept bw11-RC16)
hgss1-104,019bff80-d351-7535-a79b-73aa0fcf5d0a,Rainbow Energy,XY Base Set,1.83,1.18,159,5,154,2,0.3,1,0,False,xy-base-set,131/146,Reverse_Holofoil,Uncommon,https://cdn.poketrace.com/cards/19bb445f131ba1dc.webp,0.63,61,1.176,1.176,0,0,False,0,0,0,0,0,0,0,0,159,2026-03-11T08:58:38Z,,duplicate of 019bff80-d351-7535-a79b-73aa0fcf5d0a (kept ex1-95)
xy4-17,019bff7b-60a7-77b8-b491-8c617559b160,Feraligatr,Mysterious Treasures,1.83,0.75,205,42,163,2,258.4,1,0,False,mysterious-treasures,8/123,Reverse_Holofoil,Holo Rare,https://cdn.poketrace.com/cards/7d078bec703f177b.webp,6.44,23,2.688,2.688,0,0,True,0,0,0,0,127.5,10,0,0,205,2026-03-11T08:58:38Z,,duplicate of 019bff7b-60a7-77b8-b491-8c617559b160 (kept sm7.5-24)
xy10-64,019c000a-36f2-733d-933e-fd7c18290c55,Genesect EX,SV: Black Bolt,1.83,0.52,16985,42,16943,2,10.1,3,0,False,sv-black-bolt,067/086,Holofoil,Double Rare,https://cdn.poketrace.com/cards/c565980397fae34f.webp,0.85,16300,0.5725,0.5725,0,0,True,19.5,8,20.35,20.35,9.99,6,44.596,44.596,16985,2026-03-11T08:58:38Z,,duplicate of 019c000a-36f2-733d-933e-fd7c18290c55 (kept sv10.5b-161)
ex2-35,019bff77-bef9-75ac-b16b-112813ecfd31,Electabuzz,Base Set,1.83,13.03,3093,203,2890,2,14.4,1,0,False,base-set,020/102,Normal,Rare,https://cdn.poketrace.com/cards/ca969cf1c7a68d98.webp,5.21,560,11.158,11.158,0,0,True,154,30,176.995,176.995,80,23,72.66333,72.66333,3093,2026-03-11T08:58:38Z,,duplicate of 019bff77-bef9-75ac-b16b-112813ecfd31 (kept ecard1-76)
lc-53,019bff77-befc-77ae-b882-f94ae7699b6b,Meowth,Jungle,1.76,0.75,8966,186,8780,2,2.9,1,0,False,jungle,56/64,Unlimited,Common,https://cdn.poketrace.com/cards/4e11734638db1e41.webp,0.42,2511,0.772,0.772,0,0,True,199.3,36,161.894,161.894,23.33,22,0,0,8966,2026-03-11T08:58:38Z,,duplicate of 019bff77-befc-77ae-b882-f94ae7699b6b (kept ex6-69)
ex5-48,019bff82-9f84-7584-9774-3749592777dd,Spinda,POP Series 7,1.76,1.23,225,0,225,1,0.7,1,0,False,pop-series-7,017/017,Normal,Common,https://cdn.poketrace.com/cards/c5edf4c8b3cd8f0f.webp,0.73,72,1.222,1.222,0,0,False,0,0,0,0,0,0,0,0,225,2026-03-11T08:58:38Z,,duplicate of 019bff82-9f84-7584-9774-3749592777dd (kept pop7-17)
sm9-59,019bff77-bef9-75ac-b16a-e8095f461325,Nidoking,Base Set,1.2,36.8,3165,408,2757,2,1.1,1,0,False,base-set,011/102,Holofoil,Holo Rare,https://cdn.poketrace.com/cards/dea3095a3301617e.webp,22.59,345,36.394,36.394,0,0,True,1052,35,1058,1058,160,35,151.17642,172.16167,3165,2026-03-11T08:58:38Z,,duplicate of 019bff77-bef9-75ac-b16a-e8095f461325 (kept bw9-58)
sm1-96,019bff8b-8e11-77cf-94aa-81d088f244d9,Dragonite,SM Base Set,1.75,1.41,879,78,801,2,2,1,0,False,sm-base-set,96/149,Reverse_Holofoil,Holo Rare,https://cdn.poketrace.com/cards/d66a7ec1bb3485b2.webp,1.36,522,1.382,1.382,0,0,True,102.5,19,88.02857,80.72375,30,28,0,0,879,2026-03-11T08:58:38Z,,duplicate of 019bff8b-8e11-77cf-94aa-81d088f244d9 (kept xy6-51)
sm8-191,,Thunder Mountain ◇,,1.84,0,0,0,0,0,0,0,0,False,,,,,,0,0,0,0,0,0,False,0,0,0,0,0,0,0,0,0,2026-03-11T08:58:38Z,,
sm7.5-25,019bff84-6f78-703d-b07e-a8d94bf64302,Wooper,Neo Discovery,1.2,1.62,1623,6,1617,2,4.9,1,0,False,neo-discovery,71/75,Unlimited,Common,https://cdn.poketrace.com/cards/72965b746a0bd167.webp,1.12,508,1.54,1.54,0,0,True,0,0,0,0,0,0,0,0,1623,2026-03-11T08:58:38Z,,duplicate of 019bff84-6f78-703d-b07e-a8d94bf64302 (kept dp3-118)
dp6-35,019bff77-bef9-75ac-b16a-f1cf5e1f63dd,Poliwrath,Base Set,1.84,26.58,3098,407,2691,2,3.6,1,0,False,base-set,013/102,Holofoil,Holo Rare,https://cdn.poketrace.com/cards/e3e83e1de84ed63c.webp,19.01,319,25.624,25.624,0,0,True,990,36,1022.5,1022.5,120,34,124.00429,123.71286,3098,2026-03-11T08:58:38Z,,duplicate of 019bff77-bef9-75ac-b16a-f1cf5e1f63dd (kept xy12-25)
pl1-66,019bff84-6f78-703d-b07f-d33ff9bce851,Zangoose,Power Keepers,1.2,5.75,141,40,101,2,0,1,0,False,power-keepers,25/108,Reverse_Holofoil,Rare,https://cdn.poketrace.com/cards/7f71ca543eb59b73.webp,10.35,32,5.75,5.75,0,0,True,249.99,4,87.7375,87.7375,59.99,6,29.81,27.852222,141,2026-03-11T08:58:38Z,,duplicate of 019bff84-6f78-703d-b07f-d33ff9bce851 (kept col1-39)
swsh12.5-150,019bff96-3f23-77ea-bac9-2e9ff4038a99,Professor's Research,Deck Exclusives,1.84,0.16,853,0,853,1,0,1,0,False,deck-exclusives,178/202,Normal,Rare,https://cdn.poketrace.com/cards/1bf48ad6d63c8e3c.webp,0.07,624,0.16,0.16,0,0,False,0,0,0,0,0,0,0,0,853,2026-03-11T08:58:38Z,,duplicate of 019bff96-3f23-77ea-bac9-2e9ff4038a99 (kept swshp-SWSH152)
dp5-46,019bff77-befb-757f-890a-db329248ee41,Scyther,Base Set 2,1.75,26.98,1142,206,936,2,0.6,1,0,False,base-set-2,017/130,Holofoil,Holo Rare,https://cdn.poketrace.com/cards/964c3d38c61fd041.webp,15.97,127,26.814,26.814,0,0,True,911,4,0,0,150,12,133.19,133.19,1142,2026-03-11T08:58:38Z,,duplicate of 019bff77-befb-757f-890a-db329248ee41 (kept neo4-55)
ex16-91,019bff8d-8220-71c8-938f-c66dbf557010,Warp Energy,Shining Legends,1.24,0.32,290,18,272,2,0,1,0,False,shining-legends,70/73,Reverse_Holofoil,Uncommon,https://cdn.poketrace.com/cards/961ce54526f1573b.webp,0.27,189,0.32,0.32,0,0,True,0,0,0,0,0,0,0,0,290,2026-03-11T08:58:38Z,,duplicate of 019bff8d-8220-71c8-938f-c66dbf557010 (kept ex10-100)
dc1-16,019bff86-38c6-7658-a5ca-e20a6d16de57,Team Aqua's Poochyena,Double Crisis,1.24,4.4,182,14,168,2,0.4,1,0,False,double-crisis,16/34,Reverse_Holofoil,Common,https://cdn.poketrace.com/cards/bdbe31aa674d8dc2.webp,2.53,107,4.382,4.382,0,0,True,0,0,0,0,100,1,0,0,182,2026-03-11T08:58:38Z,,duplicate of 019bff86-38c6-7658-a5ca-e20a6d16de57 (kept ex4-55)
bw7-41,019bff95-4414-759b-8e0a-c334d6c7cc46,Samurott,Deck Exclusives,1.83,2.14,224,0,224,1,0.3,1,0,False,deck-exclusives,031/114,Holofoil,Holo Rare,https://cdn.poketrace.com/cards/eaea8c3bd9a9cfff.webp,1.62,38,2.134,2.134,0,0,False,0,0,0,0,0,0,0,0,224,2026-03-11T08:58:38Z,,duplicate of 019bff95-4414-759b-8e0a-c334d6c7cc46 (kept bw11-39)
lc-85,019bff77-befa-771d-bab1-4294e99c8806,Pidgey,Base Set,1.24,1.56,3669,151,3518,2,15.1,1,0,False,base-set,057/102,Normal,Common,https://cdn.poketrace.com/cards/cf39e5e1dff4c96b.webp,0.57,937,1.324,1.324,0,0,True,95,27,0,0,56,21,0,0,3669,2026-03-11T08:58:38Z,,duplicate of 019bff77-befa-771d-bab1-4294e99c8806 (kept base1-57)
sm5-67,019bff7e-1600-7088-8281-c05c0dd45480,Lucario,DP Trainer Kit: Manaphy & Lucario,1.84,5.14,365,0,365,1,2.2,1,0,False,dp-trainer-kit-manaphy-and-lucario,3/11,Holofoil,Common,https://cdn.poketrace.com/cards/046b78a7efb63fe0.webp,3.97,31,5.028,5.028,0,0,False,0,0,0,0,0,0,0,0,365,2026-03-11T08:58:38Z,,duplicate of 019bff7e-1600-7088-8281-c05c0dd45480 (kept hgss2-19)
swsh7-110,019bffa4-08c3-76a4-9177-dbe30894d2a2,Rayquaza V,Crown Zenith,1.24,1.09,26111,434,25677,2,6.8,1,0,False,crown-zenith,100/159,Holofoil,Ultra Rare,https://cdn.poketrace.com/cards/a013767f95fbb20a.webp,0.94,24083,1.016,1.016,0,0,True,64,38,57.282856,56.22,12.5,17,18.25,18.25,26111,2026-03-11T08:58:38Z,,duplicate of 019bffa4-08c3-76a4-9177-dbe30894d2a2 (kept swsh12.5-100)
me02-123,019bff77-befa-771d-bab1-d4592eab7443,Switch,Base Set,1.84,0.46,4555,165,4390,2,10,1,0,False,base-set,095/102,Normal,Common,https://cdn.poketrace.com/cards/73170be198e0de9f.webp,0.19,1095,0.414,0.414,0,0,True,74.99,32,70.32667,70.32667,36,27,35.3275,35.3275,4555,2026-03-11T08:58:38Z,,duplicate of 019bff77-befa-771d-bab1-d4592eab7443 (kept ecard1-157)
sm8-182,,Lusamine ◇,,1.24,0,0,0,0,0,0,0,0,False,,,,,,0,0,0,0,0,0,False,0,0,0,0,0,0,0,0,0,2026-03-11T08:58:38Z,,
dp3-77,019bff77-befa-771d-bab1-0bedcb7ed307,Bulbasaur,Base Set,1.84,3.29,9161,439,8722,2,16.4,1,0,False,base-set,044/102,Normal,Common,https://cdn.poketrace.com/cards/b8d3fdad9e464877.webp,1.23,2281,2.75,2.75,0,0,True,245.61,37,259.55667,259.55667,53.43,36,45.703335,45.703335,9161,2026-03-11T08:58:38Z,,duplicate of 019bff77-befa-771d-bab1-0bedcb7ed307 (kept ex6-55)
neo2-52,019bff84-6f78-703d-b07f-1d5b74108f3e,Xatu,Neo Discovery,1.2,0.78,771,0,771,1,3.8,1,0,False,neo-discovery,52/75,Unlimited,Uncommon,https://cdn.poketrace.com/cards/f9a3c021ef9705ff.webp,0.56,185,0.75,0.75,0,0,False,0,0,0,0,0,0,0,0,771,2026-03-11T08:58:38Z,,duplicate of 019bff84-6f78-703d-b07f-1d5b74108f3e (kept ex2-55)
pl1-35,019bff7e-1601-757e-bd2c-1589564d98b7,Luvdisc,POP Series 2,1.2,1.22,319,47,272,2,1.8,1,0,False,pop-series-2,014/017,Normal,Common,https://cdn.poketrace.com/cards/985b401f8a444402.webp,0.9,124,1.198,1.198,0,0,True,34.99,4,26.33,26.33,0,0,0,0,319,2026-03-11T08:58:38Z,,duplicate of 019bff7e-1601-757e-bd2c-1589564d98b7 (kept pop2-14)
xyp-XY163,019bff77-befb-757f-890d-0079985bea7a,Weezing,Fossil,1.2,1.25,3015,140,2875,2,12.2,1,0,False,fossil,45/62,Unlimited,Uncommon,https://cdn.poketrace.com/cards/7a70fe608d4cbc63.webp,0.71,694,1.098,1.098,0,0,True,94.97,26,154.99,154.99,15.04,19,16.335714,21.857222,3015,2026-03-11T08:58:38Z,,duplicate of 019bff77-befb-757f-890d-0079985bea7a (kept ex11-33)
pl3-7,019bff7e-fc4f-7384-9b89-96ade17e56df,Metagross,POP Series 1,1.85,5.24,154,32,122,2,0,1,0,False,pop-series-1,002/017,Normal,Rare,https://cdn.poketrace.com/cards/d7c5652e9432fc5e.webp,3.48,83,5.24,5.24,0,0,True,35,7,329.21286,375.56125,94.95,6,46.701427,57.47,154,2026-03-11T08:58:38Z,,duplicate of 019bff7e-fc4f-7384-9b89-96ade17e56df (kept xy7-50)
bw4-85,019bff79-8e10-76e9-bb0c-ee044ef47a2b,Cinccino,Legendary Treasures: Radiant Collection,1.2,8.03,1498,45,1453,2,1.3,1,0,False,legendary-treasures-radiant-collection,RC19/RC25,Holofoil,Uncommon,https://cdn.poketrace.com/cards/d9028cc34cd67072.webp,5.65,477,7.926,7.926,0,0,True,375,2,0,0,17.5,4,0,0,1498,2026-03-11T08:58:38Z,,duplicate of 019bff79-8e10-76e9-bb0c-ee044ef47a2b (kept bw11-105)
ex15-19,,Lickitung δ,,1.24,0,0,0,0,0,0,0,0,False,,,,,,0,0,0,0,0,0,False,0,0,0,0,0,0,0,0,0,2026-03-11T08:58:38Z,,
ex1-35,019bff7d-2e12-77f0-9b55-7a29bf11ab39,Kirlia,Delta Species,1.85,18.99,148,53,95,2,9.1,1,0,False,delta-species,47/113,Reverse_Holofoil,Uncommon,https://cdn.poketrace.com/cards/44fcc7557fffd723.webp,12.72,57,17.26,17.26,0,0,True,375,18,0,0,60,10,32.27714,30.715555,148,2026-03-11T08:58:38Z,,duplicate of 019bff7d-2e12-77f0-9b55-7a29bf11ab39 (kept bw11-RC9)
sm11-117,019bff7e-1600-7088-8281-c05c0dd45480,Lucario,DP Trainer Kit: Manaphy & Lucario,1.74,5.14,365,0,365,1,2.2,1,0,False,dp-trainer-kit-manaphy-and-lucario,3/11,Holofoil,Common,https://cdn.poketrace.com/cards/046b78a7efb63fe0.webp,3.97,31,5.028,5.028,0,0,False,0,0,0,0,0,0,0,0,365,2026-03-11T08:58:38Z,,duplicate of 019bff7e-1600-7088-8281-c05c0dd45480 (kept hgss2-19)
ex16-17,019bff7e-fc4f-7384-9b88-669c325549a6,Mawile,Crystal Guardians,1.72,19.16,185,56,129,2,1.3,1,0,False,crystal-guardians,9/100,Reverse_Holofoil,Holo Rare,https://cdn.poketrace.com/cards/a1f4bf86f0762a66.webp,9.89,59,18.908,18.908,0,0,True,202.5,8,409.31,409.31,45,14,41.712143,32.951168,185,2026-03-11T08:58:38Z,,duplicate of 019bff7e-fc4f-7384-9b88-669c325549a6 (kept ex13-23)
xy3-77,019bff8a-a5c1-7149-81dc-ac55a1427863,Noivern,Deck Exclusives,1.19,0.7,206,0,206,1,0.3,1,0,False,deck-exclusives,112/162,Holofoil,Holo Rare,https://cdn.poketrace.com/cards/7154884a0241c58e.webp,0.46,54,0.698,0.698,0,0,False,0,0,0,0,0,0,0,0,206,2026-03-11T08:58:38Z,,duplicate of 019bff8a-a5c1-7149-81dc-ac55a1427863 (kept tk-xy-n-30)
ex14-63,019bff77-befa-771d-bab1-5e808891d9ee,Squirtle,Base Set,1.74,5.97,9284,391,8893,2,8.4,1,0,False,base-set,063/102,Normal,Common,https://cdn.poketrace.com/cards/b2c54c8ecee01611.webp,2.46,2142,5.47,5.47,0,0,True,299.99,58,278.05142,274.83636,56.333332,41,48.979168,48.979168,9284,2026-03-11T08:58:38Z,,duplicate of 019bff77-befa-771d-bab1-5e808891d9ee (kept dp3-112)
pl3-12,019bff82-9f85-738b-870f-f09f87c4a9c0,Swampert,Crystal Guardians,1.19,32.16,206,97,109,2,3,1,0,False,crystal-guardians,27/100,Reverse_Holofoil,Rare,https://cdn.poketrace.com/cards/3b2c17aeebbcb7cd.webp,18.5,27,31.21,31.21,0,0,True,1023.23,11,898.5471,650.3936,81.98,21,112.03714,84.8635,206,2026-03-11T08:58:38Z,,duplicate of 019bff82-9f85-738b-870f-f09f87c4a9c0 (kept sm7-35)
pl1-85,019bff7f-e2b8-7168-a041-7a6254df5c90,Piplup,POP Series 8,1.86,7.02,284,11,273,2,1.1,1,0,False,pop-series-8,015/017,Normal,Common,https://cdn.poketrace.com/cards/7923e61a586b61e6.webp,4.01,102,7.1,7.1,0,0,True,0,0,0,0,0,0,0,0,284,2026-03-11T08:58:38Z,,duplicate of 019bff7f-e2b8-7168-a041-7a6254df5c90 (kept pop9-16)
pl4-23,019bff77-befb-757f-890c-ec569874524d,Omastar,Fossil,1.72,1.21,3253,118,3135,2,6.6,1,0,False,fossil,40/62,Unlimited,Uncommon,https://cdn.poketrace.com/cards/47143b541bdea43d.webp,0.69,694,1.13,1.13,0,0,True,170,23,0,0,27.77,24,0,0,3253,2026-03-11T08:58:38Z,,duplicate of 019bff77-befb-757f-890c-ec569874524d (kept sm9-76)
pop8-17,019bff83-863f-718a-b5c1-6062d11cc810,Turtwig,POP Series 9,1.74,1.18,391,27,364,2,1.2,1,0,False,pop-series-9,017/017,Normal,Common,https://cdn.poketrace.com/cards/d265ecdb84efd012.webp,0.76,131,1.166,1.166,0,0,True,430.56,1,0,0,26.35,1,0,0,391,2026-03-11T08:58:38Z,,duplicate of 019bff83-863f-718a-b5c1-6062d11cc810 (kept pop9-17)
ecard1-151,019bff82-9f84-7584-9776-d354c0da1436,Super Scoop Up,Neo Genesis,1.86,1.24,516,22,494,2,1.8,1,0,False,neo-genesis,098/111,Unlimited,Uncommon,https://cdn.poketrace.com/cards/731e7e37b6334748.webp,0.71,197,1.218,1.218,0,0,True,0,0,0,0,18.57,2,22.01,22.01,516,2026-03-11T08:58:38Z,,duplicate of 019bff82-9f84-7584-9776-d354c0da1436 (kept dp5-87)
hgss1-27,019bff77-befc-77ae-b882-c158db120175,Persian,Jungle,1.74,0.68,3926,5,3921,2,2.1,1,0,False,jungle,42/64,Unlimited,Uncommon,https://cdn.poketrace.com/cards/b63eb724d78fd441.webp,0.45,876,0.666,0.666,0,0,True,0,0,0,0,0,0,0,0,3926,2026-03-11T08:58:38Z,,duplicate of 019bff77-befc-77ae-b882-c158db120175 (kept base2-42)
g1-RC9,019bff77-bef9-75ac-b16a-f560046c2318,Raichu,Base Set,1.86,62.88,2680,374,2306,2,2,1,0,False,base-set,014/102,Holofoil,Holo Rare,https://cdn.poketrace.com/cards/3184c96a3f07b7fa.webp,43.24,273,61.64,61.64,0,0,True,2500,31,0,0,269.9,24,266.41284,266.41284,2680,2026-03-11T08:58:38Z,,duplicate of 019bff77-bef9-75ac-b16a-f560046c2318 (kept hgss3-33)
swsh9-TG10,019bff7d-2e10-7263-8140-c0d6e2128d8a,Houndoom,Neo Revelation,1.86,208.21,443,245,198,2,0.3,1,0,False,neo-revelation,08/64,Unlimited_Holofoil,Holo Rare,https://cdn.poketrace.com/cards/81c176a78fea1c95.webp,156.26,27,208.846,208.846,0,0,True,2600,1,0,0,700,20,1083,1083,443,2026-03-11T08:58:38Z,,duplicate of 019bff7d-2e10-7263-8140-c0d6e2128d8a (kept dp4-18)
ex16-42,019bff78-a646-72eb-8307-5cd664f790f3,Aron,Legend Maker,1.25,12.95,209,58,151,2,6.9,1,0,False,legend-maker,48/92,Reverse_Holofoil,Common,https://cdn.poketrace.com/cards/d5e4731fefd8c41b.webp,8.63,79,12.056,12.056,0,0,True,325,5,130.74858,116.89,75,13,33.602856,37.421562,209,2026-03-11T08:58:38Z,,duplicate of 019bff78-a646-72eb-8307-5cd664f790f3 (kept ex1-25)
ex1-38,019bff7e-1600-7088-8280-a01243496d67,Linoone,Ruby and Sapphire,1.86,4.28,118,25,93,2,2,1,0,False,ruby-and-sapphire,38/109,Reverse_Holofoil,Uncommon,https://cdn.poketrace.com/cards/2a2e8e4ea82608a4.webp,2.88,61,4.194,4.194,0,0,True,191.99,1,0,0,65,6,0,0,118,2026-03-11T08:58:38Z,,duplicate of 019bff7e-1600-7088-8280-a01243496d67 (kept ex2-44)
swsh2-3,019bff77-befc-77ae-b882-9c4799fd9502,Butterfree,Jungle,1.86,1,3033,226,2807,2,0,1,0,False,jungle,33/64,Unlimited,Uncommon,https://cdn.poketrace.com/cards/7b6220ae3c71350b.webp,0.91,263,1,1,0,0,True,255,35,190.82857,157.43167,21.99,43,53.287857,41.271168,3033,2026-03-11T08:58:38Z,,duplicate of 019bff77-befc-77ae-b882-9c4799fd9502 (kept base2-33)
xy12-64,019bffa9-14a4-732a-bc79-7bcb2ed82386,Pidgeot EX,SV03: Obsidian Flames,1.86,2.77,9877,219,9658,2,12.3,1,0,False,sv03-obsidian-flames,164/197,Holofoil,Double Rare,https://cdn.poketrace.com/cards/a57c9a5b740ac691.webp,3.28,8528,3.11,3.11,0,0,True,29.95,27,290.92142,99.7048,12.99,26,9.264286,8.216,9877,2026-03-11T08:58:38Z,,duplicate of 019bffa9-14a4-732a-bc79-7bcb2ed82386 (kept sv03-217)
ex8-79,019bff82-9f84-7584-9777-22988c6522f6,Swablu,Deoxys,1.19,32.47,205,28,177,2,7.7,1,0,False,deoxys,79/107,Reverse_Holofoil,Common,https://cdn.poketrace.com/cards/0c3f2ee4a922057a.webp,16.78,84,34.96,34.96,0,0,True,230,3,0,0,22.5,1,0,0,205,2026-03-11T08:58:38Z,,duplicate of 019bff82-9f84-7584-9777-22988c6522f6 (kept ex9-67)
ex3-17,019bff77-befa-771d-bab1-bd95fcae491a,Magneton,Base Set,1.25,32.25,3316,351,2965,2,9.9,1,0,False,base-set,009/102,Holofoil,Holo Rare,https://cdn.poketrace.com/cards/71b331bda7444103.webp,13.62,360,29.062,29.062,0,0,True,950,30,0,0,159.99,25,141.63715,141.63715,3316,2026-03-11T08:58:38Z,,duplicate of 019bff77-befa-771d-bab1-bd95fcae491a (kept lc-28)
base5-82,019bff80-d350-706b-9565-568252840fe3,Potion Energy,Team Rocket,1.73,1.34,1300,34,1266,2,2.2,1,0,False,team-rocket,82/82,Unlimited,Uncommon,https://cdn.poketrace.com/cards/b897aecec6638d76.webp,0.64,351,1.31,1.31,0,0,True,0,0,0,0,12,4,0,0,1300,2026-03-11T08:58:38Z,,duplicate of 019bff80-d350-706b-9565-568252840fe3 (kept lc-101)
neo4-63,019bff77-bef9-75ac-b16b-29e09d6b646a,Dratini,Base Set,1.86,2.91,4527,209,4318,2,16.5,1,0,False,base-set,026/102,Normal,Uncommon,https://cdn.poketrace.com/cards/eab157dc7406d679.webp,0.96,849,2.43,2.43,0,0,True,167.5,36,168.75,168.75,54.59,31,0,0,4527,2026-03-11T08:58:38Z,,duplicate of 019bff77-bef9-75ac-b16b-29e09d6b646a (kept dv1-1)
swshp-SWSH056,019bff9d-c5dd-752a-bcc3-e8fdcdfc8e94,Morpeko V,SWSH09: Brilliant Stars,1.19,0.85,3408,114,3294,2,13.2,1,0,False,swsh09-brilliant-stars,095/172,Holofoil,Ultra Rare,https://cdn.poketrace.com/cards/5ebd165f5c02b765.webp,0.84,2990,0.962,0.962,0,0,True,55,17,0,0,18.99,9,12.761666,12.761666,3408,2026-03-11T08:58:38Z,,duplicate of 019bff9d-c5dd-752a-bcc3-e8fdcdfc8e94 (kept swsh1-79)
ex14-15,,Cacturne δ,,1.87,0,0,0,0,0,0,0,0,False,,,,,,0,0,0,0,0,0,False,0,0,0,0,0,0,0,0,0,2026-03-11T08:58:38Z,,
dp6-33,019bff7e-1600-7088-8280-fb34ae53618d,Lopunny,POP Series 9,1.87,0.92,178,15,163,2,0.7,1,0,False,pop-series-9,009/017,Normal,Uncommon,https://cdn.poketrace.com/cards/1b2a551828a05580.webp,0.67,67,0.926,0.926,0,0,True,0,0,0,0,46,2,0,0,178,2026-03-11T08:58:38Z,,duplicate of 019bff7e-1600-7088-8280-fb34ae53618d (kept pl4-21)
ex7-52,019bff77-bef9-75ac-b16b-29e09d6b646a,Dratini,Base Set,1.24,2.91,4527,209,4318,2,16.5,1,0,False,base-set,026/102,Normal,Uncommon,https://cdn.poketrace.com/cards/eab157dc7406d679.webp,0.96,849,2.43,2.43,0,0,True,167.5,36,168.75,168.75,54.59,31,0,0,4527,2026-03-11T08:58:38Z,,duplicate of 019bff77-bef9-75ac-b16b-29e09d6b646a (kept dv1-1)
sv05-186,019bffae-2203-70ab-b8cc-2d7ad2bd1ebc,Iron Leaves ex,SV05: Temporal Forces,1.87,0.7,6504,79,6425,2,4.3,1,0,False,sv05-temporal-forces,025/162,Holofoil,Double Rare,https://cdn.poketrace.com/cards/a19bb3a4b93d5118.webp,0.81,5840,0.73,0.73,0,0,True,21.99,18,25.417143,21.797058,8.99,13,7.2514286,7.485,6504,2026-03-11T08:58:38Z,,duplicate of 019bffae-2203-70ab-b8cc-2d7ad2bd1ebc (kept sv05-025)
sm7-99,019bff9b-b937-714a-86f4-dd2c57da1862,Solgaleo,Celebrations,1.19,0.23,3967,232,3735,2,0,1,0,False,celebrations,021/025,Holofoil,Holo Rare,https://cdn.poketrace.com/cards/27eb024311d8262b.webp,0.3,2307,0.23,0.23,0,0,True,269.99,30,108.424286,90.03981,10.5,26,11.375,11.375,3967,2026-03-11T08:58:38Z,,duplicate of 019bff9b-b937-714a-86f4-dd2c57da1862 (kept sm12-142)
bw10-15,019bff77-befa-771d-bab1-034b7ece2b74,Wartortle,Base Set,1.73,3.85,4667,286,4381,2,3.2,1,0,False,base-set,042/102,Normal,Uncommon,https://cdn.poketrace.com/cards/e6c56af3cb3fd058.webp,2.32,1074,3.726,3.726,0,0,True,249.99,43,204.64714,204.64714,66,28,60.219997,60.219997,4667,2026-03-11T08:58:38Z,,duplicate of 019bff77-befa-771d-bab1-034b7ece2b74 (kept ex14-42)
ex1-37,019bff7d-2e13-7175-b43e-326b11294c6a,Lairon,Ruby and Sapphire,1.73,5.48,112,28,84,2,0,1,0,False,ruby-and-sapphire,37/109,Reverse_Holofoil,Uncommon,https://cdn.poketrace.com/cards/cbb967d1ef685add.webp,4.76,57,5.48,5.48,0,0,True,0,0,0,0,65,6,0,0,112,2026-03-11T08:58:38Z,,duplicate of 019bff7d-2e13-7175-b43e-326b11294c6a (kept ex2-41)
ex9-36,019bff7e-1601-757e-bd30-967cb373da9e,Marshtomp,POP Series 3,1.24,8.26,156,23,133,2,13.2,1,0,False,pop-series-3,015/017,Normal,Common,https://cdn.poketrace.com/cards/62abf990fc3f8755.webp,2.78,53,7.17,7.17,0,0,True,153.67,2,65.44,65.44,7.5,1,0,0,156,2026-03-11T08:58:38Z,,duplicate of 019bff7e-1601-757e-bd30-967cb373da9e (kept ex3-36)
ex6-95,,Poké Ball,,1.72,0,0,0,0,0,0,0,0,False,,,,,,0,0,0,0,0,0,False,0,0,0,0,0,0,0,0,0,2026-03-11T08:58:38Z,,
hgss3-20,019bff81-ba58-765c-b247-8a13e2c5e9cf,Rotom,POP Series 9,1.87,3.64,203,23,180,2,0.6,1,0,False,pop-series-9,005/017,Normal,Rare,https://cdn.poketrace.com/cards/5915cf639a1b2103.webp,2.29,38,3.662,3.662,0,0,True,124.99,1,0,0,20.5,2,0,0,203,2026-03-11T08:58:38Z,,duplicate of 019bff81-ba58-765c-b247-8a13e2c5e9cf (kept pop9-5)
dp3-51,019bff77-bef9-75ac-b16b-3d2915198b75,Ivysaur,Base Set,1.25,3.9,4696,240,4456,2,11.4,1,0,False,base-set,030/102,Normal,Uncommon,https://cdn.poketrace.com/cards/fcda2269874a1b74.webp,1.49,1105,4.346,4.346,0,0,True,163.7,28,124.09,124.09,52,21,36,36,4696,2026-03-11T08:58:38Z,,duplicate of 019bff77-bef9-75ac-b16b-3d2915198b75 (kept ex6-35)
swsh3-186,019bffa2-09bf-74f6-b7ec-f1f9a05100a4,Kabu,SWSH11: Lost Origin Trainer Gallery,1.19,1.47,1748,107,1641,2,3.5,1,0,False,swsh11-lost-origin-trainer-gallery,TG26/TG30,Holofoil,Ultra Rare,https://cdn.poketrace.com/cards/9139c2cdffc9cf7e.webp,1.47,1558,1.418,1.418,0,0,True,39.99,30,0,0,24.69,19,0,0,1748,2026-03-11T08:58:38Z,,duplicate of 019bffa2-09bf-74f6-b7ec-f1f9a05100a4 (kept swsh11-TG26)
dp3-75,019bff77-befa-771d-bab1-034b7ece2b74,Wartortle,Base Set,1.87,3.85,4667,286,4381,2,3.2,1,0,False,base-set,042/102,Normal,Uncommon,https://cdn.poketrace.com/cards/e6c56af3cb3fd058.webp,2.32,1074,3.726,3.726,0,0,True,249.99,43,204.64714,204.64714,66,28,60.219997,60.219997,4667,2026-03-11T08:58:38Z,,duplicate of 019bff77-befa-771d-bab1-034b7ece2b74 (kept ex14-42)
ex3-21,019bff81-ba5b-72b4-ae79-23216d2922ab,Skarmory,Neo Genesis,1.88,22.92,618,36,582,2,0.2,1,0,False,neo-genesis,013/111,Unlimited_Holofoil,Holo Rare,https://cdn.poketrace.com/cards/03f2d5a880011d42.webp,16.85,115,22.882,22.882,0,0,True,975,1,0,0,155,4,0,0,618,2026-03-11T08:58:38Z,,duplicate of 019bff81-ba5b-72b4-ae79-23216d2922ab (kept ex11-55)
xy1-95,019bff89-bc5f-7465-9230-26c22dc30c3f,Slurpuff,Generations: Radiant Collection,1.25,4.7,1634,62,1572,2,8,1,0,False,generations-radiant-collection,RC20/RC32,Holofoil,Uncommon,https://cdn.poketrace.com/cards/4e07cfc49a41da25.webp,3.25,650,4.326,4.326,0,0,True,149.99,4,64.43667,64.43667,40,14,24.008572,20.247692,1634,2026-03-11T08:58:38Z,,duplicate of 019bff89-bc5f-7465-9230-26c22dc30c3f (kept xy4-69)
bw11-RC5,019bff83-863e-704c-9303-9bd742f8f5d6,Torchic,EX Trainer Kit 1: Latias & Latios,1.71,0.29,307,3,304,2,2.8,1,0,False,ex-trainer-kit-1-latias-and-latios,7/10,Normal,Common,https://cdn.poketrace.com/cards/e1154a7a0535f267.webp,0.27,76,0.282,0.282,0,0,True,0,0,0,0,0,0,0,0,307,2026-03-11T08:58:38Z,,duplicate of 019bff83-863e-704c-9303-9bd742f8f5d6 (kept dp4-89)
swsh2-50,019bff9c-c081-7545-beeb-aedb20e7c754,Inteleon VMAX,SWSH08: Fusion Strike,1.71,1.95,3086,141,2945,2,6.3,1,0,False,swsh08-fusion-strike,079/264,Holofoil,Ultra Rare,https://cdn.poketrace.com/cards/4094bd8bd7ef37c3.webp,1.55,2668,1.828,1.828,0,0,True,63.12,30,0,0,9.99,27,13.495,13.495,3086,2026-03-11T08:58:38Z,,duplicate of 019bff9c-c081-7545-beeb-aedb20e7c754 (kept swsh8-79)
ex3-59,019bff7d-2e10-7263-8141-17a1fb343eb5,Houndour,Neo Destiny,1.7,3.44,527,48,479,2,3,1,0,False,neo-destiny,043/105,Unlimited,Uncommon,https://cdn.poketrace.com/cards/46832d68680758e6.webp,2.58,201,3.338,3.338,0,0,True,54.99,8,55.63286,63.880554,19.99,11,26.427143,24.243103,527,2026-03-11T08:58:38Z,,duplicate of 019bff7d-2e10-7263-8141-17a1fb343eb5 (kept ex7-59)
hgss1-47,019bff7e-fc50-71f0-aee2-10e146c6d397,Miltank,Neo Genesis,1.71,2.93,633,1,632,2,3.1,1,0,False,neo-genesis,041/111,Unlimited,Uncommon,https://cdn.poketrace.com/cards/7809d8715b5f83dc.webp,1.99,180,2.84,2.84,0,0,False,0,0,0,0,0,0,0,0,633,2026-03-11T08:58:38Z,,duplicate of 019bff7e-fc50-71f0-aee2-10e146c6d397 (kept neo1-41)
lc-51,019bff77-bef9-75ac-b16b-4e1490f257cb,Machoke,Base Set,1.71,1.08,4821,243,4578,2,0.9,1,0,False,base-set,034/102,Normal,Uncommon,https://cdn.poketrace.com/cards/678611aad69bff80.webp,0.44,1079,1.09,1.09,0,0,True,88.41,34,109.200005,109.200005,33,35,24.7375,24.7375,4821,2026-03-11T08:58:38Z,,duplicate of 019bff77-bef9-75ac-b16b-4e1490f257cb (kept base1-34)
xy5-21,019bff77-bef9-75ac-b16a-eccd23beadcf,Ninetales,Base Set,1.19,36.36,4558,455,4103,2,1.7,1,0,False,base-set,012/102,Holofoil,Holo Rare,https://cdn.poketrace.com/cards/9c77e34cfbd4e1e7.webp,17.51,416,35.726,35.726,0,0,True,900,36,880.9675,880.9675,134.95,32,133.93857,131.40334,4558,2026-03-11T08:58:38Z,,duplicate of 019bff77-bef9-75ac-b16a-eccd23beadcf (kept bw11-21)
base4-35,019bff77-bef9-75ac-b16b-224db895485a,Charmeleon,Base Set,1.7,2.75,6358,290,6068,2,8.2,1,0,False,base-set,024/102,Normal,Uncommon,https://cdn.poketrace.com/cards/c922364e82b319e5.webp,1.09,1333,2.524,2.524,0,0,True,150.72,28,169.36,169.36,42.99,23,37.620003,37.620003,6358,2026-03-11T08:58:38Z,,duplicate of 019bff77-bef9-75ac-b16b-224db895485a (kept bw7-19)
bw2-65,019bff8d-8220-71c8-938f-6adde65d42dd,Liepard,Shining Legends,1.89,0.28,202,18,184,2,0,1,0,False,shining-legends,49/73,Reverse_Holofoil,Uncommon,https://cdn.poketrace.com/cards/31d5f4a8d7350a1e.webp,0.3,163,0.28,0.28,0,0,True,0,0,0,0,7.5,2,0,0,202,2026-03-11T08:58:38Z,,duplicate of 019bff8d-8220-71c8-938f-6adde65d42dd (kept bw8-84)
ex14-46,019bff77-befa-771d-bab1-0bedcb7ed307,Bulbasaur,Base Set,1.89,3.29,9161,439,8722,2,16.4,1,0,False,base-set,044/102,Normal,Common,https://cdn.poketrace.com/cards/b8d3fdad9e464877.webp,1.23,2281,2.75,2.75,0,0,True,245.61,37,259.55667,259.55667,53.43,36,45.703335,45.703335,9161,2026-03-11T08:58:38Z,,duplicate of 019bff77-befa-771d-bab1-0bedcb7ed307 (kept ex6-55)
neo1-54,019bff79-8e10-76e9-bb0c-3da7f29532ce,Chikorita,Unseen Forces,1.71,22.4,242,126,116,2,3.8,1,0,False,unseen-forces,51/115,Reverse_Holofoil,Common,https://cdn.poketrace.com/cards/ff356ad70b02c724.webp,16.7,63,21.554,21.554,0,0,True,1249.99,15,0,0,49.99,13,43.495003,43.495003,242,2026-03-11T08:58:38Z,,duplicate of 019bff79-8e10-76e9-bb0c-3da7f29532ce (kept hgss1-59)
ex9-79,019c3ac3-ec67-74f4-b255-82c817d5328e,Mr. Stone's Project,Holon Phantoms,1.89,0.8,212,14,198,2,0,1,0,False,holon-phantoms,88/110,Normal,Uncommon,https://cdn.poketrace.com/cards/91fd3a1a9fc54693.webp,0.49,96,0.8,0.8,0,0,True,33,1,0,0,0,0,0,0,212,2026-03-11T08:58:38Z,,duplicate of 019c3ac3-ec67-74f4-b255-82c817d5328e (kept ex15-77)
neo1-53,019bff79-8e10-76e9-bb0c-3da7f29532ce,Chikorita,Unseen Forces,1.71,22.4,242,126,116,2,3.8,1,0,False,unseen-forces,51/115,Reverse_Holofoil,Common,https://cdn.poketrace.com/cards/ff356ad70b02c724.webp,16.7,63,21.554,21.554,0,0,True,1249.99,15,0,0,49.99,13,43.495003,43.495003,242,2026-03-11T08:58:38Z,,duplicate of 019bff79-8e10-76e9-bb0c-3da7f29532ce (kept hgss1-59)
ex3-30,019bff77-befb-757f-890c-e0f48315d244,Graveler,Fossil,1.89,0.67,4349,14,4335,2,5.7,1,0,False,fossil,37/62,Unlimited,Uncommon,https://cdn.poketrace.com/cards/16d9094121559d05.webp,0.4,1001,0.708,0.708,0,0,True,0,0,0,0,0,0,0,0,4349,2026-03-11T08:58:38Z,,duplicate of 019bff77-befb-757f-890c-e0f48315d244 (kept base3-37)
base4-48,019bff77-befc-77ae-b882-b33dc627c8c3,Lickitung,Jungle,1.89,1.46,3441,171,3270,2,5.2,1,0,False,jungle,38/64,Unlimited,Uncommon,https://cdn.poketrace.com/cards/b00158597aa05c54.webp,0.72,774,1.384,1.384,0,0,True,114.99,32,196.34285,156.6675,23,31,40.335716,28.812,3441,2026-03-11T08:58:38Z,,duplicate of 019bff77-befc-77ae-b882-b33dc627c8c3 (kept base2-38)
sm11-56,019bff77-befc-77ae-b883-0afaca693ed3,Pikachu,Jungle,1.7,4.17,10106,70,10036,2,3,1,0,False,jungle,60/64,Unlimited,Common,https://cdn.poketrace.com/cards/2dce032950d00652.webp,1.74,2433,4.046,4.046,0,0,True,270,8,360.11667,360.11667,56.035,11,45.23357,45.828125,10106,2026-03-11T08:58:38Z,,duplicate of 019bff77-befc-77ae-b883-0afaca693ed3 (kept g1-RC29)
ex5-32,019bff79-8e10-76e9-bb0e-a3d332266d0e,Corsola,Neo Discovery,1.89,4.48,862,32,830,2,4.4,1,0,False,neo-discovery,37/75,Unlimited,Uncommon,https://cdn.poketrace.com/cards/8b26803f86cb4ac8.webp,1.98,270,4.282,4.282,0,0,True,49.63,2,36.102856,44.620712,29.99,4,18,22.26706,862,2026-03-11T08:58:38Z,,duplicate of 019bff79-8e10-76e9-bb0e-a3d332266d0e (kept ecard1-102)
base3-31,019bff77-befb-757f-890c-c91f57cb66fd,Arbok,Fossil,1.89,0.99,3057,0,3057,1,1.4,1,0,False,fossil,31/62,Unlimited,Uncommon,https://cdn.poketrace.com/cards/9cf1ae739d12ef9f.webp,0.6,818,1.004,1.004,0,0,False,0,0,0,0,0,0,0,0,3057,2026-03-11T08:58:38Z,,duplicate of 019bff77-befb-757f-890c-c91f57cb66fd (kept tk-xy-n-3)
bw11-33,019bff7f-e2b8-7168-a041-7a6254df5c90,Piplup,POP Series 8,1.89,7.02,284,11,273,2,1.1,1,0,False,pop-series-8,015/017,Normal,Common,https://cdn.poketrace.com/cards/7923e61a586b61e6.webp,4.01,102,7.1,7.1,0,0,True,0,0,0,0,0,0,0,0,284,2026-03-11T08:58:38Z,,duplicate of 019bff7f-e2b8-7168-a041-7a6254df5c90 (kept pop9-16)
pl1-37,019bff7f-e2b8-7168-a03d-e6a31162e3f1,Palkia,Diamond and Pearl,1.89,21,127,24,103,2,0,1,0,False,diamond-and-pearl,11/130,Reverse_Holofoil,Holo Rare,https://cdn.poketrace.com/cards/6fb1c0d83250fc8f.webp,6.6,23,21,21,0,0,True,0,0,0,0,168.86,4,88.81572,71.57769,127,2026-03-11T08:58:38Z,,duplicate of 019bff7f-e2b8-7168-a03d-e6a31162e3f1 (kept dp4-26)
ex16-77,019bff7c-4505-7332-a338-7c6b9e1d4139,Great Ball,Emerging Powers,1.7,0.98,122,13,109,2,0,1,0,False,emerging-powers,93/98,Reverse_Holofoil,Uncommon,https://cdn.poketrace.com/cards/97e34ca1f6f9709e.webp,0.72,79,0.98,0.98,0,0,True,0,0,0,0,12.85,2,12.46,12.46,122,2026-03-11T08:58:38Z,,duplicate of 019bff7c-4505-7332-a338-7c6b9e1d4139 (kept ex6-92)
ex9-17,019bff7f-e2b8-7168-a03c-4f85578cd0dd,Nosepass,Deoxys,1.19,10.75,145,36,109,2,0,1,0,False,deoxys,42/107,Reverse_Holofoil,Uncommon,https://cdn.poketrace.com/cards/6a361e092645e518.webp,8.63,41,10.75,10.75,0,0,True,300,1,0,0,41,14,0,0,145,2026-03-11T08:58:38Z,,duplicate of 019bff7f-e2b8-7168-a03c-4f85578cd0dd (kept ex8-42)
ex9-12,019bff8d-8220-71c8-9391-a7b8e5db9b0f,Chimecho,SM - Crimson Invasion,1.89,0.26,296,11,285,2,4.6,1,0,False,sm-crimson-invasion,43/111,Reverse_Holofoil,Common,https://cdn.poketrace.com/cards/75d9ef2855d0a6c4.webp,0.27,231,0.248,0.248,0,0,True,0,0,0,0,5,1,0,0,296,2026-03-11T08:58:38Z,,duplicate of 019bff8d-8220-71c8-9391-a7b8e5db9b0f (kept ex5-17)
pl4-59,019bff77-befa-771d-bab1-131dd5c20ddd,Charmander,Base Set,1.9,2.11,12916,385,12531,2,4.4,1,0,False,base-set,046/102,Normal,Common,https://cdn.poketrace.com/cards/064c705d83ed50e2.webp,0.88,3740,2.018,2.018,0,0,True,195,41,206.65572,213.815,41.475,43,39.19143,38.178463,12916,2026-03-11T08:58:38Z,,duplicate of 019bff77-befa-771d-bab1-131dd5c20ddd (kept base1-46)
pop7-14,019bff7e-1601-757e-bd2f-ec281af2fa57,Mareep,Neo Discovery,1.7,0.85,1390,51,1339,2,1.2,1,0,False,neo-discovery,58/75,Unlimited,Common,https://cdn.poketrace.com/cards/9ffc4da5efdb22b8.webp,0.52,412,0.86,0.86,0,0,True,55,8,47.163574,45.278038,27.21,7,21.07,24.95827,1390,2026-03-11T08:58:38Z,,duplicate of 019bff7e-1601-757e-bd2f-ec281af2fa57 (kept ex7-67)
lc-50,019bff77-bef9-75ac-b16b-4b5d7c1d43fa,Kakuna,Base Set,1.25,1.81,3259,133,3126,2,7,1,0,False,base-set,033/102,Normal,Uncommon,https://cdn.poketrace.com/cards/3de06477078bba0d.webp,0.68,798,1.684,1.684,0,0,True,85,30,86,86,47.9,21,36.45,36.45,3259,2026-03-11T08:58:38Z,,duplicate of 019bff77-bef9-75ac-b16b-4b5d7c1d43fa (kept base1-33)
pop7-5,019bff8a-a5c0-76a9-86a3-5fc2f416a8be,Mothim,XY - Fates Collide,1.7,0.66,265,16,249,2,0.9,1,0,False,xy-fates-collide,4/124,Reverse_Holofoil,Rare,https://cdn.poketrace.com/cards/9c99e6da10c69595.webp,0.37,182,0.654,0.654,0,0,True,49.95,1,0,0,0,0,0,0,265,2026-03-11T08:58:38Z,,duplicate of 019bff8a-a5c0-76a9-86a3-5fc2f416a8be (kept dp3-33)
bw3-13,019bff84-6f77-773f-980a-649116245036,Virizion,Legendary Treasures,1.9,1.64,131,14,117,2,0.5,1,0,False,legendary-treasures,15/113,Reverse_Holofoil,Holo Rare,https://cdn.poketrace.com/cards/575c17040d789eef.webp,1.24,70,1.648,1.648,0,0,True,0,0,0,0,9.5,1,32,32,131,2026-03-11T08:58:38Z,,duplicate of 019bff84-6f77-773f-980a-649116245036 (kept bw2-17)
ex14-24,019bff7e-1601-757e-bd30-967cb373da9e,Marshtomp,POP Series 3,1.9,8.26,156,23,133,2,13.2,1,0,False,pop-series-3,015/017,Normal,Common,https://cdn.poketrace.com/cards/62abf990fc3f8755.webp,2.78,53,7.17,7.17,0,0,True,153.67,2,65.44,65.44,7.5,1,0,0,156,2026-03-11T08:58:38Z,,duplicate of 019bff7e-1601-757e-bd30-967cb373da9e (kept ex3-36)
base2-54,019bff77-befc-77ae-b882-f2d3a72e69fe,Jigglypuff,Jungle,1.18,1.6,7188,23,7165,2,1.1,1,0,False,jungle,54/64,Unlimited,Common,https://cdn.poketrace.com/cards/7955f868b4ee65d3.webp,0.46,2189,1.582,1.582,0,0,True,252.52,1,0,0,0,0,0,0,7188,2026-03-11T08:58:38Z,,duplicate of 019bff77-befc-77ae-b882-f2d3a72e69fe (kept hgss1-68)
ex12-55,019bff77-bef9-75ac-b16b-3012cecb99ac,Growlithe,Base Set,1.9,1.17,4292,170,4122,2,9.4,1,0,False,base-set,028/102,Normal,Uncommon,https://cdn.poketrace.com/cards/09ac3e0a01a8dbc2.webp,0.75,865,1.06,1.06,0,0,True,100,29,0,0,15.5,25,18,18,4292,2026-03-11T08:58:38Z,,duplicate of 019bff77-bef9-75ac-b16b-3012cecb99ac (kept base1-28)
lc-42,019bff77-befc-77ae-b882-aa68cc767cc4,Fearow,Jungle,1.91,1.02,3117,0,3117,1,4.1,1,0,False,jungle,36/64,Unlimited,Uncommon,https://cdn.poketrace.com/cards/6f0b152229de9af2.webp,0.51,713,0.978,0.978,0,0,False,0,0,0,0,0,0,0,0,3117,2026-03-11T08:58:38Z,,duplicate of 019bff77-befc-77ae-b882-aa68cc767cc4 (kept base4-41)
ex10-28,019bff77-bef9-75ac-b16b-415925ed5f7f,Jynx,Base Set,1.91,0.99,4381,166,4215,2,2.4,1,0,False,base-set,031/102,Normal,Uncommon,https://cdn.poketrace.com/cards/fc896c5e7bbe76d9.webp,0.55,821,0.966,0.966,0,0,True,115,28,140.15,140.15,30.916666,29,38.504997,38.504997,4381,2026-03-11T08:58:38Z,,duplicate of 019bff77-bef9-75ac-b16b-415925ed5f7f (kept base4-45)
ex2-33,019bff78-a648-7332-9aa3-a4fc76d1fc67,Breloom,Ruby and Sapphire,1.7,12.76,138,35,103,2,2.2,1,0,False,ruby-and-sapphire,16/109,Reverse_Holofoil,Rare,https://cdn.poketrace.com/cards/9f6229a8e29b675e.webp,5.91,47,12.48,12.48,0,0,True,0,0,0,0,70.99,10,0,0,138,2026-03-11T08:58:38Z,,duplicate of 019bff78-a648-7332-9aa3-a4fc76d1fc67 (kept ex1-16)
swshp-SWSH256,019bff9e-cb4c-7581-bf74-441af40100c2,Origin Forme Dialga VSTAR,SWSH10: Astral Radiance,1.91,1.48,2099,138,1961,2,0.8,1,0,False,swsh10-astral-radiance,114/189,Holofoil,Ultra Rare,https://cdn.poketrace.com/cards/6ba5ebe1e6eba556.webp,1.35,1815,1.468,1.468,0,0,True,1200,30,631.235,631.235,29.99,24,0,0,2099,2026-03-11T08:58:38Z,,duplicate of 019bff9e-cb4c-7581-bf74-441af40100c2 (kept swsh10-114)
lc-95,019bff77-befa-771d-bab1-5e808891d9ee,Squirtle,Base Set,1.91,5.97,9284,391,8893,2,8.4,1,0,False,base-set,063/102,Normal,Common,https://cdn.poketrace.com/cards/b2c54c8ecee01611.webp,2.46,2142,5.47,5.47,0,0,True,299.99,58,278.05142,274.83636,56.333332,41,48.979168,48.979168,9284,2026-03-11T08:58:38Z,,duplicate of 019bff77-befa-771d-bab1-5e808891d9ee (kept dp3-112)
base4-63,019bff77-befa-771d-bab1-034b7ece2b74,Wartortle,Base Set,1.91,3.85,4667,286,4381,2,3.2,1,0,False,base-set,042/102,Normal,Uncommon,https://cdn.poketrace.com/cards/e6c56af3cb3fd058.webp,2.32,1074,3.726,3.726,0,0,True,249.99,43,204.64714,204.64714,66,28,60.219997,60.219997,4667,2026-03-11T08:58:38Z,,duplicate of 019bff77-befa-771d-bab1-034b7ece2b74 (kept ex14-42)
neo2-40,019bff7d-2e11-71aa-95c2-95153d243c03,Igglybuff,WoTC Promo,1.7,9.94,1282,146,1136,2,2.1,1,0,False,wotc-promo,36/53,Normal,Promo,https://cdn.poketrace.com/cards/fbe3978d6b970365.webp,7.76,665,9.734,9.734,0,0,True,152.5,30,0,0,34.99,25,0,0,1282,2026-03-11T08:58:38Z,,duplicate of 019bff7d-2e11-71aa-95c2-95153d243c03 (kept sm12-168)
dp1-40,019bff84-6f79-7196-a6a4-9004a4392c43,Weavile,XY - Flashfire,1.91,0.79,158,18,140,2,12.2,1,0,False,xy-flashfire,52/106,Reverse_Holofoil,Rare,https://cdn.poketrace.com/cards/b857680d12779d5e.webp,0.4,83,0.694,0.694,0,0,False,0,0,0,0,0,0,0,0,158,2026-03-11T08:58:38Z,,duplicate of 019bff84-6f79-7196-a6a4-9004a4392c43 (kept hgss3-25)
ex2-37,019bff77-befc-77ae-b882-aa68cc767cc4,Fearow,Jungle,1.91,1.02,3117,0,3117,1,4.1,1,0,False,jungle,36/64,Unlimited,Uncommon,https://cdn.poketrace.com/cards/6f0b152229de9af2.webp,0.51,713,0.978,0.978,0,0,False,0,0,0,0,0,0,0,0,3117,2026-03-11T08:58:38Z,,duplicate of 019bff77-befc-77ae-b882-aa68cc767cc4 (kept base4-41)
bw8-24,019bff77-befa-771d-bab1-5e808891d9ee,Squirtle,Base Set,1.7,5.97,9284,391,8893,2,8.4,1,0,False,base-set,063/102,Normal,Common,https://cdn.poketrace.com/cards/b2c54c8ecee01611.webp,2.46,2142,5.47,5.47,0,0,True,299.99,58,278.05142,274.83636,56.333332,41,48.979168,48.979168,9284,2026-03-11T08:58:38Z,,duplicate of 019bff77-befa-771d-bab1-5e808891d9ee (kept dp3-112)
ex4-74,019c3ac3-ec68-7410-8bdf-a7510be2125f,Strength Charm,Deoxys,1.7,0.47,173,20,153,2,0.4,1,0,False,deoxys,92/107,Normal,Uncommon,https://cdn.poketrace.com/cards/6e8bac0e2f462bc5.webp,0.24,50,0.468,0.468,0,0,True,6.5,1,0,0,90,4,0,0,173,2026-03-11T08:58:38Z,,duplicate of 019c3ac3-ec68-7410-8bdf-a7510be2125f (kept ecard1-150)
swsh7-40,019bffa4-08c2-73d1-9af8-fc1f97d549bd,Glaceon V,Crown Zenith,1.92,1.12,4601,238,4363,2,0,1,0,False,crown-zenith,038/159,Holofoil,Ultra Rare,https://cdn.poketrace.com/cards/44247bf9f7d40e95.webp,1.64,4094,1.12,1.12,0,0,True,41.97,30,42.315002,42.315002,17.5,33,26.9,26.9,4601,2026-03-11T08:58:38Z,,duplicate of 019bffa4-08c2-73d1-9af8-fc1f97d549bd (kept swsh12.5-038)
bw8-77,019bff7e-1600-7088-8281-c05c0dd45480,Lucario,DP Trainer Kit: Manaphy & Lucario,1.25,5.14,365,0,365,1,2.2,1,0,False,dp-trainer-kit-manaphy-and-lucario,3/11,Holofoil,Common,https://cdn.poketrace.com/cards/046b78a7efb63fe0.webp,3.97,31,5.028,5.028,0,0,False,0,0,0,0,0,0,0,0,365,2026-03-11T08:58:38Z,,duplicate of 019bff7e-1600-7088-8281-c05c0dd45480 (kept hgss2-19)
dp2-33,019bff97-5466-7019-963f-5fffb9fdd1a6,Rampardos,Deck Exclusives,1.9,2.39,238,5,233,2,0,1,0,False,deck-exclusives,033/123,Holofoil,Holo Rare,https://cdn.poketrace.com/cards/5200f8e8431dbb39.webp,2.79,2,2.39,2.39,0,0,False,0,0,0,0,0,0,0,0,238,2026-03-11T08:58:38Z,,duplicate of 019bff97-5466-7019-963f-5fffb9fdd1a6 (kept pop6-5)
dp2-118,019bff7e-fc51-74ac-aafe-c77c641a950b,Multi Energy,Sandstorm,1.92,6.27,96,28,68,2,2.5,1,0,False,sandstorm,93/100,Reverse_Holofoil,Rare,https://cdn.poketrace.com/cards/a35ba34458160e4b.webp,3.23,45,6.428,6.428,0,0,True,0,0,0,0,15.43,5,0,0,96,2026-03-11T08:58:38Z,,duplicate of 019bff7e-fc51-74ac-aafe-c77c641a950b (kept ex16-89)
swsh4.5-SV106,019bff9c-c080-745e-b3db-de37e0060659,Rillaboom VMAX,SWSH08: Fusion Strike,1.92,1.77,2892,114,2778,2,0.7,3,0,False,swsh08-fusion-strike,023/264,Holofoil,Ultra Rare,https://cdn.poketrace.com/cards/22b69423bcbd8172.webp,1.69,2516,1.7575,1.7575,0,0,True,44.79,30,0,0,16.5,15,0,0,2892,2026-03-11T08:58:38Z,,duplicate of 019bff9c-c080-745e-b3db-de37e0060659 (kept swsh8-23)
hgss1-34,019bff77-befb-757f-890d-0079985bea7a,Weezing,Fossil,1.69,1.25,3015,140,2875,2,12.2,1,0,False,fossil,45/62,Unlimited,Uncommon,https://cdn.poketrace.com/cards/7a70fe608d4cbc63.webp,0.71,694,1.098,1.098,0,0,True,94.97,26,154.99,154.99,15.04,19,16.335714,21.857222,3015,2026-03-11T08:58:38Z,,duplicate of 019bff77-befb-757f-890d-0079985bea7a (kept ex11-33)
ex14-57,019bff7e-fc51-74ac-aafe-8589681a2667,Mudkip,Crystal Guardians,1.92,37.53,360,101,259,2,0,1,0,False,crystal-guardians,57/100,Reverse_Holofoil,Common,https://cdn.poketrace.com/cards/0776e5c1263b0fe1.webp,18.77,85,37.53,37.53,0,0,True,1095,8,0,0,150.05,27,0,0,360,2026-03-11T08:58:38Z,,duplicate of 019bff7e-fc51-74ac-aafe-8589681a2667 (kept ex1-59)
swsh12.5-GG42,019bffa4-08c2-73d1-9af9-72a4e149cfac,Zeraora VMAX,Crown Zenith,1.92,2.32,4240,244,3996,2,1.6,1,0,False,crown-zenith,054/159,Holofoil,Ultra Rare,https://cdn.poketrace.com/cards/ce7e5ec4e9c606bf.webp,1.98,3815,2.284,2.284,0,0,True,38.88,32,46.97,46.97,11.5,19,0,0,4240,2026-03-11T08:58:38Z,,duplicate of 019bffa4-08c2-73d1-9af9-72a4e149cfac (kept swsh12.5-054)
ex2-56,019bff78-a646-72eb-8307-5cd664f790f3,Aron,Legend Maker,1.25,12.95,209,58,151,2,6.9,1,0,False,legend-maker,48/92,Reverse_Holofoil,Common,https://cdn.poketrace.com/cards/d5e4731fefd8c41b.webp,8.63,79,12.056,12.056,0,0,True,325,5,130.74858,116.89,75,13,33.602856,37.421562,209,2026-03-11T08:58:38Z,,duplicate of 019bff78-a646-72eb-8307-5cd664f790f3 (kept ex1-25)
ex3-28,019bff7b-60a7-77b8-b493-7c092c63a8ea,Forretress,Unseen Forces,1.25,46.39,115,56,59,2,2.3,1,0,False,unseen-forces,6/115,Reverse_Holofoil,Holo Rare,https://cdn.poketrace.com/cards/a1f8c226cd5103be.webp,16.66,24,47.444,47.444,0,0,True,280,4,0,0,32.5,20,48.75,48.75,115,2026-03-11T08:58:38Z,,duplicate of 019bff7b-60a7-77b8-b493-7c092c63a8ea (kept dp6-28)
dp5-26,019bff77-befb-757f-890c-ec569874524d,Omastar,Fossil,1.69,1.21,3253,118,3135,2,6.6,1,0,False,fossil,40/62,Unlimited,Uncommon,https://cdn.poketrace.com/cards/47143b541bdea43d.webp,0.69,694,1.13,1.13,0,0,True,170,23,0,0,27.77,24,0,0,3253,2026-03-11T08:58:38Z,,duplicate of 019bff77-befb-757f-890c-ec569874524d (kept sm9-76)
pl3-42,019bff77-befb-757f-890c-f14f7474e28d,Sandslash,Fossil,1.69,0.97,3304,108,3196,2,7.4,1,0,False,fossil,41/62,Unlimited,Uncommon,https://cdn.poketrace.com/cards/566c729f09b40c49.webp,0.63,750,1.042,1.042,0,0,True,105,15,67.524284,56.236,27,24,26.387142,20.4512,3304,2026-03-11T08:58:38Z,,duplicate of 019bff77-befb-757f-890c-f14f7474e28d (kept hgss1-29)
base2-47,019bff77-befc-77ae-b882-d5c8fa6f1d49,Tauros,Jungle,1.18,0.88,3068,138,2930,2,4.3,1,0,False,jungle,47/64,Unlimited,Uncommon,https://cdn.poketrace.com/cards/edca137b9287129f.webp,0.42,774,0.842,0.842,0,0,True,299,14,216.11858,173.73534,117.01,30,0,0,3068,2026-03-11T08:58:38Z,,duplicate of 019bff77-befc-77ae-b882-d5c8fa6f1d49 (kept lc-65)
ex8-36,019bff7e-1601-757e-bd2b-f2a314e9752d,Lunatone,Legend Maker,1.69,17.56,152,53,99,2,2.5,1,0,False,legend-maker,20/92,Reverse_Holofoil,Rare,https://cdn.poketrace.com/cards/3d9fdc58dd8ddd20.webp,14.32,57,17.122,17.122,0,0,True,355,4,0,0,73,14,73,73,152,2026-03-11T08:58:38Z,,duplicate of 019bff7e-1601-757e-bd2b-f2a314e9752d (kept ex12-20)
dp3-29,019bff77-befb-757f-890c-dc7539355730,Golem,Fossil,1.92,1.31,2755,1,2754,2,5.8,1,0,False,fossil,36/62,Unlimited,Uncommon,https://cdn.poketrace.com/cards/0158ca80f5498d00.webp,1.02,580,1.386,1.386,0,0,True,0,0,0,0,0,0,0,0,2755,2026-03-11T08:58:38Z,,duplicate of 019bff77-befb-757f-890c-dc7539355730 (kept g1-45)
pl3-45,019bff82-9f83-70dd-a44e-9f39fb32156b,Solrock,Legend Maker,1.17,17.71,153,54,99,2,3.6,1,0,False,legend-maker,25/92,Reverse_Holofoil,Rare,https://cdn.poketrace.com/cards/7ecfef5811e355ac.webp,14.47,38,17.076,17.076,0,0,True,600,6,0,0,85,17,0,0,153,2026-03-11T08:58:38Z,,duplicate of 019bff82-9f83-70dd-a44e-9f39fb32156b (kept hgss4-9)
dp2-28,019bff7e-1601-757e-bd2f-60358ae70390,Manectric,Emerald,1.68,29.32,160,46,114,2,0,1,0,False,emerald,7/106,Reverse_Holofoil,Holo Rare,https://cdn.poketrace.com/cards/ee28407680026bda.webp,25.99,58,29.32,29.32,0,0,True,324.88,2,173.52715,174.77374,71,11,48.36429,39.63117,160,2026-03-11T08:58:38Z,,duplicate of 019bff7e-1601-757e-bd2f-60358ae70390 (kept ex9-16)
ex6-18,019bff77-bef9-75ac-b16b-1dfb59e80b55,Arcanine,Base Set,1.69,3.02,3894,230,3664,2,10.5,1,0,False,base-set,023/102,Normal,Uncommon,https://cdn.poketrace.com/cards/bf03e8b08c598353.webp,1.46,864,3.338,3.338,0,0,True,245,28,243.25,243.25,62,25,65.15357,67.00938,3894,2026-03-11T08:58:38Z,,duplicate of 019bff77-bef9-75ac-b16b-1dfb59e80b55 (kept pl3-50)
ex3-64,019bff7e-1601-757e-bd2f-ec281af2fa57,Mareep,Neo Discovery,1.69,0.85,1390,51,1339,2,1.2,1,0,False,neo-discovery,58/75,Unlimited,Common,https://cdn.poketrace.com/cards/9ffc4da5efdb22b8.webp,0.52,412,0.86,0.86,0,0,True,55,8,47.163574,45.278038,27.21,7,21.07,24.95827,1390,2026-03-11T08:58:38Z,,duplicate of 019bff7e-1601-757e-bd2f-ec281af2fa57 (kept ex7-67)
bw9-94,019bff7d-2e12-77f0-9b54-f4444fddd8ce,Kecleon,Legend Maker,1.17,21.9,172,42,130,2,9,1,0,False,legend-maker,37/92,Reverse_Holofoil,Uncommon,https://cdn.poketrace.com/cards/bfc5f196dc40810b.webp,15,71,19.936,19.936,0,0,True,320,3,0,0,80,12,0,0,172,2026-03-11T08:58:38Z,,duplicate of 019bff7d-2e12-77f0-9b54-f4444fddd8ce (kept sv08-213)
pl3-43,019bff77-befc-77ae-b882-d38197854925,Seaking,Jungle,1.26,0.94,2956,3,2953,2,3.6,1,0,False,jungle,46/64,Unlimited,Uncommon,https://cdn.poketrace.com/cards/8341a83321e9e5cb.webp,0.62,751,0.906,0.906,0,0,False,0,0,0,0,0,0,0,0,2956,2026-03-11T08:58:38Z,,duplicate of 019bff77-befc-77ae-b882-d38197854925 (kept ex8-24)
dp3-35,019bff77-befb-757f-890a-cef36562c810,Pidgeot,Base Set 2,1.93,27.34,1157,222,935,2,0.3,1,0,False,base-set-2,014/130,Holofoil,Holo Rare,https://cdn.poketrace.com/cards/1980755294d044cb.webp,18.95,119,27.428,27.428,0,0,True,760,7,0,0,175,16,163.19,163.19,1157,2026-03-11T08:58:38Z,,duplicate of 019bff77-befb-757f-890a-cef36562c810 (kept xy2-77)
bw11-47,019bff7f-e2b8-7168-a041-b603230d9dec,Plusle,POP Series 1,1.18,1.93,410,38,372,2,2.2,1,0,False,pop-series-1,013/017,Normal,Common,https://cdn.poketrace.com/cards/6a391137e8165e12.webp,1.02,283,1.888,1.888,0,0,True,99.95,9,38.427143,38.6225,38.93,4,18.723333,18.723333,410,2026-03-11T08:58:38Z,,duplicate of 019bff7f-e2b8-7168-a041-b603230d9dec (kept pop1-13)
hgss3-48,019bff77-befc-77ae-b882-e552f68bfcb4,Eevee,Jungle,1.93,1.96,10515,25,10490,2,22.8,1,0,False,jungle,51/64,Unlimited,Common,https://cdn.poketrace.com/cards/98f4a0868011f1bd.webp,0.69,2612,1.514,1.514,0,0,True,150,4,169.5,169.5,0,0,0,0,10515,2026-03-11T08:58:38Z,,duplicate of 019bff77-befc-77ae-b882-e552f68bfcb4 (kept sm5-105)
ex4-27,019c3ac3-ec68-7410-8be2-7842650bba3c,Team Aqua's Electrike,Team Magma vs Team Aqua,1.93,1.12,158,10,148,2,2.3,1,0,False,team-magma-vs-team-aqua,52/95,Normal,Common,https://cdn.poketrace.com/cards/878a988462d7792f.webp,0.63,75,1.094,1.094,0,0,True,0,0,0,0,0,0,0,0,158,2026-03-11T08:58:38Z,,duplicate of 019c3ac3-ec68-7410-8be2-7842650bba3c (kept ex4-52)
sm8-56,019bff77-befc-77ae-b883-2b46800375d1,Lapras,Southern Islands,1.94,46.82,435,140,295,2,0.5,1,0,False,southern-islands,12/18,Normal,Promo,https://cdn.poketrace.com/cards/2a5adbe34ca2fec4.webp,36.16,90,47.032,47.032,0,0,True,316.95,31,305.975,305.975,85,17,89.605,89.605,435,2026-03-11T08:58:38Z,,duplicate of 019bff77-befc-77ae-b883-2b46800375d1 (kept swshp-SWSH051)
hgss1-102,019bff77-befa-771d-bab1-d4592eab7443,Switch,Base Set,1.69,0.46,4555,165,4390,2,10,1,0,False,base-set,095/102,Normal,Common,https://cdn.poketrace.com/cards/73170be198e0de9f.webp,0.19,1095,0.414,0.414,0,0,True,74.99,32,70.32667,70.32667,36,27,35.3275,35.3275,4555,2026-03-11T08:58:38Z,,duplicate of 019bff77-befa-771d-bab1-d4592eab7443 (kept ecard1-157)
ex1-43,019bff81-ba5b-72b4-ae78-d7f83d71e736,Silcoon,Platinum,1.94,1.52,131,20,111,2,0,1,0,False,platinum,63/127,Reverse_Holofoil,Uncommon,https://cdn.poketrace.com/cards/9d68f3d383f91cff.webp,0.86,43,1.52,1.52,0,0,True,0,0,0,0,20.5,1,0,0,131,2026-03-11T08:58:38Z,,duplicate of 019bff81-ba5b-72b4-ae78-d7f83d71e736 (kept ex8-46)
lc-62,019bff77-befb-757f-890c-f14f7474e28d,Sandslash,Fossil,1.26,0.97,3304,108,3196,2,7.4,1,0,False,fossil,41/62,Unlimited,Uncommon,https://cdn.poketrace.com/cards/566c729f09b40c49.webp,0.63,750,1.042,1.042,0,0,True,105,15,67.524284,56.236,27,24,26.387142,20.4512,3304,2026-03-11T08:58:38Z,,duplicate of 019bff77-befb-757f-890c-f14f7474e28d (kept hgss1-29)
ex4-30,019bff86-38c6-7658-a5ca-e45f23f28daa,Team Aqua's Mightyena,Double Crisis,1.26,10.4,192,16,176,2,2.5,1,0,False,double-crisis,18/34,Reverse_Holofoil,Common,https://cdn.poketrace.com/cards/b3f32834d2b6c09c.webp,6.63,102,10.144,10.144,0,0,True,0,0,0,0,0,0,0,0,192,2026-03-11T08:58:38Z,,duplicate of 019bff86-38c6-7658-a5ca-e45f23f28daa (kept ex4-15)
xy0-23,019bff7c-4505-7332-a337-f14c2b6b36f1,Granbull,Neo Genesis,1.18,1.47,929,7,922,2,1,1,0,False,neo-genesis,037/111,Unlimited,Uncommon,https://cdn.poketrace.com/cards/dd67276a82d421d9.webp,0.96,283,1.456,1.456,0,0,True,0,0,0,0,0,0,0,0,929,2026-03-11T08:58:38Z,,duplicate of 019bff7c-4505-7332-a337-f14c2b6b36f1 (kept tk-xy-sy-29)
lc-54,019bff77-befa-771d-bab1-347e0b95717e,Metapod,Base Set,1.92,1.04,4018,164,3854,2,7.5,1,0,False,base-set,054/102,Normal,Common,https://cdn.poketrace.com/cards/a05dd3f1b25c3c25.webp,0.42,1001,0.962,0.962,0,0,True,65,28,70,70,45,24,40.5,40.5,4018,2026-03-11T08:58:38Z,,duplicate of 019bff77-befa-771d-bab1-347e0b95717e (kept base1-54)
ex15-23,,Tropius δ,,1.68,0,0,0,0,0,0,0,0,False,,,,,,0,0,0,0,0,0,False,0,0,0,0,0,0,0,0,0,2026-03-11T08:58:38Z,,
base2-34,019bff77-befc-77ae-b882-a01e1d960510,Dodrio,Jungle,1.94,1.12,3136,0,3136,1,1.6,1,0,False,jungle,34/64,Unlimited,Uncommon,https://cdn.poketrace.com/cards/caa2bc08c0a846dd.webp,0.75,860,1.102,1.102,0,0,False,0,0,0,0,0,0,0,0,3136,2026-03-11T08:58:38Z,,duplicate of 019bff77-befc-77ae-b882-a01e1d960510 (kept pl3-25)
ex13-33,019bff83-863e-704c-9303-d30cc7615b0a,Torkoal,Legend Maker,1.26,13.89,217,67,150,2,21.3,1,0,False,legend-maker,27/92,Reverse_Holofoil,Rare,https://cdn.poketrace.com/cards/de5a0d42552945f4.webp,10.76,38,10.93,10.93,0,0,True,870,6,0,0,40,24,40.342857,40.88963,217,2026-03-11T08:58:38Z,,duplicate of 019bff83-863e-704c-9303-d30cc7615b0a (kept dp6-41)
ex8-26,019bff81-ba5b-72b4-ae79-23216d2922ab,Skarmory,Neo Genesis,1.18,22.92,618,36,582,2,0.2,1,0,False,neo-genesis,013/111,Unlimited_Holofoil,Holo Rare,https://cdn.poketrace.com/cards/03f2d5a880011d42.webp,16.85,115,22.882,22.882,0,0,True,975,1,0,0,155,4,0,0,618,2026-03-11T08:58:38Z,,duplicate of 019bff81-ba5b-72b4-ae79-23216d2922ab (kept ex11-55)
sm10-43,019bff77-befb-757f-890c-fa17936ae5e0,Slowbro,Fossil,1.94,1.4,3413,148,3265,2,1,1,0,False,fossil,43/62,Unlimited,Uncommon,https://cdn.poketrace.com/cards/76dd7db498bf8b25.webp,0.67,798,1.414,1.414,0,0,True,200,27,257.94644,257.94644,30,29,31,31,3413,2026-03-11T08:58:38Z,,duplicate of 019bff77-befb-757f-890c-fa17936ae5e0 (kept dp4-54)
ex13-41,,Exeggutor δ,,1.26,0,0,0,0,0,0,0,0,False,,,,,,0,0,0,0,0,0,False,0,0,0,0,0,0,0,0,0,2026-03-11T08:58:38Z,,
ex2-34,019bff7a-78f3-7153-ae67-a41e31350312,Delcatty,EX Trainer Kit 1: Latias & Latios,1.68,0.33,122,3,119,2,0.6,1,0,False,ex-trainer-kit-1-latias-and-latios,3/10,Normal,Common,https://cdn.poketrace.com/cards/6db1b00674d22f6f.webp,0.29,46,0.328,0.328,0,0,False,0,0,0,0,0,0,0,0,122,2026-03-11T08:58:38Z,,duplicate of 019bff7a-78f3-7153-ae67-a41e31350312 (kept sm7-121)
lc-63,019bff77-befb-757f-890c-f432b6e30285,Seadra,Fossil,1.67,0.76,4118,5,4113,2,4.2,1,0,False,fossil,42/62,Unlimited,Uncommon,https://cdn.poketrace.com/cards/cbcd0cdf15a62fe8.webp,0.46,1007,0.728,0.728,0,0,False,0,0,0,0,0,0,0,0,4118,2026-03-11T08:58:38Z,,duplicate of 019bff77-befb-757f-890c-f432b6e30285 (kept dp6-70)
base2-46,019bff77-befc-77ae-b882-d38197854925,Seaking,Jungle,1.17,0.94,2956,3,2953,2,3.6,1,0,False,jungle,46/64,Unlimited,Uncommon,https://cdn.poketrace.com/cards/8341a83321e9e5cb.webp,0.62,751,0.906,0.906,0,0,False,0,0,0,0,0,0,0,0,2956,2026-03-11T08:58:38Z,,duplicate of 019bff77-befc-77ae-b882-d38197854925 (kept ex8-24)
sm8-180,,Life Forest ◇,,1.67,0,0,0,0,0,0,0,0,False,,,,,,0,0,0,0,0,0,False,0,0,0,0,0,0,0,0,0,2026-03-11T08:58:38Z,,
swsh2-187,019bff96-3f25-72d1-b369-6cbfb9379e43,Copperajah V,SWSH02: Rebel Clash,1.94,1.02,931,51,880,2,3.3,1,0,False,swsh02-rebel-clash,136/192,Holofoil,Ultra Rare,https://cdn.poketrace.com/cards/b110777fda0a5f3b.webp,0.82,757,0.986,0.986,0,0,True,20.5,19,20.66,21.784706,5.78,5,14.88,14.88,931,2026-03-11T08:58:38Z,,duplicate of 019bff96-3f25-72d1-b369-6cbfb9379e43 (kept swsh2-136)
ex2-65,019bff77-bef9-75ac-b16b-3012cecb99ac,Growlithe,Base Set,1.95,1.17,4292,170,4122,2,9.4,1,0,False,base-set,028/102,Normal,Uncommon,https://cdn.poketrace.com/cards/09ac3e0a01a8dbc2.webp,0.75,865,1.06,1.06,0,0,True,100,29,0,0,15.5,25,18,18,4292,2026-03-11T08:58:38Z,,duplicate of 019bff77-bef9-75ac-b16b-3012cecb99ac (kept base1-28)
xy2-80,019bff77-befb-757f-890b-7c38e58307d0,Snorlax,Base Set 2,1.95,23.07,1196,159,1037,2,16.7,1,0,False,base-set-2,030/130,Normal,Rare,https://cdn.poketrace.com/cards/5ed6764b1db50057.webp,7.58,245,19.218,19.218,0,0,True,66.24,31,0,0,129.99,21,0,0,1196,2026-03-11T08:58:38Z,,duplicate of 019bff77-befb-757f-890b-7c38e58307d0 (kept xy8-118)
base3-41,019bff77-befb-757f-890c-f14f7474e28d,Sandslash,Fossil,1.95,0.97,3304,108,3196,2,7.4,1,0,False,fossil,41/62,Unlimited,Uncommon,https://cdn.poketrace.com/cards/566c729f09b40c49.webp,0.63,750,1.042,1.042,0,0,True,105,15,67.524284,56.236,27,24,26.387142,20.4512,3304,2026-03-11T08:58:38Z,,duplicate of 019bff77-befb-757f-890c-f14f7474e28d (kept hgss1-29)
ecard1-109,019bff77-befa-771d-bab1-27c8f2495d2a,Gastly,Base Set,1.95,0.82,5318,183,5135,2,2.9,1,0,False,base-set,050/102,Normal,Common,https://cdn.poketrace.com/cards/de7c31ac64325254.webp,0.47,1556,0.844,0.844,0,0,True,197.77,28,147.38501,147.38501,42,28,39.996666,39.996666,5318,2026-03-11T08:58:38Z,,duplicate of 019bff77-befa-771d-bab1-27c8f2495d2a (kept ex6-63)
swsh11-TG04,019bff8a-a5c1-7149-81da-9ef942bd026a,Chandelure,XY - Steam Siege,1.67,1.26,498,29,469,2,0.5,1,0,False,xy-steam-siege,50/114,Reverse_Holofoil,Holo Rare,https://cdn.poketrace.com/cards/bb02a12a617ac426.webp,1.16,335,1.266,1.266,0,0,True,179.99,1,47.424286,58.30875,0,0,0,0,498,2026-03-11T08:58:38Z,,duplicate of 019bff8a-a5c1-7149-81da-9ef942bd026a (kept bw4-20)
ex5-44,019bff7e-fc4f-7384-9b8a-2faa52576198,Metang,Deoxys,1.17,12.9,190,41,149,2,0,1,0,False,deoxys,40/107,Reverse_Holofoil,Uncommon,https://cdn.poketrace.com/cards/c35af3351503fab4.webp,7.48,64,12.9,12.9,0,0,True,349.99,2,153.90334,153.90334,43.69,9,39.56286,38.39875,190,2026-03-11T08:58:38Z,,duplicate of 019bff7e-fc4f-7384-9b8a-2faa52576198 (kept ex16-35)
gym1-38,019bff78-a648-7332-9aa3-d5bf0ff791a1,Brock's Geodude,Gym Challenge,1.95,0.91,1018,0,1018,1,1.8,1,0,False,gym-challenge,068/132,Unlimited,Common,https://cdn.poketrace.com/cards/308913b76d4c7a33.webp,0.67,430,0.926,0.926,0,0,False,0,0,0,0,0,0,0,0,1018,2026-03-11T08:58:38Z,,duplicate of 019bff78-a648-7332-9aa3-d5bf0ff791a1 (kept gym1-66)
tk-xy-b-20,019bff86-38c5-7127-b4de-7e2d6da37523,Trevor,XY Promos,1.25,1.89,137,18,119,2,0.5,1,0,False,xy-promos,XY33,Normal,Promo,https://cdn.poketrace.com/cards/8ff1ad2a139dfdb8.webp,0.73,49,1.88,1.88,0,0,False,0,0,0,0,0,0,0,0,137,2026-03-11T08:58:38Z,,duplicate of 019bff86-38c5-7127-b4de-7e2d6da37523 (kept tk-xy-w-24)
ex15-84,019c3ac3-ec66-706d-a49a-85a06b40e2e6,Holon Energy FF,Delta Species,1.95,1.29,120,24,96,2,6.2,1,0,False,delta-species,104/113,Normal,Rare,https://cdn.poketrace.com/cards/541e9ba1d17b4692.webp,1.28,41,1.37,1.37,0,0,True,22.5,1,0,0,40,1,0,0,120,2026-03-11T08:58:38Z,,duplicate of 019c3ac3-ec66-706d-a49a-85a06b40e2e6 (kept ex11-104)
bw8-37,019bff8c-7243-760b-b38e-dcce303bab4c,Vanilluxe,SM - Guardians Rising,1.17,0.36,188,15,173,2,0,1,0,False,sm-guardians-rising,35/145,Reverse_Holofoil,Rare,https://cdn.poketrace.com/cards/8eb66e224678456d.webp,0.3,142,0.36,0.36,0,0,False,0,0,0,0,0,0,0,0,188,2026-03-11T08:58:38Z,,duplicate of 019bff8c-7243-760b-b38e-dcce303bab4c (kept bw4-33)
ex7-63,019bff7d-2e14-7575-b736-18281a54452f,Larvitar,Neo Discovery,1.96,0.54,1572,1,1571,2,7.8,1,0,False,neo-discovery,57/75,Unlimited,Common,https://cdn.poketrace.com/cards/bf79e21cf0a24793.webp,0.37,444,0.498,0.498,0,0,False,0,0,0,0,0,0,0,0,1572,2026-03-11T08:58:38Z,,duplicate of 019bff7d-2e14-7575-b736-18281a54452f (kept dp7-63)
swsh8-249,019bff9c-c081-7545-beec-0f0488ecbae8,Boltund V,SWSH08: Fusion Strike,1.96,0.62,3478,95,3383,2,1.3,1,0,False,swsh08-fusion-strike,103/264,Holofoil,Ultra Rare,https://cdn.poketrace.com/cards/2a94591677544c2e.webp,0.73,3092,0.612,0.612,0,0,True,40,12,0,0,13.5,15,10.5,10.5,3478,2026-03-11T08:58:38Z,,duplicate of 019bff9c-c081-7545-beec-0f0488ecbae8 (kept swshp-SWSH085)
ex10-37,019bff79-8e10-76e9-bb0e-a3d332266d0e,Corsola,Neo Discovery,1.67,4.48,862,32,830,2,4.4,1,0,False,neo-discovery,37/75,Unlimited,Uncommon,https://cdn.poketrace.com/cards/8b26803f86cb4ac8.webp,1.98,270,4.282,4.282,0,0,True,49.63,2,36.102856,44.620712,29.99,4,18,22.26706,862,2026-03-11T08:58:38Z,,duplicate of 019bff79-8e10-76e9-bb0e-a3d332266d0e (kept ecard1-102)
ex4-85,019bff84-6f77-773f-980b-b3c4fe8ee38f,Warp Point,Gym Challenge,1.67,1.11,696,31,665,2,4.7,1,0,False,gym-challenge,126/132,Unlimited,Common,https://cdn.poketrace.com/cards/9da148a8f4e08db3.webp,0.78,215,1.162,1.162,0,0,True,0,0,0,0,5.63,3,0,0,696,2026-03-11T08:58:38Z,,duplicate of 019bff84-6f77-773f-980b-b3c4fe8ee38f (kept gym2-126)
xy7-67,019bff8d-8220-71c8-938c-be263638b851,Porygon-Z,SM - Burning Shadows,1.96,0.36,439,19,420,2,10.6,1,0,False,sm-burning-shadows,105/147,Reverse_Holofoil,Holo Rare,https://cdn.poketrace.com/cards/c1feddf70d95ff5b.webp,0.33,331,0.322,0.322,0,0,True,31,2,46.5,46.5,14.26,1,8.818571,12.978,439,2026-03-11T08:58:38Z,,duplicate of 019bff8d-8220-71c8-938c-be263638b851 (kept sm10-157)
sm10-75,019bff77-bef9-75ac-b16a-da6c16290d45,Mewtwo,Base Set,1.17,63.32,4538,554,3984,2,5.1,1,0,False,base-set,010/102,Holofoil,Holo Rare,https://cdn.poketrace.com/cards/e5c6f231acc603e4.webp,30.04,366,60.086,60.086,0,0,True,2739.995,48,2527.5134,2527.5134,303.35,46,307.75143,291.21924,4538,2026-03-11T08:58:38Z,,duplicate of 019bff77-bef9-75ac-b16a-da6c16290d45 (kept xy12-51)
sm5-136,,Super Boost Energy ◇,,1.67,0,0,0,0,0,0,0,0,False,,,,,,0,0,0,0,0,0,False,0,0,0,0,0,0,0,0,0,2026-03-11T08:58:38Z,,
pl3-44,019bff81-ba5a-741b-bef5-3692a88ce15d,Shedinja,Deoxys,1.96,47.81,108,32,76,2,0.9,1,0,False,deoxys,14/107,Reverse_Holofoil,Holo Rare,https://cdn.poketrace.com/cards/b8e26b12cf8021fd.webp,35.01,41,47.372,47.372,0,0,True,249.99,3,0,0,69.99,5,0,0,108,2026-03-11T08:58:38Z,,duplicate of 019bff81-ba5a-741b-bef5-3692a88ce15d (kept me01-144)
swsh8-146,019bff9e-cb4c-7581-bf73-ba726524a9d8,Lucario V,SWSH10: Astral Radiance,1.17,1.15,6012,166,5846,2,0.5,1,0,False,swsh10-astral-radiance,078/189,Holofoil,Ultra Rare,https://cdn.poketrace.com/cards/99ef86de0f98fc31.webp,0.94,4892,1.156,1.156,0,0,True,59.99,29,0,0,27.49,19,19.326666,19.326666,6012,2026-03-11T08:58:38Z,,duplicate of 019bff9e-cb4c-7581-bf73-ba726524a9d8 (kept swsh10-078)
col1-56,019bff77-befc-77ae-b882-e552f68bfcb4,Eevee,Jungle,1.65,1.96,10515,25,10490,2,22.8,1,0,False,jungle,51/64,Unlimited,Common,https://cdn.poketrace.com/cards/98f4a0868011f1bd.webp,0.69,2612,1.514,1.514,0,0,True,150,4,169.5,169.5,0,0,0,0,10515,2026-03-11T08:58:38Z,,duplicate of 019bff77-befc-77ae-b882-e552f68bfcb4 (kept sm5-105)
gym2-132,019bff77-bef9-75ac-b16a-e64efdaef5a2,Water Energy,Base Set,1.95,0.44,6428,178,6250,2,2.7,1,0,False,base-set,102/102,Normal,Common,https://cdn.poketrace.com/cards/7c7c15c1376cb3bf.webp,0.31,1687,0.452,0.452,0,0,True,114.99,35,110.995834,110.995834,19.25,44,0,0,6428,2026-03-11T08:58:38Z,,duplicate of 019bff77-bef9-75ac-b16a-e64efdaef5a2 (kept ecard1-165)
bw11-84,019bff83-863d-7188-8d83-8d5f8af47857,Terrakion,Legendary Treasures,1.67,1.32,279,11,268,2,0,1,0,False,legendary-treasures,84/113,Reverse_Holofoil,Holo Rare,https://cdn.poketrace.com/cards/5263f5f0d00409e8.webp,1.11,221,1.32,1.32,0,0,True,0,0,0,0,0,0,0,0,279,2026-03-11T08:58:38Z,,duplicate of 019bff83-863d-7188-8d83-8d5f8af47857 (kept bw2-63)
pl4-35,019bff77-bef9-75ac-b16b-224db895485a,Charmeleon,Base Set,1.16,2.75,6358,290,6068,2,8.2,1,0,False,base-set,024/102,Normal,Uncommon,https://cdn.poketrace.com/cards/c922364e82b319e5.webp,1.09,1333,2.524,2.524,0,0,True,150.72,28,169.36,169.36,42.99,23,37.620003,37.620003,6358,2026-03-11T08:58:38Z,,duplicate of 019bff77-bef9-75ac-b16b-224db895485a (kept bw7-19)
swsh4.5-SV074,019bff9f-d1f6-73bc-9afe-82f163152609,Falinks,SWSH10: Astral Radiance Trainer Gallery,1.16,2.81,4317,206,4111,2,4.1,1,0,False,swsh10-astral-radiance-trainer-gallery,TG07/TG30,Holofoil,Ultra Rare,https://cdn.poketrace.com/cards/11e6534eee5d1d1c.webp,2.13,3501,2.696,2.696,0,0,True,100,28,97.5,97.5,7.5,28,8,8,4317,2026-03-11T08:58:38Z,,duplicate of 019bff9f-d1f6-73bc-9afe-82f163152609 (kept swsh10-TG07)
dp6-57,019bff7d-2e10-7263-8140-c0d6e2128d8a,Houndoom,Neo Revelation,1.97,208.21,443,245,198,2,0.3,1,0,False,neo-revelation,08/64,Unlimited_Holofoil,Holo Rare,https://cdn.poketrace.com/cards/81c176a78fea1c95.webp,156.26,27,208.846,208.846,0,0,True,2600,1,0,0,700,20,1083,1083,443,2026-03-11T08:58:38Z,,duplicate of 019bff7d-2e10-7263-8140-c0d6e2128d8a (kept dp4-18)
ex11-34,019bff9a-8590-7083-8ab1-e66946babebc,Castform,SWSH06: Chilling Reign,1.97,0.28,1038,16,1022,2,2.1,1,0,False,swsh06-chilling-reign,121/198,Reverse_Holofoil,Common,https://cdn.poketrace.com/cards/9180bcfcc8eeeab9.webp,0.24,853,0.286,0.286,0,0,False,0,0,0,0,0,0,0,0,1038,2026-03-11T08:58:38Z,,duplicate of 019bff9a-8590-7083-8ab1-e66946babebc (kept swsh11-TG11)
ex13-76,,Pichu δ,,1.97,0,0,0,0,0,0,0,0,False,,,,,,0,0,0,0,0,0,False,0,0,0,0,0,0,0,0,0,2026-03-11T08:58:38Z,,
swsh2-18,019bff9c-c080-745e-b3db-de37e0060659,Rillaboom VMAX,SWSH08: Fusion Strike,1.97,1.77,2892,114,2778,2,0.7,3,0,False,swsh08-fusion-strike,023/264,Holofoil,Ultra Rare,https://cdn.poketrace.com/cards/22b69423bcbd8172.webp,1.69,2516,1.7575,1.7575,0,0,True,44.79,30,0,0,16.5,15,0,0,2892,2026-03-11T08:58:38Z,,duplicate of 019bff9c-c080-745e-b3db-de37e0060659 (kept swsh8-23)
xy12-38,019bff77-befa-771d-bab1-bd95fcae491a,Magneton,Base Set,1.17,32.25,3316,351,2965,2,9.9,1,0,False,base-set,009/102,Holofoil,Holo Rare,https://cdn.poketrace.com/cards/71b331bda7444103.webp,13.62,360,29.062,29.062,0,0,True,950,30,0,0,159.99,25,141.63715,141.63715,3316,2026-03-11T08:58:38Z,,duplicate of 019bff77-befa-771d-bab1-bd95fcae491a (kept lc-28)
hgss1-81,019bff77-befb-757f-890d-2bed048bebba,Slowpoke,Fossil,1.16,0.61,7373,8,7365,2,14.1,1,0,False,fossil,55/62,Unlimited,Common,https://cdn.poketrace.com/cards/709ab364c8331bc1.webp,0.49,1888,0.696,0.696,0,0,True,0,0,0,0,20.5,1,0,0,7373,2026-03-11T08:58:38Z,,duplicate of 019bff77-befb-757f-890d-2bed048bebba (kept lc-93)
ex14-18,,Fearow δ,,1.67,0,0,0,0,0,0,0,0,False,,,,,,0,0,0,0,0,0,False,0,0,0,0,0,0,0,0,0,2026-03-11T08:58:38Z,,
bw11-8,019bff81-ba5a-741b-bef4-8e48112cfcbd,Serperior,Legendary Treasures: Radiant Collection,1.97,3.95,1306,29,1277,2,0,1,0,False,legendary-treasures-radiant-collection,RC3/RC25,Holofoil,Uncommon,https://cdn.poketrace.com/cards/ec82cfac45992928.webp,2.07,396,3.95,3.95,0,0,True,131.36,1,0,0,19.99,1,0,0,1306,2026-03-11T08:58:38Z,,duplicate of 019bff81-ba5a-741b-bef4-8e48112cfcbd (kept bw1-5)
ex10-44,019bff80-d351-7535-a79a-3f8d2bcc501d,Quagsire,Neo Revelation,1.16,2.19,1397,54,1343,2,4.2,1,0,False,neo-revelation,48/64,Unlimited,Common,https://cdn.poketrace.com/cards/83883074b78d23f0.webp,2.37,411,2.098,2.098,0,0,True,54.84,6,0,0,19.86,4,0,0,1397,2026-03-11T08:58:38Z,,duplicate of 019bff80-d351-7535-a79a-3f8d2bcc501d (kept dp3-60)
ecard1-121,019bff77-befc-77ae-b882-f94ae7699b6b,Meowth,Jungle,1.98,0.75,8966,186,8780,2,2.9,1,0,False,jungle,56/64,Unlimited,Common,https://cdn.poketrace.com/cards/4e11734638db1e41.webp,0.42,2511,0.772,0.772,0,0,True,199.3,36,161.894,161.894,23.33,22,0,0,8966,2026-03-11T08:58:38Z,,duplicate of 019bff77-befc-77ae-b882-f94ae7699b6b (kept ex6-69)
ex5-24,019bff80-d352-765e-b96f-b50a74a5e962,Relicanth,Hidden Legends,1.16,6.31,126,34,92,2,0,1,0,False,hidden-legends,24/101,Reverse_Holofoil,Rare,https://cdn.poketrace.com/cards/1a9a554c7c747c1a.webp,8.49,35,6.31,6.31,0,0,True,300,1,0,0,3.25,10,0,0,126,2026-03-11T08:58:38Z,,duplicate of 019bff80-d352-765e-b96f-b50a74a5e962 (kept ex9-18)
hgss4-26,019bff77-befa-771d-bab1-9c2f54818627,Machamp,Deck Exclusives,1.16,29.95,5348,371,4977,2,1.6,3,0,False,deck-exclusives,008/102,1st_Edition_Holofoil,Holo Rare,https://cdn.poketrace.com/cards/7633a42d533b61fb.webp,17.26,432,29.4775,29.4775,0,0,True,4150,32,3980,3980,232.5,23,223.72357,228.118,5348,2026-03-11T08:58:38Z,,duplicate of 019bff77-befa-771d-bab1-9c2f54818627 (kept bw10-49)
sm9-16,019bff77-bef9-75ac-b16a-eccd23beadcf,Ninetales,Base Set,1.16,36.36,4558,455,4103,2,1.7,1,0,False,base-set,012/102,Holofoil,Holo Rare,https://cdn.poketrace.com/cards/9c77e34cfbd4e1e7.webp,17.51,416,35.726,35.726,0,0,True,900,36,880.9675,880.9675,134.95,32,133.93857,131.40334,4558,2026-03-11T08:58:38Z,,duplicate of 019bff77-bef9-75ac-b16a-eccd23beadcf (kept bw11-21)
tk-xy-w-30,019bff77-befb-757f-890a-e26b420e776a,Wigglytuff,Base Set 2,1.98,12.12,2056,217,1839,2,1.8,1,0,False,base-set-2,019/130,Holofoil,Holo Rare,https://cdn.poketrace.com/cards/a62466bd39f5cfc6.webp,9.38,270,11.906,11.906,0,0,True,150,1,0,0,189.995,10,0,0,2056,2026-03-11T08:58:38Z,,duplicate of 019bff77-befb-757f-890a-e26b420e776a (kept dp4-32)
ex12-81,019bff80-d351-7535-a79b-73aa0fcf5d0a,Rainbow Energy,XY Base Set,1.98,1.18,159,5,154,2,0.3,1,0,False,xy-base-set,131/146,Reverse_Holofoil,Uncommon,https://cdn.poketrace.com/cards/19bb445f131ba1dc.webp,0.63,61,1.176,1.176,0,0,False,0,0,0,0,0,0,0,0,159,2026-03-11T08:58:38Z,,duplicate of 019bff80-d351-7535-a79b-73aa0fcf5d0a (kept ex1-95)
swshp-SWSH243,019bff77-befa-771d-bab1-9c2f54818627,Machamp,Deck Exclusives,1.16,29.95,5348,371,4977,2,1.6,3,0,False,deck-exclusives,008/102,1st_Edition_Holofoil,Holo Rare,https://cdn.poketrace.com/cards/7633a42d533b61fb.webp,17.26,432,29.4775,29.4775,0,0,True,4150,32,3980,3980,232.5,23,223.72357,228.118,5348,2026-03-11T08:58:38Z,,duplicate of 019bff77-befa-771d-bab1-9c2f54818627 (kept bw10-49)
ex13-54,,Vibrava δ,,1.16,0,0,0,0,0,0,0,0,False,,,,,,0,0,0,0,0,0,False,0,0,0,0,0,0,0,0,0,2026-03-11T08:58:38Z,,
gym2-89,019bff7e-fc50-71f0-aee3-393526f4f7a1,Misty's Poliwag,Gym Heroes,1.67,0.76,1666,52,1614,2,4.5,1,0,False,gym-heroes,087/132,Unlimited,Common,https://cdn.poketrace.com/cards/4679a4bfd66c747e.webp,0.66,428,0.726,0.726,0,0,True,49.95,4,0,0,8.5,12,0,0,1666,2026-03-11T08:58:38Z,,duplicate of 019bff7e-fc50-71f0-aee3-393526f4f7a1 (kept gym1-87)
swshp-SWSH053,019bff77-befa-771d-bab1-9c2f54818627,Machamp,Deck Exclusives,1.16,29.95,5348,371,4977,2,1.6,3,0,False,deck-exclusives,008/102,1st_Edition_Holofoil,Holo Rare,https://cdn.poketrace.com/cards/7633a42d533b61fb.webp,17.26,432,29.4775,29.4775,0,0,True,4150,32,3980,3980,232.5,23,223.72357,228.118,5348,2026-03-11T08:58:38Z,,duplicate of 019bff77-befa-771d-bab1-9c2f54818627 (kept bw10-49)
ex11-51,,Pupitar δ,,1.16,0,0,0,0,0,0,0,0,False,,,,,,0,0,0,0,0,0,False,0,0,0,0,0,0,0,0,0,2026-03-11T08:58:38Z,,
sv04-252,019bffab-58ba-7458-9ea5-f2d97cf69384,Gholdengo ex,SV04: Paradox Rift,1.16,3.15,13407,211,13196,2,11.9,2,0,False,sv04-paradox-rift,139/182,Holofoil,Double Rare,https://cdn.poketrace.com/cards/9bc260540da21542.webp,3.15,11867,3.524,3.524,0,0,True,30,4,27.33,27.33,29.99,6,15.688,15.688,13407,2026-03-11T08:58:38Z,,duplicate of 019bffab-58ba-7458-9ea5-f2d97cf69384 (kept sv04-231)
sv04-139,019bffab-58ba-7458-9ea5-f2d97cf69384,Gholdengo ex,SV04: Paradox Rift,1.16,3.15,13407,211,13196,2,11.9,2,0,False,sv04-paradox-rift,139/182,Holofoil,Double Rare,https://cdn.poketrace.com/cards/9bc260540da21542.webp,3.15,11867,3.524,3.524,0,0,True,30,4,27.33,27.33,29.99,6,15.688,15.688,13407,2026-03-11T08:58:38Z,,duplicate of 019bffab-58ba-7458-9ea5-f2d97cf69384 (kept sv04-231)
ex2-21,019bff77-befb-757f-890c-f14f7474e28d,Sandslash,Fossil,1.16,0.97,3304,108,3196,2,7.4,1,0,False,fossil,41/62,Unlimited,Uncommon,https://cdn.poketrace.com/cards/566c729f09b40c49.webp,0.63,750,1.042,1.042,0,0,True,105,15,67.524284,56.236,27,24,26.387142,20.4512,3304,2026-03-11T08:58:38Z,,duplicate of 019bff77-befb-757f-890c-f14f7474e28d (kept hgss1-29)
ex10-22,019bff77-bef9-75ac-b16b-112813ecfd31,Electabuzz,Base Set,1.26,13.03,3093,203,2890,2,14.4,1,0,False,base-set,020/102,Normal,Rare,https://cdn.poketrace.com/cards/ca969cf1c7a68d98.webp,5.21,560,11.158,11.158,0,0,True,154,30,176.995,176.995,80,23,72.66333,72.66333,3093,2026-03-11T08:58:38Z,,duplicate of 019bff77-bef9-75ac-b16b-112813ecfd31 (kept ecard1-76)
dp2-31,019bff77-befb-757f-890a-bb4a3a8cd6b4,Nidoqueen,Base Set 2,1.66,24.95,1065,216,849,2,1,1,0,False,base-set-2,012/130,Holofoil,Holo Rare,https://cdn.poketrace.com/cards/5101addaf425b819.webp,16.53,114,24.692,24.692,0,0,True,897.65,5,0,0,174.68,21,148.59,148.59,1065,2026-03-11T08:58:38Z,,duplicate of 019bff77-befb-757f-890a-bb4a3a8cd6b4 (kept xy5-69)
ex14-43,019bff77-befa-771d-bab1-034b7ece2b74,Wartortle,Base Set,1.16,3.85,4667,286,4381,2,3.2,1,0,False,base-set,042/102,Normal,Uncommon,https://cdn.poketrace.com/cards/e6c56af3cb3fd058.webp,2.32,1074,3.726,3.726,0,0,True,249.99,43,204.64714,204.64714,66,28,60.219997,60.219997,4667,2026-03-11T08:58:38Z,,duplicate of 019bff77-befa-771d-bab1-034b7ece2b74 (kept ex14-42)
base4-36,019bff77-bef9-75ac-b16b-276e75a6615a,Dewgong,Base Set,1.26,3.71,3168,151,3017,2,2.3,1,0,False,base-set,025/102,Normal,Uncommon,https://cdn.poketrace.com/cards/0617d90e28789b7a.webp,1.53,733,3.624,3.624,0,0,True,194.99,26,145.995,145.995,40,25,0,0,3168,2026-03-11T08:58:38Z,,duplicate of 019bff77-bef9-75ac-b16b-276e75a6615a (kept lc-40)
dp5-17,019bff7b-60a5-76b8-99df-b92f78ae6e32,Empoleon,Stormfront,1.26,5.48,153,17,136,2,0,1,0,False,stormfront,2/100,Reverse_Holofoil,Holo Rare,https://cdn.poketrace.com/cards/daf29a99a309abb3.webp,3.8,47,5.48,5.48,0,0,True,0,0,0,0,38.59,1,0,0,153,2026-03-11T08:58:38Z,,duplicate of 019bff7b-60a5-76b8-99df-b92f78ae6e32 (kept pl1-26)
ecard2-105,019bff80-d352-765e-b96f-d76ca8dc4b86,Remoraid,Neo Revelation,1.99,0.51,1308,26,1282,2,2,1,0,False,neo-revelation,50/64,Unlimited,Common,https://cdn.poketrace.com/cards/d66efeab78ca0816.webp,0.49,318,0.5,0.5,0,0,True,21.5,7,0,0,20.95,1,0,0,1308,2026-03-11T08:58:38Z,,duplicate of 019bff80-d352-765e-b96f-d76ca8dc4b86 (kept neo4-80)
base3-45,019bff77-befb-757f-890d-0079985bea7a,Weezing,Fossil,1.99,1.25,3015,140,2875,2,12.2,1,0,False,fossil,45/62,Unlimited,Uncommon,https://cdn.poketrace.com/cards/7a70fe608d4cbc63.webp,0.71,694,1.098,1.098,0,0,True,94.97,26,154.99,154.99,15.04,19,16.335714,21.857222,3015,2026-03-11T08:58:38Z,,duplicate of 019bff77-befb-757f-890d-0079985bea7a (kept ex11-33)
ex12-54,019bff77-befb-757f-890d-0c553bd949c5,Grimer,Fossil,1.14,0.5,7350,0,7350,1,1.6,1,0,False,fossil,48/62,Unlimited,Common,https://cdn.poketrace.com/cards/3c8a2ed79a86997f.webp,0.4,1350,0.492,0.492,0,0,False,0,0,0,0,0,0,0,0,7350,2026-03-11T08:58:38Z,,duplicate of 019bff77-befb-757f-890d-0c553bd949c5 (kept ex7-56)
bw11-31,019bff77-befa-771d-bab1-4fc9c9a910aa,Gyarados,Base Set,1.15,39.17,4484,431,4053,2,5.6,1,0,False,base-set,006/102,Holofoil,Holo Rare,https://cdn.poketrace.com/cards/84034e021944d9a2.webp,23.27,354,36.962,36.962,0,0,True,1620,30,1622.9967,1622.9967,207,34,167.64285,183.125,4484,2026-03-11T08:58:38Z,,duplicate of 019bff77-befa-771d-bab1-4fc9c9a910aa (kept sm3-33)
ex14-26,,Pelipper δ,,1.26,0,0,0,0,0,0,0,0,False,,,,,,0,0,0,0,0,0,False,0,0,0,0,0,0,0,0,0,2026-03-11T08:58:38Z,,
dp1-38,019bff82-9f84-7584-9775-9f0e3b59414b,Steelix,Neo Genesis,1.66,39.43,608,26,582,2,0.1,1,0,False,neo-genesis,015/111,Unlimited_Holofoil,Holo Rare,https://cdn.poketrace.com/cards/33420ab788f429e9.webp,29.3,113,39.472,39.472,0,0,True,599,2,0,0,109.99,5,142.495,142.495,608,2026-03-11T08:58:38Z,,duplicate of 019bff82-9f84-7584-9775-9f0e3b59414b (kept ex2-23)
gym2-130,019bff77-bef9-75ac-b16a-de394c920bb9,Lightning Energy,Base Set,1.66,0.61,5390,132,5258,2,5.9,1,0,False,base-set,100/102,Normal,Common,https://cdn.poketrace.com/cards/87fe3107034be0b3.webp,0.35,1383,0.574,0.574,0,0,True,59,31,79.5,79.5,24.75,28,27.369999,27.369999,5390,2026-03-11T08:58:38Z,,duplicate of 019bff77-bef9-75ac-b16a-de394c920bb9 (kept ecard1-163)
ex16-70,019bff92-de41-7265-b538-5ed7d10f53de,Wynaut,SM - Unified Minds,2,4.34,343,22,321,2,2.8,1,0,False,sm-unified-minds,77/236,Reverse_Holofoil,Uncommon,https://cdn.poketrace.com/cards/5474fda0ddbaeb1c.webp,2.39,238,4.22,4.22,0,0,True,20.5,1,0,0,0,0,0,0,343,2026-03-11T08:58:38Z,,duplicate of 019bff92-de41-7265-b538-5ed7d10f53de (kept ex12-71)
xy0-25,019bff77-bef9-75ac-b16b-2ecf14c4dc5c,Farfetch'd,Base Set,2,1.31,3770,167,3603,2,24.4,1,0,False,base-set,027/102,Normal,Uncommon,https://cdn.poketrace.com/cards/95f5303a3c941d46.webp,0.63,834,1.63,1.63,0,0,True,115,30,0,0,47.89,23,26.293333,26.293333,3770,2026-03-11T08:58:38Z,,duplicate of 019bff77-bef9-75ac-b16b-2ecf14c4dc5c (kept base1-27)
ecard2-130,,Pokémon Fan Club,,2,0,0,0,0,0,0,0,0,False,,,,,,0,0,0,0,0,0,False,0,0,0,0,0,0,0,0,0,2026-03-11T08:58:38Z,,
dp6-72,019bff82-9f84-7584-9777-68e700a98509,Swalot,Crystal Guardians,1.15,6.99,199,32,167,2,0,1,0,False,crystal-guardians,11/100,Reverse_Holofoil,Holo Rare,https://cdn.poketrace.com/cards/602aa462c11637f7.webp,4.94,86,6.99,6.99,0,0,True,99,4,101.722855,125.18727,40,8,31.237143,25.778421,199,2026-03-11T08:58:38Z,,duplicate of 019bff82-9f84-7584-9777-68e700a98509 (kept ex9-40)
ex8-72,019bff81-ba5b-72b4-ae78-618d28368d0f,Shroomish,Emerald,1.15,13.15,145,33,112,2,4.3,1,0,False,emerald,63/106,Reverse_Holofoil,Common,https://cdn.poketrace.com/cards/f73f5d4072a63b64.webp,9.28,58,12.578,12.578,0,0,True,68.87,2,47.75,47.75,62.5,7,0,0,145,2026-03-11T08:58:38Z,,duplicate of 019bff81-ba5b-72b4-ae78-618d28368d0f (kept g1-RC2)
bw9-84,019bff7d-2e12-77f0-9b55-2114e12c147e,Kingdra,Neo Genesis,2.01,17.29,1500,272,1228,2,2.6,1,0,False,neo-genesis,008/111,Unlimited_Holofoil,Holo Rare,https://cdn.poketrace.com/cards/ffce384e77c30faa.webp,11.01,152,16.844,16.844,0,0,True,1300,14,0,0,80,22,70.03333,70.03333,1500,2026-03-11T08:58:38Z,,duplicate of 019bff7d-2e12-77f0-9b55-2114e12c147e (kept hgss2-17)
base3-36,019bff77-befb-757f-890c-dc7539355730,Golem,Fossil,2.01,1.31,2755,1,2754,2,5.8,1,0,False,fossil,36/62,Unlimited,Uncommon,https://cdn.poketrace.com/cards/0158ca80f5498d00.webp,1.02,580,1.386,1.386,0,0,True,0,0,0,0,0,0,0,0,2755,2026-03-11T08:58:38Z,,duplicate of 019bff77-befb-757f-890c-dc7539355730 (kept g1-45)
gym1-71,019bff78-a648-7332-9aa4-1490ee285987,Brock's Sandshrew,Gym Heroes,1.26,0.8,1227,9,1218,2,1.7,1,0,False,gym-heroes,071/132,Unlimited,Common,https://cdn.poketrace.com/cards/97af8d7820be4862.webp,0.51,387,0.814,0.814,0,0,True,0,0,0,0,0,0,0,0,1227,2026-03-11T08:58:38Z,,duplicate of 019bff78-a648-7332-9aa4-1490ee285987 (kept gym1-72)
ex8-33,019bff7e-1600-7088-8280-df436f479756,Lombre,Crystal Guardians,1.65,5.85,169,38,131,2,1.1,1,0,False,crystal-guardians,37/100,Reverse_Holofoil,Uncommon,https://cdn.poketrace.com/cards/11625ab053b32399.webp,4.08,58,5.784,5.784,0,0,True,150,4,65.486664,65.486664,28,4,18,18,169,2026-03-11T08:58:38Z,,duplicate of 019bff7e-1600-7088-8280-df436f479756 (kept ex2-46)
swshp-SWSH235,019bff9f-d1f8-711e-a21d-200fd9fbfd24,Dragonite V,Pokemon GO,2.01,3.05,5968,361,5607,2,5.4,1,0,False,pokemon-go,049/078,Holofoil,Ultra Rare,https://cdn.poketrace.com/cards/94b5e2cd56c49444.webp,2.83,5016,2.886,2.886,0,0,True,75,34,100.3725,100.3725,22.656666,27,23.12,23.12,5968,2026-03-11T08:58:38Z,,duplicate of 019bff9f-d1f8-711e-a21d-200fd9fbfd24 (kept swshp-SWSH154)
xy0-4,019c3ac3-ec67-74f4-b260-c20c998b32e6,Quilladin,XY Base Set,2.01,1.01,564,12,552,2,2,1,0,False,xy-base-set,13/146,Normal,Uncommon,https://cdn.poketrace.com/cards/fa1d84418c8fdb57.webp,0.93,155,0.99,0.99,0,0,True,0,0,0,0,25,1,0,0,564,2026-03-11T08:58:38Z,,duplicate of 019c3ac3-ec67-74f4-b260-c20c998b32e6 (kept xy1-13)
ecard1-161,019bff77-befb-757f-890a-8d4d05af9278,Fire Energy,Base Set,2.02,0.44,7662,122,7540,2,6.8,1,0,False,base-set,098/102,Normal,Common,https://cdn.poketrace.com/cards/f8f8ec4bf3f4031a.webp,0.29,1991,0.47,0.47,0,0,True,32.64,27,62.54333,62.54333,31,25,29,29,7662,2026-03-11T08:58:38Z,,duplicate of 019bff77-befb-757f-890a-8d4d05af9278 (kept gym1-128)
base3-53,019bff77-befb-757f-890d-2163377fca85,Psyduck,Fossil,1.15,1.36,8931,0,8931,1,12.9,1,0,False,fossil,53/62,Unlimited,Common,https://cdn.poketrace.com/cards/ebdd33f468208539.webp,0.61,2170,1.536,1.536,0,0,False,0,0,0,0,0,0,0,0,8931,2026-03-11T08:58:38Z,,duplicate of 019bff77-befb-757f-890d-2163377fca85 (kept bw7-33)
ex5-38,019bff7d-2e13-7175-b43e-a6aee6470bde,Lanturn,Neo Genesis,1.15,0.91,925,6,919,2,4,1,0,False,neo-genesis,038/111,Unlimited,Uncommon,https://cdn.poketrace.com/cards/35c8b7c730452b26.webp,0.53,223,0.874,0.874,0,0,False,0,0,0,0,0,0,0,0,925,2026-03-11T08:58:38Z,,duplicate of 019bff7d-2e13-7175-b43e-a6aee6470bde (kept ex16-15)
pl1-118,,Team Galactic's Invention G-105 Poké Turn,,1.15,0,0,0,0,0,0,0,0,False,,,,,,0,0,0,0,0,0,False,0,0,0,0,0,0,0,0,0,2026-03-11T08:58:38Z,,
swshp-SWSH104,019bff95-4414-759b-8e0b-83e2d8c06a23,Victini V,SWSH01: Sword & Shield Base Set,2.02,1.06,1881,140,1741,2,6.4,1,0,False,swsh01-sword-and-shield-base-set,025/202,Holofoil,Ultra Rare,https://cdn.poketrace.com/cards/448a6d85156c72a5.webp,0.8,1559,0.992,0.992,0,0,True,69.99,33,52.995,52.995,17.5,24,12,12,1881,2026-03-11T08:58:38Z,,duplicate of 019bff95-4414-759b-8e0b-83e2d8c06a23 (kept swsh1-25)
bw5-47,019bff8c-7244-7168-b577-a45c8c3d2143,Eelektross,SM - Burning Shadows,1.65,0.27,219,18,201,2,1.5,1,0,False,sm-burning-shadows,46/147,Reverse_Holofoil,Rare,https://cdn.poketrace.com/cards/72fd7aea540b5bc9.webp,0.27,167,0.274,0.274,0,0,True,0,0,0,0,25.41,2,0,0,219,2026-03-11T08:58:38Z,,duplicate of 019bff8c-7244-7168-b577-a45c8c3d2143 (kept bw10-33)
ex2-29,019bff77-befb-757f-890c-c91f57cb66fd,Arbok,Fossil,2.02,0.99,3057,0,3057,1,1.4,1,0,False,fossil,31/62,Unlimited,Uncommon,https://cdn.poketrace.com/cards/9cf1ae739d12ef9f.webp,0.6,818,1.004,1.004,0,0,False,0,0,0,0,0,0,0,0,3057,2026-03-11T08:58:38Z,,duplicate of 019bff77-befb-757f-890c-c91f57cb66fd (kept tk-xy-n-3)
ecard1-93,019bff77-befa-771d-bab1-0769c4acd0a1,Abra,Base Set,2,1.33,8404,193,8211,2,3.2,1,0,False,base-set,043/102,Normal,Common,https://cdn.poketrace.com/cards/4ccde5e3f60140c7.webp,0.47,2461,1.372,1.372,0,0,True,121.25,30,128.74667,128.74667,26,27,34.55375,34.55375,8404,2026-03-11T08:58:38Z,,duplicate of 019bff77-befa-771d-bab1-0769c4acd0a1 (kept base1-43)
pl1-34,019bff7e-1601-757e-bd2b-8646764e5aba,Ludicolo,Deoxys,2.02,20.08,137,46,91,2,0,1,0,False,deoxys,19/107,Reverse_Holofoil,Rare,https://cdn.poketrace.com/cards/b6ba965beb8fa7c5.webp,11.66,21,20.08,20.08,0,0,True,555,2,352.48,352.48,44.65,15,46.425713,62.963215,137,2026-03-11T08:58:38Z,,duplicate of 019bff7e-1601-757e-bd2b-8646764e5aba (kept xy5-37)
bw11-50,019bff92-de41-7265-b538-309a2bef5a13,Thundurus,SM - Unified Minds,2.01,0.41,194,20,174,2,1,1,0,False,sm-unified-minds,68/236,Reverse_Holofoil,Uncommon,https://cdn.poketrace.com/cards/ac5f51c1d14a88ab.webp,0.33,145,0.414,0.414,0,0,True,65,2,8.52,8.52,10.99,1,0,0,194,2026-03-11T08:58:38Z,,duplicate of 019bff92-de41-7265-b538-309a2bef5a13 (kept svp-209)
ex9-89,019bff7e-fc51-74ac-aafe-c77c641a950b,Multi Energy,Sandstorm,2.02,6.27,96,28,68,2,2.5,1,0,False,sandstorm,93/100,Reverse_Holofoil,Rare,https://cdn.poketrace.com/cards/a35ba34458160e4b.webp,3.23,45,6.428,6.428,0,0,True,0,0,0,0,15.43,5,0,0,96,2026-03-11T08:58:38Z,,duplicate of 019bff7e-fc51-74ac-aafe-c77c641a950b (kept ex16-89)
ex16-23,019bff81-ba5a-741b-bef4-ae2cb02b5669,Seviper,Emerald,1.26,21.43,107,32,75,2,0.6,1,0,False,emerald,20/106,Reverse_Holofoil,Rare,https://cdn.poketrace.com/cards/02051570be2f88fa.webp,21.92,64,21.3,21.3,0,0,True,700,1,0,0,63,12,57.708572,54.417694,107,2026-03-11T08:58:38Z,,duplicate of 019bff81-ba5a-741b-bef4-ae2cb02b5669 (kept ex9-20)
xy1-42,019bff77-befc-77ae-b883-0afaca693ed3,Pikachu,Jungle,2.02,4.17,10106,70,10036,2,3,1,0,False,jungle,60/64,Unlimited,Common,https://cdn.poketrace.com/cards/2dce032950d00652.webp,1.74,2433,4.046,4.046,0,0,True,270,8,360.11667,360.11667,56.035,11,45.23357,45.828125,10106,2026-03-11T08:58:38Z,,duplicate of 019bff77-befc-77ae-b883-0afaca693ed3 (kept g1-RC29)
dv1-14,019bff8e-880a-77bb-844e-fab70be6bb9f,Fraxure,League & Championship Cards,1.65,0.8,242,0,242,1,1.5,1,0,False,league-and-championship-cards,087/101,Reverse_Holofoil,Promo,https://cdn.poketrace.com/cards/7a23e3d8e634ed45.webp,0.68,154,0.788,0.788,0,0,False,0,0,0,0,0,0,0,0,242,2026-03-11T08:58:38Z,,duplicate of 019bff8e-880a-77bb-844e-fab70be6bb9f (kept dv1-15)
ex16-62,019bff81-ba5b-72b4-ae79-9ec63544b16c,Skitty,EX Trainer Kit 1: Latias & Latios,1.15,0.36,394,6,388,2,0.6,1,0,False,ex-trainer-kit-1-latias-and-latios,6/10,Normal,Common,https://cdn.poketrace.com/cards/a27dd9a964906ceb.webp,0.33,136,0.358,0.358,0,0,False,0,0,0,0,0,0,0,0,394,2026-03-11T08:58:38Z,,duplicate of 019bff81-ba5b-72b4-ae79-9ec63544b16c (kept dp6-119)
ex14-58,019bff7e-fc51-74ac-aafe-8589681a2667,Mudkip,Crystal Guardians,1.65,37.53,360,101,259,2,0,1,0,False,crystal-guardians,57/100,Reverse_Holofoil,Common,https://cdn.poketrace.com/cards/0776e5c1263b0fe1.webp,18.77,85,37.53,37.53,0,0,True,1095,8,0,0,150.05,27,0,0,360,2026-03-11T08:58:38Z,,duplicate of 019bff7e-fc51-74ac-aafe-8589681a2667 (kept ex1-59)
sm7-95,019bff7e-fc4f-7384-9b89-96ade17e56df,Metagross,POP Series 1,1.15,5.24,154,32,122,2,0,1,0,False,pop-series-1,002/017,Normal,Rare,https://cdn.poketrace.com/cards/d7c5652e9432fc5e.webp,3.48,83,5.24,5.24,0,0,True,35,7,329.21286,375.56125,94.95,6,46.701427,57.47,154,2026-03-11T08:58:38Z,,duplicate of 019bff7e-fc4f-7384-9b89-96ade17e56df (kept xy7-50)
ex2-82,019bff83-863e-704c-9304-a47630d43692,Trapinch,Legend Maker,1.15,7.87,174,56,118,2,10.7,1,0,False,legend-maker,67/92,Reverse_Holofoil,Common,https://cdn.poketrace.com/cards/6aed4bc15599aacb.webp,6.78,48,7.024,7.024,0,0,True,415,7,0,0,38.33,15,0,0,174,2026-03-11T08:58:38Z,,duplicate of 019bff83-863e-704c-9304-a47630d43692 (kept ex3-78)
sm1-22,019bff77-bef9-75ac-b16b-1dfb59e80b55,Arcanine,Base Set,1.65,3.02,3894,230,3664,2,10.5,1,0,False,base-set,023/102,Normal,Uncommon,https://cdn.poketrace.com/cards/bf03e8b08c598353.webp,1.46,864,3.338,3.338,0,0,True,245,28,243.25,243.25,62,25,65.15357,67.00938,3894,2026-03-11T08:58:38Z,,duplicate of 019bff77-bef9-75ac-b16b-1dfb59e80b55 (kept pl3-50)
sm7-46,019bff85-5461-76a3-b101-7bf28dbf9613,Kyogre,XY - Primal Clash,2.03,2.17,284,23,261,2,1.4,1,0,False,xy-primal-clash,53/160,Reverse_Holofoil,Rare,https://cdn.poketrace.com/cards/10abf84c8b9f30bd.webp,0.82,166,2.14,2.14,0,0,True,129.99,3,59,59,29.95,3,9.5,9.5,284,2026-03-11T08:58:38Z,,duplicate of 019bff85-5461-76a3-b101-7bf28dbf9613 (kept swsh4.5-21)
sm8-33,019bff8d-8220-71c8-938e-b495cf3e89a6,Shaymin,Shining Legends,1.65,0.98,237,26,211,2,12,1,0,False,shining-legends,7/73,Reverse_Holofoil,Holo Rare,https://cdn.poketrace.com/cards/50a38af8b1a53af0.webp,0.51,180,0.862,0.862,0,0,True,49.99,1,33.794,33.794,15.41,5,12.442857,13.94,237,2026-03-11T08:58:38Z,,duplicate of 019bff8d-8220-71c8-938e-b495cf3e89a6 (kept bw7-10)
ex2-27,019bff77-befc-77ae-b885-3127d3113f9a,Anorith,Legend Maker,1.14,9.87,137,38,99,2,0,1,0,False,legend-maker,29/92,Reverse_Holofoil,Uncommon,https://cdn.poketrace.com/cards/99289a6eb53d9f86.webp,7.99,64,9.87,9.87,0,0,True,300,9,164.52571,154.085,149.95,6,0,0,137,2026-03-11T08:58:38Z,,duplicate of 019bff77-befc-77ae-b885-3127d3113f9a (kept ex2-28)
ex8-73,019bff81-ba5b-72b4-ae7a-294bd2f2006f,Slakoth,Mysterious Treasures,1.14,7.59,153,13,140,2,8.3,1,0,False,mysterious-treasures,99/123,Reverse_Holofoil,Common,https://cdn.poketrace.com/cards/7e9510ccc77e1a67.webp,3.11,92,6.958,6.958,0,0,True,0,0,0,0,0,0,0,0,153,2026-03-11T08:58:38Z,,duplicate of 019bff81-ba5b-72b4-ae7a-294bd2f2006f (kept ex1-45)
ex8-47,019bff82-9f83-70dd-a44e-9f39fb32156b,Solrock,Legend Maker,1.14,17.71,153,54,99,2,3.6,1,0,False,legend-maker,25/92,Reverse_Holofoil,Rare,https://cdn.poketrace.com/cards/7ecfef5811e355ac.webp,14.47,38,17.076,17.076,0,0,True,600,6,0,0,85,17,0,0,153,2026-03-11T08:58:38Z,,duplicate of 019bff82-9f83-70dd-a44e-9f39fb32156b (kept hgss4-9)
pop5-15,,Zangoose δ,,2.04,0,0,0,0,0,0,0,0,False,,,,,,0,0,0,0,0,0,False,0,0,0,0,0,0,0,0,0,2026-03-11T08:58:38Z,,
ex9-88,019bff7e-fc4f-7384-9b8a-104bfe68f9b5,Metal Energy,Neo Genesis,1.27,12.07,776,164,612,2,2.2,1,0,False,neo-genesis,019/111,Unlimited_Holofoil,Holo Rare,https://cdn.poketrace.com/cards/7e5ac46e1ae37f03.webp,9.29,75,12.332,12.332,0,0,True,346,3,0,0,29.99,20,0,0,776,2026-03-11T08:58:38Z,,duplicate of 019bff7e-fc4f-7384-9b8a-104bfe68f9b5 (kept dp1-130)
ex9-86,019bff7a-78f3-7153-ae67-008a2d81e826,Darkness Energy,Neo Genesis,2.04,5.33,579,24,555,2,0.9,1,0,False,neo-genesis,104/111,Unlimited,Rare,https://cdn.poketrace.com/cards/738f97c3384351ab.webp,3.61,127,5.282,5.282,0,0,True,39,5,0,0,9.51,2,0,0,579,2026-03-11T08:58:38Z,,duplicate of 019bff7a-78f3-7153-ae67-008a2d81e826 (kept neo1-104)
sm6-39,019c3ac3-ec6d-756e-8a46-8aceeaf0b88e,Xurkitree,SM - Unified Minds,1.27,1.07,687,33,654,2,2.6,1,0,False,sm-unified-minds,70/236,Normal,Rare,https://cdn.poketrace.com/cards/4b0d8cc43593af9e.webp,1.73,440,1.042,1.042,0,0,False,0,0,0,0,0,0,0,0,687,2026-03-11T08:58:38Z,,duplicate of 019c3ac3-ec6d-756e-8a46-8aceeaf0b88e (kept sm11-70)
ecard1-106,019bff77-befa-771d-bab1-161155e3a7a0,Diglett,Base Set,2.04,0.88,6200,197,6003,2,2.3,1,0,False,base-set,047/102,Normal,Common,https://cdn.poketrace.com/cards/afd4aa9494eef9ea.webp,0.3,1544,0.86,0.86,0,0,True,71.835,36,69.2225,69.2225,26.25,28,34.066666,34.066666,6200,2026-03-11T08:58:38Z,,duplicate of 019bff77-befa-771d-bab1-161155e3a7a0 (kept ex14-50)
ex9-49,019bff7b-60a7-77b8-b491-50516b3db0ab,Feebas,Emerald,1.14,36.23,138,27,111,2,0.5,1,0,False,emerald,50/106,Reverse_Holofoil,Common,https://cdn.poketrace.com/cards/a2fb470cb481f51a.webp,27.65,81,36.418,36.418,0,0,True,0,0,0,0,95,4,37.603333,37.603333,138,2026-03-11T08:58:38Z,,duplicate of 019bff7b-60a7-77b8-b491-50516b3db0ab (kept ex5-61)
dp7-62,019bff77-befa-771d-bab1-27c8f2495d2a,Gastly,Base Set,1.64,0.82,5318,183,5135,2,2.9,1,0,False,base-set,050/102,Normal,Common,https://cdn.poketrace.com/cards/de7c31ac64325254.webp,0.47,1556,0.844,0.844,0,0,True,197.77,28,147.38501,147.38501,42,28,39.996666,39.996666,5318,2026-03-11T08:58:38Z,,duplicate of 019bff77-befa-771d-bab1-27c8f2495d2a (kept ex6-63)
bw1-76,019bff8a-a5c1-7149-81da-f5e4aa82d596,Klinklang,XY - Steam Siege,1.14,0.37,241,16,225,2,2.2,1,0,False,xy-steam-siege,73/114,Reverse_Holofoil,Holo Rare,https://cdn.poketrace.com/cards/00079a622fdda26a.webp,0.25,151,0.362,0.362,0,0,False,0,0,0,0,0,0,0,0,241,2026-03-11T08:58:38Z,,duplicate of 019bff8a-a5c1-7149-81da-f5e4aa82d596 (kept bw5-77)
dp3-37,019bff81-ba5a-741b-bef4-e6bf501b7c3b,Sharpedo,Ruby and Sapphire,1.27,15.24,116,38,78,2,25.2,1,0,False,ruby-and-sapphire,22/109,Reverse_Holofoil,Rare,https://cdn.poketrace.com/cards/f61765b52ad61574.webp,6.4,37,11.406,11.406,0,0,True,97.4,2,0,0,87.99,8,0,0,116,2026-03-11T08:58:38Z,,duplicate of 019bff81-ba5a-741b-bef4-e6bf501b7c3b (kept ex1-22)
swsh4-175,019bffa1-0211-748e-aa96-efb5a02724a9,Drapion V,SWSH11: Lost Origin,1.64,0.64,5308,60,5248,2,10.6,1,0,False,swsh11-lost-origin,118/196,Holofoil,Ultra Rare,https://cdn.poketrace.com/cards/5c99165f34b1800d.webp,0.61,4633,0.572,0.572,0,0,True,49.5,15,21.227858,18.177307,7.5,7,9.868334,9.868334,5308,2026-03-11T08:58:38Z,,duplicate of 019bffa1-0211-748e-aa96-efb5a02724a9 (kept swsh11-182)
ex11-48,019bff77-befa-771d-bab1-bd95fcae491a,Magneton,Base Set,1.27,32.25,3316,351,2965,2,9.9,1,0,False,base-set,009/102,Holofoil,Holo Rare,https://cdn.poketrace.com/cards/71b331bda7444103.webp,13.62,360,29.062,29.062,0,0,True,950,30,0,0,159.99,25,141.63715,141.63715,3316,2026-03-11T08:58:38Z,,duplicate of 019bff77-befa-771d-bab1-bd95fcae491a (kept lc-28)
hgss1-18,019bff77-befc-77ae-b882-a76c2150c8cb,Exeggutor,Jungle,1.14,1.51,2935,140,2795,2,7.7,1,0,False,jungle,35/64,Unlimited,Uncommon,https://cdn.poketrace.com/cards/fa6e5ef130f51496.webp,0.73,693,1.394,1.394,0,0,True,185,19,167.60571,93.96733,36.71,25,45.934998,45.934998,2935,2026-03-11T08:58:38Z,,duplicate of 019bff77-befc-77ae-b882-a76c2150c8cb (kept dp2-24)
ex11-81,019bff80-d351-7535-a79b-88d60639f39f,Ralts,Ruby and Sapphire,1.27,10.99,175,22,153,2,9.7,1,0,False,ruby-and-sapphire,67/109,Reverse_Holofoil,Common,https://cdn.poketrace.com/cards/c014251c78e32bec.webp,10.91,93,9.924,9.924,0,0,True,0,0,0,0,123.64,2,0,0,175,2026-03-11T08:58:38Z,,duplicate of 019bff80-d351-7535-a79b-88d60639f39f (kept ex2-74)
ex3-44,019bff82-9f83-70dd-a44e-32e7a7721a06,Snorunt,Emerald,2.03,19.62,161,40,121,2,9.2,1,0,False,emerald,64/106,Reverse_Holofoil,Common,https://cdn.poketrace.com/cards/2b6cfdac075bcbf2.webp,8.82,80,17.82,17.82,0,0,True,499.99,1,114.5,114.5,95,9,40.504284,39.19,161,2026-03-11T08:58:38Z,,duplicate of 019bff82-9f83-70dd-a44e-32e7a7721a06 (kept g1-RC7)
dc1-18,019bff86-38c6-7658-a5ca-e45f23f28daa,Team Aqua's Mightyena,Double Crisis,1.64,10.4,192,16,176,2,2.5,1,0,False,double-crisis,18/34,Reverse_Holofoil,Common,https://cdn.poketrace.com/cards/b3f32834d2b6c09c.webp,6.63,102,10.144,10.144,0,0,True,0,0,0,0,0,0,0,0,192,2026-03-11T08:58:38Z,,duplicate of 019bff86-38c6-7658-a5ca-e45f23f28daa (kept ex4-15)
ex4-65,019bff86-38c6-7658-a5ca-de9ad93197eb,Team Magma's Poochyena,Double Crisis,1.13,8.27,176,15,161,2,0.8,1,0,False,double-crisis,17/34,Reverse_Holofoil,Common,https://cdn.poketrace.com/cards/dc519d27620115a5.webp,8.3,92,8.206,8.206,0,0,False,0,0,0,0,0,0,0,0,176,2026-03-11T08:58:38Z,,duplicate of 019bff86-38c6-7658-a5ca-de9ad93197eb (kept dc1-17)
ex3-29,019bff77-befb-757f-890c-e0f48315d244,Graveler,Fossil,1.27,0.67,4349,14,4335,2,5.7,1,0,False,fossil,37/62,Unlimited,Uncommon,https://cdn.poketrace.com/cards/16d9094121559d05.webp,0.4,1001,0.708,0.708,0,0,True,0,0,0,0,0,0,0,0,4349,2026-03-11T08:58:38Z,,duplicate of 019bff77-befb-757f-890c-e0f48315d244 (kept base3-37)
base5-57,019bff77-befb-757f-890d-0c553bd949c5,Grimer,Fossil,1.27,0.5,7350,0,7350,1,1.6,1,0,False,fossil,48/62,Unlimited,Common,https://cdn.poketrace.com/cards/3c8a2ed79a86997f.webp,0.4,1350,0.492,0.492,0,0,False,0,0,0,0,0,0,0,0,7350,2026-03-11T08:58:38Z,,duplicate of 019bff77-befb-757f-890d-0c553bd949c5 (kept ex7-56)
ex7-89,,Rocket's Poké Ball,,2.05,0,0,0,0,0,0,0,0,False,,,,,,0,0,0,0,0,0,False,0,0,0,0,0,0,0,0,0,2026-03-11T08:58:38Z,,
bw2-56,019bff98-542a-729b-9795-f4df50303c6e,Excadrill,SWSH04: Vivid Voltage,1.64,0.21,317,20,297,2,1,1,0,False,swsh04-vivid-voltage,122/185,Reverse_Holofoil,Uncommon,https://cdn.poketrace.com/cards/7aa4b7f8eadd0532.webp,0.17,269,0.208,0.208,0,0,True,19.99,2,0,0,4.25,4,0,0,317,2026-03-11T08:58:38Z,,duplicate of 019bff98-542a-729b-9795-f4df50303c6e (kept xy5-97)
xy8-107,019bff8a-a5c1-7149-81db-0bf4a33b7f91,Xerneas,XY - Steam Siege,1.14,1.05,360,29,331,2,1.3,1,0,False,xy-steam-siege,81/114,Reverse_Holofoil,Holo Rare,https://cdn.poketrace.com/cards/3ec55a1e3e61bff6.webp,0.68,178,1.036,1.036,0,0,True,200,4,0,0,15.05,5,0,0,360,2026-03-11T08:58:38Z,,duplicate of 019bff8a-a5c1-7149-81db-0bf4a33b7f91 (kept sm4-73)
g1-58,019bff77-befb-757f-890b-7c38e58307d0,Snorlax,Base Set 2,1.64,23.07,1196,159,1037,2,16.7,1,0,False,base-set-2,030/130,Normal,Rare,https://cdn.poketrace.com/cards/5ed6764b1db50057.webp,7.58,245,19.218,19.218,0,0,True,66.24,31,0,0,129.99,21,0,0,1196,2026-03-11T08:58:38Z,,duplicate of 019bff77-befb-757f-890b-7c38e58307d0 (kept xy8-118)
hgss1-23,019bff7d-2e10-7263-8141-8f2383aaa1c8,Hypno,Legendary Collection,1.27,6.87,220,150,70,2,1.4,1,0,False,legendary-collection,025/110,Reverse_Holofoil,Rare,https://cdn.poketrace.com/cards/ec5ed1111625f5b2.webp,86.08,41,6.965,6.965,0,0,True,1106.27,11,272.53857,282.71237,254.99,22,220.36429,138.35275,220,2026-03-11T08:58:38Z,,duplicate of 019bff7d-2e10-7263-8141-8f2383aaa1c8 (kept ex11-23)
hgss3-18,019bff7e-fc4f-7384-9b89-96ade17e56df,Metagross,POP Series 1,2.06,5.24,154,32,122,2,0,1,0,False,pop-series-1,002/017,Normal,Rare,https://cdn.poketrace.com/cards/d7c5652e9432fc5e.webp,3.48,83,5.24,5.24,0,0,True,35,7,329.21286,375.56125,94.95,6,46.701427,57.47,154,2026-03-11T08:58:38Z,,duplicate of 019bff7e-fc4f-7384-9b89-96ade17e56df (kept xy7-50)
bw9-79,019bff82-9f84-7584-9775-9f0e3b59414b,Steelix,Neo Genesis,2.06,39.43,608,26,582,2,0.1,1,0,False,neo-genesis,015/111,Unlimited_Holofoil,Holo Rare,https://cdn.poketrace.com/cards/33420ab788f429e9.webp,29.3,113,39.472,39.472,0,0,True,599,2,0,0,109.99,5,142.495,142.495,608,2026-03-11T08:58:38Z,,duplicate of 019bff82-9f84-7584-9775-9f0e3b59414b (kept ex2-23)
bw6-91,019bff7b-60a8-766b-9d0c-2e4e2e11bde5,Garchomp,Legendary Treasures,1.64,7.04,164,18,146,2,4.6,1,0,False,legendary-treasures,96/113,Reverse_Holofoil,Holo Rare,https://cdn.poketrace.com/cards/007a7cc4a465efda.webp,4.7,81,6.718,6.718,0,0,True,0,0,0,0,6.5,3,36.821667,36.821667,164,2026-03-11T08:58:38Z,,duplicate of 019bff7b-60a8-766b-9d0c-2e4e2e11bde5 (kept sm6-62)
bw2-77,019bff8a-a5c1-7149-81da-fb5ea544c6c4,Cobalion,XY - Steam Siege,1.63,0.65,263,18,245,2,0.6,1,0,False,xy-steam-siege,74/114,Reverse_Holofoil,Rare,https://cdn.poketrace.com/cards/ef804d4eaed2bddd.webp,0.6,189,0.646,0.646,0,0,True,44,2,0,0,0,0,0,0,263,2026-03-11T08:58:38Z,,duplicate of 019bff8a-a5c1-7149-81da-fb5ea544c6c4 (kept bw11-91)
base4-46,019bff77-bef9-75ac-b16b-47c91fb06703,Kadabra,Base Set,1.63,1.8,5126,232,4894,2,8.9,1,0,False,base-set,032/102,Normal,Uncommon,https://cdn.poketrace.com/cards/e288a5fdf83dd1c6.webp,0.98,1237,1.64,1.64,0,0,True,200,27,210,210,34,29,50.33,50.33,5126,2026-03-11T08:58:38Z,,duplicate of 019bff77-bef9-75ac-b16b-47c91fb06703 (kept base1-32)
swsh1-198,019bff99-7af1-7262-a094-32ac39a4a9db,Cramorant V,Shining Fates,2.06,0.59,3172,115,3057,2,0.3,1,0,False,shining-fates,054/072,Holofoil,Ultra Rare,https://cdn.poketrace.com/cards/0015162599049179.webp,0.71,2730,0.592,0.592,0,0,True,53.1,24,0,0,10,17,0,0,3172,2026-03-11T08:58:38Z,,duplicate of 019bff99-7af1-7262-a094-32ac39a4a9db (kept swshp-SWSH086)
ex15-71,,Wooper δ,,1.63,0,0,0,0,0,0,0,0,False,,,,,,0,0,0,0,0,0,False,0,0,0,0,0,0,0,0,0,2026-03-11T08:58:38Z,,
xy6-74,019bff77-befc-77ae-b884-7e70a3f06b84,Altaria,Deoxys,1.14,48.32,144,69,75,2,0,1,0,False,deoxys,1/107,Reverse_Holofoil,Holo Rare,https://cdn.poketrace.com/cards/8bff0202368bced3.webp,30.16,27,48.32,48.32,0,0,True,138.58,2,0,0,190,18,191.25,191.25,144,2026-03-11T08:58:38Z,,duplicate of 019bff77-befc-77ae-b884-7e70a3f06b84 (kept pl1-18)
hgss1-46,019bff77-befa-771d-bab1-347e0b95717e,Metapod,Base Set,1.27,1.04,4018,164,3854,2,7.5,1,0,False,base-set,054/102,Normal,Common,https://cdn.poketrace.com/cards/a05dd3f1b25c3c25.webp,0.42,1001,0.962,0.962,0,0,True,65,28,70,70,45,24,40.5,40.5,4018,2026-03-11T08:58:38Z,,duplicate of 019bff77-befa-771d-bab1-347e0b95717e (kept base1-54)
dp4-20,019bff77-befb-757f-890c-e6c3ec79e99c,Kingler,Fossil,1.63,0.82,4614,143,4471,2,0.5,1,0,False,fossil,38/62,Unlimited,Uncommon,https://cdn.poketrace.com/cards/e51f1704c767f88c.webp,0.44,1049,0.816,0.816,0,0,True,119.98,28,62.454285,47.436295,27,28,34.666668,34.666668,4614,2026-03-11T08:58:38Z,,duplicate of 019bff77-befb-757f-890c-e6c3ec79e99c (kept ex6-26)
sv08.5-041,019bffc8-5c96-75dc-b3b7-6bff545a29c4,Sylveon ex,SV08: Surging Sparks,2.07,1.64,14183,343,13840,2,0.9,1,0,False,sv08-surging-sparks,086/191,Holofoil,Double Rare,https://cdn.poketrace.com/cards/240beec2107c607c.webp,1.63,13127,1.654,1.654,0,0,True,42.95,31,41.085,41.085,18,30,19.598,19.598,14183,2026-03-11T08:58:38Z,,duplicate of 019bffc8-5c96-75dc-b3b7-6bff545a29c4 (kept sv08-086)
xy4-77,019bff8c-7243-760b-b390-1023a75f3114,Goodra,SM - Guardians Rising,1.63,0.58,356,19,337,2,4.5,1,0,False,sm-guardians-rising,96/145,Reverse_Holofoil,Holo Rare,https://cdn.poketrace.com/cards/b2d72e0a0e8e9601.webp,0.48,228,0.554,0.554,0,0,True,0,0,0,0,15,5,0,0,356,2026-03-11T08:58:38Z,,duplicate of 019bff8c-7243-760b-b390-1023a75f3114 (kept xy7-60)
ex2-38,019bff7d-2e11-71aa-95c2-b199ea86c0d5,Illumise,Delta Species,2.07,8.55,134,36,98,2,25.9,1,0,False,delta-species,45/113,Reverse_Holofoil,Uncommon,https://cdn.poketrace.com/cards/555c3678b0ccd7c5.webp,4.72,47,6.332,6.332,0,0,True,152.5,13,92.807144,79.51,44.99,6,13.63,13.63,134,2026-03-11T08:58:38Z,,duplicate of 019bff7d-2e11-71aa-95c2-b199ea86c0d5 (kept ex9-32)
base4-93,019bff77-befa-771d-bab1-5e808891d9ee,Squirtle,Base Set,1.27,5.97,9284,391,8893,2,8.4,1,0,False,base-set,063/102,Normal,Common,https://cdn.poketrace.com/cards/b2c54c8ecee01611.webp,2.46,2142,5.47,5.47,0,0,True,299.99,58,278.05142,274.83636,56.333332,41,48.979168,48.979168,9284,2026-03-11T08:58:38Z,,duplicate of 019bff77-befa-771d-bab1-5e808891d9ee (kept dp3-112)
ex11-47,019bff7d-2e12-77f0-9b55-7a29bf11ab39,Kirlia,Delta Species,2.07,18.99,148,53,95,2,9.1,1,0,False,delta-species,47/113,Reverse_Holofoil,Uncommon,https://cdn.poketrace.com/cards/44fcc7557fffd723.webp,12.72,57,17.26,17.26,0,0,True,375,18,0,0,60,10,32.27714,30.715555,148,2026-03-11T08:58:38Z,,duplicate of 019bff7d-2e12-77f0-9b55-7a29bf11ab39 (kept bw11-RC9)
dp5-30,019bff83-863e-704c-9304-0d8c232ed298,Torterra,Diamond and Pearl,2.07,9.59,103,25,78,2,0,1,0,False,diamond-and-pearl,17/130,Reverse_Holofoil,Holo Rare,https://cdn.poketrace.com/cards/795c343cff95b138.webp,7.65,10,9.59,9.59,0,0,True,0,0,0,0,109.22,4,83.153336,83.153336,103,2026-03-11T08:58:38Z,,duplicate of 019bff83-863e-704c-9304-0d8c232ed298 (kept pl1-39)
neo1-47,019bff80-d351-7535-a79a-7d8d4ad89937,Quilava,Mysterious Treasures,2.07,4.19,187,13,174,2,0,1,0,False,mysterious-treasures,60/123,Reverse_Holofoil,Uncommon,https://cdn.poketrace.com/cards/9331f7ae7474e178.webp,3.75,93,4.19,4.19,0,0,True,89.53,1,0,0,90.93,1,0,0,187,2026-03-11T08:58:38Z,,duplicate of 019bff80-d351-7535-a79a-7d8d4ad89937 (kept neo1-46)
neo3-28,019bff7b-60a7-77b8-b492-580a4166a176,Flaaffy,Neo Revelation,2.07,1.78,628,27,601,2,2,1,0,False,neo-revelation,28/64,Unlimited,Uncommon,https://cdn.poketrace.com/cards/0a7472776acc302d.webp,1.15,217,1.816,1.816,0,0,True,41,5,27.625,27.625,20.3,1,0,0,628,2026-03-11T08:58:38Z,,duplicate of 019bff7b-60a7-77b8-b492-580a4166a176 (kept neo1-34)
swsh2-67,019bff9c-c081-7545-beec-0f0488ecbae8,Boltund V,SWSH08: Fusion Strike,1.14,0.62,3478,95,3383,2,1.3,1,0,False,swsh08-fusion-strike,103/264,Holofoil,Ultra Rare,https://cdn.poketrace.com/cards/2a94591677544c2e.webp,0.73,3092,0.612,0.612,0,0,True,40,12,0,0,13.5,15,10.5,10.5,3478,2026-03-11T08:58:38Z,,duplicate of 019bff9c-c081-7545-beec-0f0488ecbae8 (kept swshp-SWSH085)
bw3-25,019bffb5-343b-77b4-8f23-a9a78dacec7c,Tirtouga,SV07: Stellar Crown,1.62,0.2,984,12,972,2,8,1,0,False,sv07-stellar-crown,037/142,Reverse_Holofoil,Common,https://cdn.poketrace.com/cards/cf753c75bb9036d9.webp,0.19,920,0.184,0.184,0,0,True,29.98,1,0,0,0,0,0,0,984,2026-03-11T08:58:38Z,,duplicate of 019bffb5-343b-77b4-8f23-a9a78dacec7c (kept bw10-27)
sv10-081,019c0004-fc83-7688-bf38-51baca2b345d,Team Rocket's Mewtwo ex,SV10: Destined Rivals,1.13,1.44,21224,428,20796,2,3.9,1,0,False,sv10-destined-rivals,081/182,Holofoil,Double Rare,https://cdn.poketrace.com/cards/b2476a5de69531b3.webp,1.08,19883,1.384,1.384,0,0,True,67.99,54,56.709286,56.49591,16.5,34,14.65,14.65,21224,2026-03-11T08:58:38Z,,duplicate of 019c0004-fc83-7688-bf38-51baca2b345d (kept me02.5-079)
xy3-28,019bff77-bef9-75ac-b16a-f560046c2318,Raichu,Base Set,1.13,62.88,2680,374,2306,2,2,1,0,False,base-set,014/102,Holofoil,Holo Rare,https://cdn.poketrace.com/cards/3184c96a3f07b7fa.webp,43.24,273,61.64,61.64,0,0,True,2500,31,0,0,269.9,24,266.41284,266.41284,2680,2026-03-11T08:58:38Z,,duplicate of 019bff77-bef9-75ac-b16a-f560046c2318 (kept hgss3-33)
sm9-82,019bff8c-7243-760b-b38f-a0e980fe8d9d,Lycanroc GX,SM - Guardians Rising,2.06,2.18,783,94,689,2,2.2,1,0,False,sm-guardians-rising,74/145,Holofoil,Ultra Rare,https://cdn.poketrace.com/cards/d6bb665717683d68.webp,1.99,455,2.228,2.228,0,0,True,88,20,0,0,12.5,14,0,0,783,2026-03-11T08:58:38Z,,duplicate of 019bff8c-7243-760b-b38f-a0e980fe8d9d (kept sm2-74)
swshp-SWSH195,019bffa4-08c2-73d1-9af8-258c714a5ab6,Leafeon VSTAR,Crown Zenith,2.07,2.25,4258,273,3985,2,15.1,1,0,False,crown-zenith,014/159,Holofoil,Ultra Rare,https://cdn.poketrace.com/cards/c721ac052e521aba.webp,2.22,3828,2.59,2.59,0,0,True,39.99,35,44.745003,44.745003,22.75,24,21.71857,16.960682,4258,2026-03-11T08:58:38Z,,duplicate of 019bffa4-08c2-73d1-9af8-258c714a5ab6 (kept swsh12.5-014)
swshp-SWSH105,019bff97-5468-75b8-868f-446aee1ff075,Gardevoir V,Champion's Path,2.07,1.64,2867,131,2736,2,6.1,1,0,False,champions-path,16/73,Holofoil,Ultra Rare,https://cdn.poketrace.com/cards/72d8fb816625a599.webp,1.32,2484,1.54,1.54,0,0,True,41,29,0,0,25,18,0,0,2867,2026-03-11T08:58:38Z,,duplicate of 019bff97-5468-75b8-868f-446aee1ff075 (kept swsh3.5-16)
hgss2-41,019bff77-befc-77ae-b882-d5c8fa6f1d49,Tauros,Jungle,1.27,0.88,3068,138,2930,2,4.3,1,0,False,jungle,47/64,Unlimited,Uncommon,https://cdn.poketrace.com/cards/edca137b9287129f.webp,0.42,774,0.842,0.842,0,0,True,299,14,216.11858,173.73534,117.01,30,0,0,3068,2026-03-11T08:58:38Z,,duplicate of 019bff77-befc-77ae-b882-d5c8fa6f1d49 (kept lc-65)
base2-41,019bff77-befc-77ae-b882-bfde47b91a9e,Parasect,Jungle,1.13,0.77,3350,1,3349,2,6.5,1,0,False,jungle,41/64,Unlimited,Uncommon,https://cdn.poketrace.com/cards/a447b2c86b13ae16.webp,0.46,770,0.82,0.82,0,0,True,0,0,0,0,26.75,1,0,0,3350,2026-03-11T08:58:38Z,,duplicate of 019bff77-befc-77ae-b882-bfde47b91a9e (kept base4-55)
base2-60,019bff77-befc-77ae-b883-0afaca693ed3,Pikachu,Jungle,1.62,4.17,10106,70,10036,2,3,1,0,False,jungle,60/64,Unlimited,Common,https://cdn.poketrace.com/cards/2dce032950d00652.webp,1.74,2433,4.046,4.046,0,0,True,270,8,360.11667,360.11667,56.035,11,45.23357,45.828125,10106,2026-03-11T08:58:38Z,,duplicate of 019bff77-befc-77ae-b883-0afaca693ed3 (kept g1-RC29)
ex13-32,019bff81-ba5a-741b-bef4-ae2cb02b5669,Seviper,Emerald,1.62,21.43,107,32,75,2,0.6,1,0,False,emerald,20/106,Reverse_Holofoil,Rare,https://cdn.poketrace.com/cards/02051570be2f88fa.webp,21.92,64,21.3,21.3,0,0,True,700,1,0,0,63,12,57.708572,54.417694,107,2026-03-11T08:58:38Z,,duplicate of 019bff81-ba5a-741b-bef4-ae2cb02b5669 (kept ex9-20)
swshp-SWSH254,019bff9e-cb4c-7581-bf73-219637f66f5d,Origin Forme Palkia VSTAR,SWSH10: Astral Radiance,1.62,1.23,4459,138,4321,2,5.4,1,0,False,swsh10-astral-radiance,040/189,Holofoil,Ultra Rare,https://cdn.poketrace.com/cards/a51dda7236b773e4.webp,1.13,3523,1.164,1.164,0,0,True,45,32,42.633335,42.633335,14.5,30,12.5,12.5,4459,2026-03-11T08:58:38Z,,duplicate of 019bff9e-cb4c-7581-bf73-219637f66f5d (kept swsh10-040)
tk-xy-su-16,019bff7f-e2b8-7168-a041-7a6254df5c90,Piplup,POP Series 8,1.27,7.02,284,11,273,2,1.1,1,0,False,pop-series-8,015/017,Normal,Common,https://cdn.poketrace.com/cards/7923e61a586b61e6.webp,4.01,102,7.1,7.1,0,0,True,0,0,0,0,0,0,0,0,284,2026-03-11T08:58:38Z,,duplicate of 019bff7f-e2b8-7168-a041-7a6254df5c90 (kept pop9-16)
swsh4-131,019bff77-befb-757f-890b-7c38e58307d0,Snorlax,Base Set 2,2.08,23.07,1196,159,1037,2,16.7,1,0,False,base-set-2,030/130,Normal,Rare,https://cdn.poketrace.com/cards/5ed6764b1db50057.webp,7.58,245,19.218,19.218,0,0,True,66.24,31,0,0,129.99,21,0,0,1196,2026-03-11T08:58:38Z,,duplicate of 019bff77-befb-757f-890b-7c38e58307d0 (kept xy8-118)
swsh4.5-SV103,019bff9e-cb4b-734c-ae40-cf9e0ec1ed0f,Wooloo,Miscellaneous Cards & Products,2.08,0.42,2428,9,2419,2,7.1,1,0,False,miscellaneous-cards-and-products,222/264,Holofoil,Promo,https://cdn.poketrace.com/cards/61e4df06f4db0e85.webp,0.29,2040,0.39,0.39,0,0,False,0,0,0,0,0,0,0,0,2428,2026-03-11T08:58:38Z,,duplicate of 019bff9e-cb4b-734c-ae40-cf9e0ec1ed0f (kept swshp-SWSH011)
ex13-96,019bff7e-fc51-74ac-aafe-c77c641a950b,Multi Energy,Sandstorm,2.08,6.27,96,28,68,2,2.5,1,0,False,sandstorm,93/100,Reverse_Holofoil,Rare,https://cdn.poketrace.com/cards/a35ba34458160e4b.webp,3.23,45,6.428,6.428,0,0,True,0,0,0,0,15.43,5,0,0,96,2026-03-11T08:58:38Z,,duplicate of 019bff7e-fc51-74ac-aafe-c77c641a950b (kept ex16-89)
ex1-24,019bff77-befb-757f-890d-0079985bea7a,Weezing,Fossil,1.62,1.25,3015,140,2875,2,12.2,1,0,False,fossil,45/62,Unlimited,Uncommon,https://cdn.poketrace.com/cards/7a70fe608d4cbc63.webp,0.71,694,1.098,1.098,0,0,True,94.97,26,154.99,154.99,15.04,19,16.335714,21.857222,3015,2026-03-11T08:58:38Z,,duplicate of 019bff77-befb-757f-890d-0079985bea7a (kept ex11-33)
sm7.5-20,019bff77-befa-771d-bab1-4fc9c9a910aa,Gyarados,Base Set,2.08,39.17,4484,431,4053,2,5.6,1,0,False,base-set,006/102,Holofoil,Holo Rare,https://cdn.poketrace.com/cards/84034e021944d9a2.webp,23.27,354,36.962,36.962,0,0,True,1620,30,1622.9967,1622.9967,207,34,167.64285,183.125,4484,2026-03-11T08:58:38Z,,duplicate of 019bff77-befa-771d-bab1-4fc9c9a910aa (kept sm3-33)
ex3-42,019bff81-ba5a-741b-bef5-466592e4cf32,Shelgon,Dragon,1.62,5.04,130,27,103,2,0,1,0,False,dragon,20/97,Reverse_Holofoil,Rare,https://cdn.poketrace.com/cards/3a704ea0ebaf82ae.webp,4.54,71,5.04,5.04,0,0,True,299.99,1,0,0,70.29,2,0,0,130,2026-03-11T08:58:38Z,,duplicate of 019bff81-ba5a-741b-bef5-466592e4cf32 (kept dv1-7)
ex12-64,019bff81-ba5b-72b4-ae79-9ec63544b16c,Skitty,EX Trainer Kit 1: Latias & Latios,1.13,0.36,394,6,388,2,0.6,1,0,False,ex-trainer-kit-1-latias-and-latios,6/10,Normal,Common,https://cdn.poketrace.com/cards/a27dd9a964906ceb.webp,0.33,136,0.358,0.358,0,0,False,0,0,0,0,0,0,0,0,394,2026-03-11T08:58:38Z,,duplicate of 019bff81-ba5b-72b4-ae79-9ec63544b16c (kept dp6-119)
ex5-55,019bff79-8e10-76e9-bb0c-3da7f29532ce,Chikorita,Unseen Forces,1.13,22.4,242,126,116,2,3.8,1,0,False,unseen-forces,51/115,Reverse_Holofoil,Common,https://cdn.poketrace.com/cards/ff356ad70b02c724.webp,16.7,63,21.554,21.554,0,0,True,1249.99,15,0,0,49.99,13,43.495003,43.495003,242,2026-03-11T08:58:38Z,,duplicate of 019bff79-8e10-76e9-bb0c-3da7f29532ce (kept hgss1-59)
sm10-138,019bff92-de40-7086-ac3c-17070c8da0fd,Togekiss,SM - Unbroken Bonds,1.13,2.79,279,21,258,2,8,1,0,False,sm-unbroken-bonds,138/214,Reverse_Holofoil,Holo Rare,https://cdn.poketrace.com/cards/3bf30ca94d4b6879.webp,1.28,207,3.012,3.012,0,0,True,0,0,0,0,0,0,0,0,279,2026-03-11T08:58:38Z,,duplicate of 019bff92-de40-7086-ac3c-17070c8da0fd (kept bw8-104)
sm115-48,019bff77-befc-77ae-b882-e552f68bfcb4,Eevee,Jungle,1.62,1.96,10515,25,10490,2,22.8,1,0,False,jungle,51/64,Unlimited,Common,https://cdn.poketrace.com/cards/98f4a0868011f1bd.webp,0.69,2612,1.514,1.514,0,0,True,150,4,169.5,169.5,0,0,0,0,10515,2026-03-11T08:58:38Z,,duplicate of 019bff77-befc-77ae-b882-e552f68bfcb4 (kept sm5-105)
base4-39,019bff77-befc-77ae-b882-a76c2150c8cb,Exeggutor,Jungle,1.28,1.51,2935,140,2795,2,7.7,1,0,False,jungle,35/64,Unlimited,Uncommon,https://cdn.poketrace.com/cards/fa6e5ef130f51496.webp,0.73,693,1.394,1.394,0,0,True,185,19,167.60571,93.96733,36.71,25,45.934998,45.934998,2935,2026-03-11T08:58:38Z,,duplicate of 019bff77-befc-77ae-b882-a76c2150c8cb (kept dp2-24)
gym1-91,019bff81-ba59-7208-a499-3b4f72491f08,Sabrina's Abra,Gym Heroes,1.62,1.33,1208,45,1163,2,6,1,0,False,gym-heroes,091/132,Unlimited,Common,https://cdn.poketrace.com/cards/f36983680f8e846d.webp,0.88,349,1.25,1.25,0,0,True,125,6,0,0,9.5,4,0,0,1208,2026-03-11T08:58:38Z,,duplicate of 019bff81-ba59-7208-a499-3b4f72491f08 (kept gym2-93)
bw2-16,019bff9a-858a-738a-a03c-503b22f6dbff,Sawsbuck,SWSH06: Chilling Reign,2.09,0.22,581,21,560,2,8.2,1,0,False,swsh06-chilling-reign,012/198,Reverse_Holofoil,Rare,https://cdn.poketrace.com/cards/c177a7a416df8f19.webp,0.26,453,0.202,0.202,0,0,False,0,0,0,0,0,0,0,0,581,2026-03-11T08:58:38Z,,duplicate of 019bff9a-858a-738a-a03c-503b22f6dbff (kept sm12-16)
ex7-51,019bff77-befc-77ae-b882-e342fddd16a2,Cubone,Jungle,2.09,1.32,9806,14,9792,2,7.1,1,0,False,jungle,50/64,Unlimited,Common,https://cdn.poketrace.com/cards/4349c6d8a2ae7353.webp,0.53,2741,1.414,1.414,0,0,True,0,0,0,0,39,1,0,0,9806,2026-03-11T08:58:38Z,,duplicate of 019bff77-befc-77ae-b882-e342fddd16a2 (kept base2-50)
ex13-94,019bff7a-78f3-7153-ae67-008a2d81e826,Darkness Energy,Neo Genesis,1.28,5.33,579,24,555,2,0.9,1,0,False,neo-genesis,104/111,Unlimited,Rare,https://cdn.poketrace.com/cards/738f97c3384351ab.webp,3.61,127,5.282,5.282,0,0,True,39,5,0,0,9.51,2,0,0,579,2026-03-11T08:58:38Z,,duplicate of 019bff7a-78f3-7153-ae67-008a2d81e826 (kept neo1-104)
lc-41,019bff77-befc-77ae-b882-a01e1d960510,Dodrio,Jungle,1.28,1.12,3136,0,3136,1,1.6,1,0,False,jungle,34/64,Unlimited,Uncommon,https://cdn.poketrace.com/cards/caa2bc08c0a846dd.webp,0.75,860,1.102,1.102,0,0,False,0,0,0,0,0,0,0,0,3136,2026-03-11T08:58:38Z,,duplicate of 019bff77-befc-77ae-b882-a01e1d960510 (kept pl3-25)
base2-59,019bff77-befc-77ae-b883-06bc511523f5,Paras,Jungle,1.13,0.35,5680,3,5677,2,13.1,1,0,False,jungle,59/64,Unlimited,Common,https://cdn.poketrace.com/cards/07297a68b95ab71a.webp,0.34,1407,0.396,0.396,0,0,True,62,1,0,0,19.05,1,0,0,5680,2026-03-11T08:58:38Z,,duplicate of 019bff77-befc-77ae-b883-06bc511523f5 (kept ex6-72)
ex12-21,019bff77-befb-757f-890c-e933d6503090,Magmar,Fossil,2.09,0.81,4517,8,4509,2,12.1,1,0,False,fossil,39/62,Unlimited,Uncommon,https://cdn.poketrace.com/cards/ee401a96fba7af30.webp,0.46,1014,0.908,0.908,0,0,True,0,0,0,0,20.5,1,0,0,4517,2026-03-11T08:58:38Z,,duplicate of 019bff77-befb-757f-890c-e933d6503090 (kept base4-51)
hgss4-22,019bff77-befb-757f-890c-d816dfe3216f,Golduck,Fossil,1.61,1.1,3290,125,3165,2,2.9,1,0,False,fossil,35/62,Unlimited,Uncommon,https://cdn.poketrace.com/cards/69a376a4b2675d9c.webp,0.56,775,1.132,1.132,0,0,True,190,25,0,0,80.83,24,0,0,3290,2026-03-11T08:58:38Z,,duplicate of 019bff77-befb-757f-890c-d816dfe3216f (kept dp3-28)
base3-33,019bff77-befa-771d-bab1-27c8f2495d2a,Gastly,Base Set,1.59,0.82,5318,183,5135,2,2.9,1,0,False,base-set,050/102,Normal,Common,https://cdn.poketrace.com/cards/de7c31ac64325254.webp,0.47,1556,0.844,0.844,0,0,True,197.77,28,147.38501,147.38501,42,28,39.996666,39.996666,5318,2026-03-11T08:58:38Z,,duplicate of 019bff77-befa-771d-bab1-27c8f2495d2a (kept ex6-63)
pl3-47,019bff84-6f77-773f-980b-67d2dbd1ca82,Wailord,Ruby and Sapphire,1.13,8.25,141,41,100,2,0,1,0,False,ruby-and-sapphire,14/109,Reverse_Holofoil,Holo Rare,https://cdn.poketrace.com/cards/cb83607a991e99e4.webp,11.33,38,8.25,8.25,0,0,True,562.95,1,0,0,16.28,15,0,0,141,2026-03-11T08:58:38Z,,duplicate of 019bff84-6f77-773f-980b-67d2dbd1ca82 (kept bw6-26)
base4-37,019bff77-befc-77ae-b882-a01e1d960510,Dodrio,Jungle,2.09,1.12,3136,0,3136,1,1.6,1,0,False,jungle,34/64,Unlimited,Uncommon,https://cdn.poketrace.com/cards/caa2bc08c0a846dd.webp,0.75,860,1.102,1.102,0,0,False,0,0,0,0,0,0,0,0,3136,2026-03-11T08:58:38Z,,duplicate of 019bff77-befc-77ae-b882-a01e1d960510 (kept pl3-25)
dp6-115,019bff77-befa-771d-bab0-eca0baf2c0f4,Poliwhirl,Base Set,1.13,1.33,3925,166,3759,2,6.8,1,0,False,base-set,038/102,Normal,Uncommon,https://cdn.poketrace.com/cards/a633014cfe332dd9.webp,0.5,856,1.24,1.24,0,0,True,160,26,0,0,48.88,25,48.88,48.88,3925,2026-03-11T08:58:38Z,,duplicate of 019bff77-befa-771d-bab0-eca0baf2c0f4 (kept base1-38)
ex15-64,,Smoochum δ,,1.61,0,0,0,0,0,0,0,0,False,,,,,,0,0,0,0,0,0,False,0,0,0,0,0,0,0,0,0,2026-03-11T08:58:38Z,,
swsh3-34,019bffa2-09bf-74f6-b7ec-b8878b821047,Centiskorch VMAX,SWSH11: Lost Origin Trainer Gallery,1.6,5.61,1852,138,1714,2,5.2,1,0,False,swsh11-lost-origin-trainer-gallery,TG15/TG30,Holofoil,Ultra Rare,https://cdn.poketrace.com/cards/b5274bb85cb1d259.webp,5.26,1559,5.32,5.32,0,0,True,37.97,30,43.653336,43.653336,12.5,28,0,0,1852,2026-03-11T08:58:38Z,,duplicate of 019bffa2-09bf-74f6-b7ec-b8878b821047 (kept swsh4.5-SV109)
base4-99,019bff77-befa-771d-bab1-703df9419636,Vulpix,Base Set,1.13,0.85,5824,201,5623,2,8.5,1,0,False,base-set,068/102,Normal,Common,https://cdn.poketrace.com/cards/c58ddbce88f0156a.webp,0.4,1345,0.778,0.778,0,0,True,105,32,111.66333,111.66333,37.99,26,44.294003,44.294003,5824,2026-03-11T08:58:38Z,,duplicate of 019bff77-befa-771d-bab1-703df9419636 (kept 2016xy-1)
swsh11-143,019bff77-befb-757f-890b-7c38e58307d0,Snorlax,Base Set 2,1.13,23.07,1196,159,1037,2,16.7,1,0,False,base-set-2,030/130,Normal,Rare,https://cdn.poketrace.com/cards/5ed6764b1db50057.webp,7.58,245,19.218,19.218,0,0,True,66.24,31,0,0,129.99,21,0,0,1196,2026-03-11T08:58:38Z,,duplicate of 019bff77-befb-757f-890b-7c38e58307d0 (kept xy8-118)
swshp-SWSH112,019bff98-542b-72cb-a941-f93eee226c18,Cinderace,Miscellaneous Cards & Products,1.28,0.3,1527,0,1527,1,5.3,1,0,False,miscellaneous-cards-and-products,034/202,Holofoil,Promo,https://cdn.poketrace.com/cards/ac4179f5e1d688c0.webp,0.21,1254,0.284,0.284,0,0,False,0,0,0,0,0,0,0,0,1527,2026-03-11T08:58:38Z,,duplicate of 019bff98-542b-72cb-a941-f93eee226c18 (kept swshp-SWSH278)
ecard1-138,019bff79-8e10-76e9-bb0e-6e4cba3026de,Copycat,Expedition,1.12,22.5,202,29,173,2,0,1,0,False,expedition,138/165,Reverse_Holofoil,Uncommon,https://cdn.poketrace.com/cards/05ec485b8ffe34c3.webp,15.92,45,22.5,22.5,0,0,True,82,5,82.92,76.50077,11.5,4,20.921429,24.04,202,2026-03-11T08:58:38Z,,duplicate of 019bff79-8e10-76e9-bb0e-6e4cba3026de (kept swsh7-200)
swshp-SWSH030,019bff96-3f25-72d1-b369-6cbfb9379e43,Copperajah V,SWSH02: Rebel Clash,1.12,1.02,931,51,880,2,3.3,1,0,False,swsh02-rebel-clash,136/192,Holofoil,Ultra Rare,https://cdn.poketrace.com/cards/b110777fda0a5f3b.webp,0.82,757,0.986,0.986,0,0,True,20.5,19,20.66,21.784706,5.78,5,14.88,14.88,931,2026-03-11T08:58:38Z,,duplicate of 019bff96-3f25-72d1-b369-6cbfb9379e43 (kept swsh2-136)
ex11-46,019bff77-bef9-75ac-b16b-4b5d7c1d43fa,Kakuna,Base Set,2.09,1.81,3259,133,3126,2,7,1,0,False,base-set,033/102,Normal,Uncommon,https://cdn.poketrace.com/cards/3de06477078bba0d.webp,0.68,798,1.684,1.684,0,0,True,85,30,86,86,47.9,21,36.45,36.45,3259,2026-03-11T08:58:38Z,,duplicate of 019bff77-bef9-75ac-b16b-4b5d7c1d43fa (kept base1-33)
hgss2-34,019bff7e-fc50-71f0-aee2-693b0b884e14,Minun,POP Series 1,2.1,1.41,426,53,373,2,6.5,1,0,False,pop-series-1,012/017,Normal,Common,https://cdn.poketrace.com/cards/72b68ad002ef3ff3.webp,1.06,294,1.318,1.318,0,0,True,23.5,4,38.833332,38.833332,31,6,0,0,426,2026-03-11T08:58:38Z,,duplicate of 019bff7e-fc50-71f0-aee2-693b0b884e14 (kept pop1-12)
neo4-69,019bff77-befa-771d-bab1-7bc079780572,Hitmonchan,Base Set,1.36,18.8,4943,378,4565,2,2.2,1,0,False,base-set,007/102,Holofoil,Holo Rare,https://cdn.poketrace.com/cards/fd748689c02b7650.webp,11.42,388,19.214,19.214,0,0,True,1999,29,0,0,169.99,16,175.78429,168.94333,4943,2026-03-11T08:58:38Z,,duplicate of 019bff77-befa-771d-bab1-7bc079780572 (kept xy12-62)
lc-37,019bff77-bef9-75ac-b16b-224db895485a,Charmeleon,Base Set,1.6,2.75,6358,290,6068,2,8.2,1,0,False,base-set,024/102,Normal,Uncommon,https://cdn.poketrace.com/cards/c922364e82b319e5.webp,1.09,1333,2.524,2.524,0,0,True,150.72,28,169.36,169.36,42.99,23,37.620003,37.620003,6358,2026-03-11T08:58:38Z,,duplicate of 019bff77-bef9-75ac-b16b-224db895485a (kept bw7-19)
dp7-16,019bff7a-78f4-707a-bf70-fb87511a7dd9,Drifblim,Diamond and Pearl,1.6,4.04,98,23,75,2,0,1,0,False,diamond-and-pearl,24/130,Reverse_Holofoil,Rare,https://cdn.poketrace.com/cards/2f77c54deb76a493.webp,2.24,38,4.04,4.04,0,0,True,0,0,0,0,0,0,0,0,98,2026-03-11T08:58:38Z,,duplicate of 019bff7a-78f4-707a-bf70-fb87511a7dd9 (kept sv04.5-156)
bw6-24,019bff77-befa-771d-bab1-4fc9c9a910aa,Gyarados,Base Set,2.1,39.17,4484,431,4053,2,5.6,1,0,False,base-set,006/102,Holofoil,Holo Rare,https://cdn.poketrace.com/cards/84034e021944d9a2.webp,23.27,354,36.962,36.962,0,0,True,1620,30,1622.9967,1622.9967,207,34,167.64285,183.125,4484,2026-03-11T08:58:38Z,,duplicate of 019bff77-befa-771d-bab1-4fc9c9a910aa (kept sm3-33)
pl4-36,019bff77-befa-771d-bab1-27c8f2495d2a,Gastly,Base Set,1.28,0.82,5318,183,5135,2,2.9,1,0,False,base-set,050/102,Normal,Common,https://cdn.poketrace.com/cards/de7c31ac64325254.webp,0.47,1556,0.844,0.844,0,0,True,197.77,28,147.38501,147.38501,42,28,39.996666,39.996666,5318,2026-03-11T08:58:38Z,,duplicate of 019bff77-befa-771d-bab1-27c8f2495d2a (kept ex6-63)
me02.5-137,019c0000-679a-751f-a891-f5c16f8c1270,N's Zoroark ex,SV09: Journey Together,1.12,2.22,23297,364,22933,2,3.7,1,0,False,sv09-journey-together,098/159,Holofoil,Double Rare,https://cdn.poketrace.com/cards/86751171022daf1c.webp,1.54,21765,2.302,2.302,0,0,True,59.99,25,0,0,14.95,23,0,0,23297,2026-03-11T08:58:38Z,,duplicate of 019c0000-679a-751f-a891-f5c16f8c1270 (kept sv09-098)
gym1-68,019bff78-a648-7332-9aa3-ed6185845c7a,Brock's Mankey,Gym Heroes,1.12,0.64,1324,0,1324,1,1.9,1,0,False,gym-heroes,067/132,Unlimited,Common,https://cdn.poketrace.com/cards/2b858367cbecae6e.webp,0.5,423,0.652,0.652,0,0,False,0,0,0,0,0,0,0,0,1324,2026-03-11T08:58:38Z,,duplicate of 019bff78-a648-7332-9aa3-ed6185845c7a (kept gym1-67)
sv06-112,019bffb0-7845-751b-84c6-819a7c38a3cc,Cornerstone Mask Ogerpon ex,SV06: Twilight Masquerade,1.28,0.96,11210,134,11076,2,14.6,1,0,False,sv06-twilight-masquerade,112/167,Holofoil,Double Rare,https://cdn.poketrace.com/cards/065408ef4c05182a.webp,0.82,10425,1.1,1.1,0,0,True,34.97,23,35.985,35.985,10.98,2,0,0,11210,2026-03-11T08:58:38Z,,duplicate of 019bffb0-7845-751b-84c6-819a7c38a3cc (kept sv08.5-058)
swsh10-TG23,019bff9e-cb4c-7581-bf74-50be18108e50,Garchomp V,SWSH10: Astral Radiance,1.12,1.12,2834,59,2775,2,7.3,1,0,False,swsh10-astral-radiance,117/189,Holofoil,Ultra Rare,https://cdn.poketrace.com/cards/b67fa943c86856c3.webp,1.13,2420,1.038,1.038,0,0,True,50,17,0,0,15.4,10,0,0,2834,2026-03-11T08:58:38Z,,duplicate of 019bff9e-cb4c-7581-bf74-50be18108e50 (kept swsh10-117)
ex3-39,019bff77-befb-757f-890c-f432b6e30285,Seadra,Fossil,1.6,0.76,4118,5,4113,2,4.2,1,0,False,fossil,42/62,Unlimited,Uncommon,https://cdn.poketrace.com/cards/cbcd0cdf15a62fe8.webp,0.46,1007,0.728,0.728,0,0,False,0,0,0,0,0,0,0,0,4118,2026-03-11T08:58:38Z,,duplicate of 019bff77-befb-757f-890c-f432b6e30285 (kept dp6-70)
ex9-29,019bff7c-4505-7332-a339-7715ecdb39fb,Grumpig,Dragon,1.12,16.91,100,46,54,2,0.8,1,0,False,dragon,6/97,Reverse_Holofoil,Holo Rare,https://cdn.poketrace.com/cards/48d7e7ee1caf4c45.webp,10.72,38,17.04,17.04,0,0,True,251.745,6,0,0,30,6,31.854286,27.8025,100,2026-03-11T08:58:38Z,,duplicate of 019bff7c-4505-7332-a339-7715ecdb39fb (kept ex9-30)
base4-59,019bff77-befc-77ae-b882-ccf1e283864e,Rhydon,Jungle,2.11,0.94,3575,18,3557,2,8.5,1,0,False,jungle,45/64,Unlimited,Uncommon,https://cdn.poketrace.com/cards/ac2f109980caf9ac.webp,0.58,800,1.02,1.02,0,0,True,0,0,0,0,75,1,0,0,3575,2026-03-11T08:58:38Z,,duplicate of 019bff77-befc-77ae-b882-ccf1e283864e (kept base2-45)
base5-53,019bff77-bef9-75ac-b16b-29e09d6b646a,Dratini,Base Set,1.6,2.91,4527,209,4318,2,16.5,1,0,False,base-set,026/102,Normal,Uncommon,https://cdn.poketrace.com/cards/eab157dc7406d679.webp,0.96,849,2.43,2.43,0,0,True,167.5,36,168.75,168.75,54.59,31,0,0,4527,2026-03-11T08:58:38Z,,duplicate of 019bff77-bef9-75ac-b16b-29e09d6b646a (kept dv1-1)
hgss1-38,019bff79-8e10-76e9-bb0f-968d82e42854,Croconaw,Unseen Forces,1.12,21.33,162,83,79,2,0,1,0,False,unseen-forces,38/115,Reverse_Holofoil,Uncommon,https://cdn.poketrace.com/cards/f603847fff8b60c3.webp,18.1,36,21.33,21.33,0,0,True,182.5,14,0,0,46,15,0,0,162,2026-03-11T08:58:38Z,,duplicate of 019bff79-8e10-76e9-bb0f-968d82e42854 (kept dp2-44)
dp4-46,019bff7e-1601-757e-bd30-967cb373da9e,Marshtomp,POP Series 3,1.28,8.26,156,23,133,2,13.2,1,0,False,pop-series-3,015/017,Normal,Common,https://cdn.poketrace.com/cards/62abf990fc3f8755.webp,2.78,53,7.17,7.17,0,0,True,153.67,2,65.44,65.44,7.5,1,0,0,156,2026-03-11T08:58:38Z,,duplicate of 019bff7e-1601-757e-bd30-967cb373da9e (kept ex3-36)
dp6-40,019bff81-ba5a-741b-bef5-3692a88ce15d,Shedinja,Deoxys,2.1,47.81,108,32,76,2,0.9,1,0,False,deoxys,14/107,Reverse_Holofoil,Holo Rare,https://cdn.poketrace.com/cards/b8e26b12cf8021fd.webp,35.01,41,47.372,47.372,0,0,True,249.99,3,0,0,69.99,5,0,0,108,2026-03-11T08:58:38Z,,duplicate of 019bff81-ba5a-741b-bef5-3692a88ce15d (kept me01-144)
swshp-SWSH081,019bff99-7af1-7262-a092-61569e654409,Polteageist,Shining Fates: Shiny Vault,1.28,1.12,1412,115,1297,2,5.4,1,0,False,shining-fates-shiny-vault,SV053/SV122,Holofoil,Shiny Holo Rare,https://cdn.poketrace.com/cards/9f08e3a6ebe3f3a5.webp,0.99,1103,1.06,1.06,0,0,True,28.5,29,0,0,25.99,13,0,0,1412,2026-03-11T08:58:38Z,,duplicate of 019bff99-7af1-7262-a092-61569e654409 (kept swsh4.5-SV053)
ex3-22,019bff83-8640-7057-ac6d-f37fa9d8a562,Vibrava,Power Keepers,1.12,6.34,126,33,93,2,1.4,1,0,False,power-keepers,40/108,Reverse_Holofoil,Uncommon,https://cdn.poketrace.com/cards/8cd33538889e58bd.webp,3.75,45,6.428,6.428,0,0,True,56,1,0,0,28,4,19.556667,19.556667,126,2026-03-11T08:58:38Z,,duplicate of 019bff83-8640-7057-ac6d-f37fa9d8a562 (kept sv08-206)
pl3-37,019bff77-befb-757f-890b-7370f372b951,Mr. Mime,Base Set 2,1.12,5.59,991,69,922,2,1.6,1,0,False,base-set-2,027/130,Normal,Rare,https://cdn.poketrace.com/cards/b3b39427ec1493a9.webp,3.33,278,5.498,5.498,0,0,True,28,11,36.662857,39.84889,47.25,22,20.442858,21.472,991,2026-03-11T08:58:38Z,,duplicate of 019bff77-befb-757f-890b-7370f372b951 (kept dp2-30)
gym2-48,019bff7d-2e12-77f0-9b56-388fb998e337,Koga's Koffing,Gym Challenge,2.1,0.91,1231,61,1170,2,0.2,1,0,False,gym-challenge,079/132,Unlimited,Common,https://cdn.poketrace.com/cards/095b2724d1678b2d.webp,0.51,358,0.912,0.912,0,0,True,80,9,39.974285,37.99625,6.5,14,17.201427,17.9105,1231,2026-03-11T08:58:38Z,,duplicate of 019bff7d-2e12-77f0-9b56-388fb998e337 (kept gym2-79)
swsh3.5-27,019bff9e-cb4c-7581-bf73-ba726524a9d8,Lucario V,SWSH10: Astral Radiance,2.12,1.15,6012,166,5846,2,0.5,1,0,False,swsh10-astral-radiance,078/189,Holofoil,Ultra Rare,https://cdn.poketrace.com/cards/99ef86de0f98fc31.webp,0.94,4892,1.156,1.156,0,0,True,59.99,29,0,0,27.49,19,19.326666,19.326666,6012,2026-03-11T08:58:38Z,,duplicate of 019bff9e-cb4c-7581-bf73-ba726524a9d8 (kept swsh10-078)
ex6-25,019bff7d-2e10-7263-8141-8f2383aaa1c8,Hypno,Legendary Collection,1.12,6.87,220,150,70,2,1.4,1,0,False,legendary-collection,025/110,Reverse_Holofoil,Rare,https://cdn.poketrace.com/cards/ec5ed1111625f5b2.webp,86.08,41,6.965,6.965,0,0,True,1106.27,11,272.53857,282.71237,254.99,22,220.36429,138.35275,220,2026-03-11T08:58:38Z,,duplicate of 019bff7d-2e10-7263-8141-8f2383aaa1c8 (kept ex11-23)
ex10-96,019bff7a-78f3-7153-ae67-008a2d81e826,Darkness Energy,Neo Genesis,1.59,5.33,579,24,555,2,0.9,1,0,False,neo-genesis,104/111,Unlimited,Rare,https://cdn.poketrace.com/cards/738f97c3384351ab.webp,3.61,127,5.282,5.282,0,0,True,39,5,0,0,9.51,2,0,0,579,2026-03-11T08:58:38Z,,duplicate of 019bff7a-78f3-7153-ae67-008a2d81e826 (kept neo1-104)
swsh11-TG06,019bff7b-60a8-766b-9d0c-ce4d79feda50,Gengar,Legendary Collection,1.12,141.12,336,246,90,2,0,1,0,False,legendary-collection,011/110,Reverse_Holofoil,Holo Rare,https://cdn.poketrace.com/cards/443f2f96bc965b6a.webp,94.92,19,141.12,141.12,0,0,True,2665,5,5683.2974,5683.2974,6000,27,0,0,336,2026-03-11T08:58:38Z,,duplicate of 019bff7b-60a8-766b-9d0c-ce4d79feda50 (kept swsh11-066)
hgss2-37,019bff77-befa-771d-bab0-eca0baf2c0f4,Poliwhirl,Base Set,2.12,1.33,3925,166,3759,2,6.8,1,0,False,base-set,038/102,Normal,Uncommon,https://cdn.poketrace.com/cards/a633014cfe332dd9.webp,0.5,856,1.24,1.24,0,0,True,160,26,0,0,48.88,25,48.88,48.88,3925,2026-03-11T08:58:38Z,,duplicate of 019bff77-befa-771d-bab0-eca0baf2c0f4 (kept base1-38)
ex1-36,019bff7d-2e13-7175-b43e-326b11294c6a,Lairon,Ruby and Sapphire,2.12,5.48,112,28,84,2,0,1,0,False,ruby-and-sapphire,37/109,Reverse_Holofoil,Uncommon,https://cdn.poketrace.com/cards/cbb967d1ef685add.webp,4.76,57,5.48,5.48,0,0,True,0,0,0,0,65,6,0,0,112,2026-03-11T08:58:38Z,,duplicate of 019bff7d-2e13-7175-b43e-326b11294c6a (kept ex2-41)
lc-60,019bff77-befc-77ae-b882-c94357509dd1,Rapidash,Jungle,1.12,1.84,2915,131,2784,2,2,1,0,False,jungle,44/64,Unlimited,Uncommon,https://cdn.poketrace.com/cards/731217386124ada1.webp,0.89,681,1.804,1.804,0,0,True,175,12,187.95857,114.27464,22.05,26,214.15666,214.15666,2915,2026-03-11T08:58:38Z,,duplicate of 019bff77-befc-77ae-b882-c94357509dd1 (kept ex11-52)
bw3-84,019bff8a-a5c1-7149-81da-fb5ea544c6c4,Cobalion,XY - Steam Siege,1.58,0.65,263,18,245,2,0.6,1,0,False,xy-steam-siege,74/114,Reverse_Holofoil,Rare,https://cdn.poketrace.com/cards/ef804d4eaed2bddd.webp,0.6,189,0.646,0.646,0,0,True,44,2,0,0,0,0,0,0,263,2026-03-11T08:58:38Z,,duplicate of 019bff8a-a5c1-7149-81da-fb5ea544c6c4 (kept bw11-91)
pl2-14,019bff77-befc-77ae-b883-eec5eb7de806,Aggron,Legend Maker,1.58,29.7,148,73,75,2,3.3,1,0,False,legend-maker,2/92,Reverse_Holofoil,Holo Rare,https://cdn.poketrace.com/cards/e2b7b9c79a227a3e.webp,22.42,36,28.712,28.712,0,0,True,0,0,0,0,175,24,90.505714,55.992332,148,2026-03-11T08:58:38Z,,duplicate of 019bff77-befc-77ae-b883-eec5eb7de806 (kept bw6-80)
sv08.5-028,019bffc8-5c96-75dc-b3b6-bf13e0b692ed,Pikachu ex,SV08: Surging Sparks,1.58,4.07,19017,636,18381,2,0.7,1,0,False,sv08-surging-sparks,057/191,Holofoil,Double Rare,https://cdn.poketrace.com/cards/ef95a26d67f185a2.webp,3.81,17386,4.098,4.098,0,0,True,76,74,64.97714,61.850998,19.99,63,18.71,18.705,19017,2026-03-11T08:58:38Z,,duplicate of 019bffc8-5c96-75dc-b3b6-bf13e0b692ed (kept me02.5-057)
xyp-XY139,019bff89-bc5f-7465-9230-1d05204b4e89,Floette,Generations: Radiant Collection,1.12,3.58,1567,62,1505,2,5.1,1,0,False,generations-radiant-collection,RC18/RC32,Holofoil,Uncommon,https://cdn.poketrace.com/cards/365373ceaeaa5ee2.webp,1.87,700,3.398,3.398,0,0,True,149.99,6,78.77,78.77,18.5,15,22.545715,16.804285,1567,2026-03-11T08:58:38Z,,duplicate of 019bff89-bc5f-7465-9230-1d05204b4e89 (kept g1-RC18)
hgss1-87,019bff77-befa-771d-bab1-703df9419636,Vulpix,Base Set,1.28,0.85,5824,201,5623,2,8.5,1,0,False,base-set,068/102,Normal,Common,https://cdn.poketrace.com/cards/c58ddbce88f0156a.webp,0.4,1345,0.778,0.778,0,0,True,105,32,111.66333,111.66333,37.99,26,44.294003,44.294003,5824,2026-03-11T08:58:38Z,,duplicate of 019bff77-befa-771d-bab1-703df9419636 (kept 2016xy-1)
xy4-38,019bff82-9f84-7584-9777-68e700a98509,Swalot,Crystal Guardians,1.12,6.99,199,32,167,2,0,1,0,False,crystal-guardians,11/100,Reverse_Holofoil,Holo Rare,https://cdn.poketrace.com/cards/602aa462c11637f7.webp,4.94,86,6.99,6.99,0,0,True,99,4,101.722855,125.18727,40,8,31.237143,25.778421,199,2026-03-11T08:58:38Z,,duplicate of 019bff82-9f84-7584-9777-68e700a98509 (kept ex9-40)
ex8-74,019bff82-9f82-7738-a2cc-89a6c8ba656c,Slugma,Neo Revelation,1.58,0.59,1333,1,1332,2,10.2,1,0,False,neo-revelation,53/64,Unlimited,Common,https://cdn.poketrace.com/cards/5271cd4d13afe4ce.webp,0.5,304,0.53,0.53,0,0,False,0,0,0,0,0,0,0,0,1333,2026-03-11T08:58:38Z,,duplicate of 019bff82-9f82-7738-a2cc-89a6c8ba656c (kept xy0-6)
bw11-48,019bff7e-fc50-71f0-aee2-693b0b884e14,Minun,POP Series 1,1.58,1.41,426,53,373,2,6.5,1,0,False,pop-series-1,012/017,Normal,Common,https://cdn.poketrace.com/cards/72b68ad002ef3ff3.webp,1.06,294,1.318,1.318,0,0,True,23.5,4,38.833332,38.833332,31,6,0,0,426,2026-03-11T08:58:38Z,,duplicate of 019bff7e-fc50-71f0-aee2-693b0b884e14 (kept pop1-12)
ex3-41,019bff81-ba5a-741b-bef5-466592e4cf32,Shelgon,Dragon,1.58,5.04,130,27,103,2,0,1,0,False,dragon,20/97,Reverse_Holofoil,Rare,https://cdn.poketrace.com/cards/3a704ea0ebaf82ae.webp,4.54,71,5.04,5.04,0,0,True,299.99,1,0,0,70.29,2,0,0,130,2026-03-11T08:58:38Z,,duplicate of 019bff81-ba5a-741b-bef5-466592e4cf32 (kept dv1-7)
dp4-31,019bff77-befb-757f-890d-0079985bea7a,Weezing,Fossil,1.56,1.25,3015,140,2875,2,12.2,1,0,False,fossil,45/62,Unlimited,Uncommon,https://cdn.poketrace.com/cards/7a70fe608d4cbc63.webp,0.71,694,1.098,1.098,0,0,True,94.97,26,154.99,154.99,15.04,19,16.335714,21.857222,3015,2026-03-11T08:58:38Z,,duplicate of 019bff77-befb-757f-890d-0079985bea7a (kept ex11-33)
me02-103,019bffa3-0690-7079-959c-f96d3911818c,Toxtricity,Crown Zenith: Galarian Gallery,1.57,2.28,7657,365,7292,2,1.6,1,0,False,crown-zenith-galarian-gallery,GG09/GG70,Holofoil,Ultra Rare,https://cdn.poketrace.com/cards/3741b6195ab5fed5.webp,2.24,6884,2.244,2.244,0,0,True,80,38,58.01071,61.341667,18.33,39,17.348572,17.805,7657,2026-03-11T08:58:38Z,,duplicate of 019bffa3-0690-7079-959c-f96d3911818c (kept swsh12.5-GG09)
bw9-66,019bff84-6f79-7196-a6a4-9004a4392c43,Weavile,XY - Flashfire,1.56,0.79,158,18,140,2,12.2,1,0,False,xy-flashfire,52/106,Reverse_Holofoil,Rare,https://cdn.poketrace.com/cards/b857680d12779d5e.webp,0.4,83,0.694,0.694,0,0,False,0,0,0,0,0,0,0,0,158,2026-03-11T08:58:38Z,,duplicate of 019bff84-6f79-7196-a6a4-9004a4392c43 (kept hgss3-25)
pop1-11,019bff7d-2e14-7575-b736-18281a54452f,Larvitar,Neo Discovery,1.57,0.54,1572,1,1571,2,7.8,1,0,False,neo-discovery,57/75,Unlimited,Common,https://cdn.poketrace.com/cards/bf79e21cf0a24793.webp,0.37,444,0.498,0.498,0,0,False,0,0,0,0,0,0,0,0,1572,2026-03-11T08:58:38Z,,duplicate of 019bff7d-2e14-7575-b736-18281a54452f (kept dp7-63)
ecard1-119,019bff7e-1601-757e-bd2f-ec281af2fa57,Mareep,Neo Discovery,2.14,0.85,1390,51,1339,2,1.2,1,0,False,neo-discovery,58/75,Unlimited,Common,https://cdn.poketrace.com/cards/9ffc4da5efdb22b8.webp,0.52,412,0.86,0.86,0,0,True,55,8,47.163574,45.278038,27.21,7,21.07,24.95827,1390,2026-03-11T08:58:38Z,,duplicate of 019bff7e-1601-757e-bd2f-ec281af2fa57 (kept ex7-67)
swsh12-TG24,019bffa2-09c1-74ef-b464-52bad1dc0b32,Gordie,SWSH12: Silver Tempest Trainer Gallery,2.14,1.58,1738,122,1616,2,0,3,0,False,swsh12-silver-tempest-trainer-gallery,TG24/TG30,Holofoil,Ultra Rare,https://cdn.poketrace.com/cards/b16c693e75834579.webp,1.65,1507,3.0985713,3.1139286,-0.49,0,True,30,28,0,0,10.5,19,10.105714,11.687058,1738,2026-03-11T08:58:38Z,,duplicate of 019bffa2-09c1-74ef-b464-52bad1dc0b32 (kept swsh7-201)
base4-34,019bff77-befc-77ae-b882-9c4799fd9502,Butterfree,Jungle,1.57,1,3033,226,2807,2,0,1,0,False,jungle,33/64,Unlimited,Uncommon,https://cdn.poketrace.com/cards/7b6220ae3c71350b.webp,0.91,263,1,1,0,0,True,255,35,190.82857,157.43167,21.99,43,53.287857,41.271168,3033,2026-03-11T08:58:38Z,,duplicate of 019bff77-befc-77ae-b882-9c4799fd9502 (kept base2-33)
bw5-84,019bff77-befc-77ae-b882-e552f68bfcb4,Eevee,Jungle,1.12,1.96,10515,25,10490,2,22.8,1,0,False,jungle,51/64,Unlimited,Common,https://cdn.poketrace.com/cards/98f4a0868011f1bd.webp,0.69,2612,1.514,1.514,0,0,True,150,4,169.5,169.5,0,0,0,0,10515,2026-03-11T08:58:38Z,,duplicate of 019bff77-befc-77ae-b882-e552f68bfcb4 (kept sm5-105)
ex5-21,019bff7e-fc4f-7384-9b8a-2faa52576198,Metang,Deoxys,1.11,12.9,190,41,149,2,0,1,0,False,deoxys,40/107,Reverse_Holofoil,Uncommon,https://cdn.poketrace.com/cards/c35af3351503fab4.webp,7.48,64,12.9,12.9,0,0,True,349.99,2,153.90334,153.90334,43.69,9,39.56286,38.39875,161,2026-03-11T08:58:38Z,,duplicate of 019bff7e-fc4f-7384-9b8a-2faa52576198 (kept ex16-35)
ex11-19,,Azumarill δ,,1.28,0,0,0,0,0,0,0,0,False,,,,,,0,0,0,0,0,0,False,0,0,0,0,0,0,0,0,0,2026-03-11T08:58:38Z,,
xy1-90,019bff77-befb-757f-890a-e26b420e776a,Wigglytuff,Base Set 2,1.28,12.12,2056,217,1839,2,1.8,1,0,False,base-set-2,019/130,Holofoil,Holo Rare,https://cdn.poketrace.com/cards/a62466bd39f5cfc6.webp,9.38,270,11.906,11.906,0,0,True,150,1,0,0,189.995,10,0,0,2056,2026-03-11T08:58:38Z,,duplicate of 019bff77-befb-757f-890a-e26b420e776a (kept dp4-32)
ex9-22,019bff78-a648-7332-9aa3-a4fc76d1fc67,Breloom,Ruby and Sapphire,1.57,12.76,138,35,103,2,2.2,1,0,False,ruby-and-sapphire,16/109,Reverse_Holofoil,Rare,https://cdn.poketrace.com/cards/9f6229a8e29b675e.webp,5.91,47,12.48,12.48,0,0,True,0,0,0,0,70.99,10,0,0,138,2026-03-11T08:58:38Z,,duplicate of 019bff78-a648-7332-9aa3-a4fc76d1fc67 (kept ex1-16)
dp2-36,019bff83-863e-704c-9304-7d669372b569,Toxicroak,Legendary Treasures,1.28,1.52,90,6,84,2,0,1,0,False,legendary-treasures,63/113,Reverse_Holofoil,Rare,https://cdn.poketrace.com/cards/bef350e5d6e6337a.webp,0.94,60,1.52,1.52,0,0,False,0,0,0,0,0,0,0,0,90,2026-03-11T08:58:38Z,,duplicate of 019bff83-863e-704c-9304-7d669372b569 (kept dp5-31)
xyp-XY68,019c3ac3-ec64-7448-8de1-863052a882dd,Chesnaught,XY Base Set,2.15,2.23,251,15,236,2,0.6,1,0,False,xy-base-set,14/146,Holofoil,Holo Rare,https://cdn.poketrace.com/cards/7a37437507e887ff.webp,1.38,79,2.244,2.244,0,0,True,299.99,1,0,0,0,0,0,0,251,2026-03-11T08:58:38Z,,duplicate of 019c3ac3-ec64-7448-8de1-863052a882dd (kept xy1-14)
swsh12.5-GG23,019bff7a-78f4-707a-bf71-f2bbaf54c169,Dunsparce,Neo Discovery,2.13,0.59,1309,49,1260,2,3.1,1,0,False,neo-discovery,54/75,Unlimited,Common,https://cdn.poketrace.com/cards/1a8ad53274ae82da.webp,0.41,348,0.572,0.572,0,0,True,44.99,5,0,0,24.29,4,15.045714,23.46342,1309,2026-03-11T08:58:38Z,,duplicate of 019bff7a-78f4-707a-bf71-f2bbaf54c169 (kept ex2-60)
ex6-103,019bff7e-fc51-74ac-aafe-c77c641a950b,Multi Energy,Sandstorm,1.29,6.27,96,28,68,2,2.5,1,0,False,sandstorm,93/100,Reverse_Holofoil,Rare,https://cdn.poketrace.com/cards/a35ba34458160e4b.webp,3.23,45,6.428,6.428,0,0,True,0,0,0,0,15.43,5,0,0,96,2026-03-11T08:58:38Z,,duplicate of 019bff7e-fc51-74ac-aafe-c77c641a950b (kept ex16-89)
bw11-72,019bff97-5468-75b8-868d-5d8073e566a8,Gothitelle,SWSH03: Darkness Ablaze,1.79,0.36,332,22,310,2,1.7,1,0,False,swsh03-darkness-ablaze,075/189,Reverse_Holofoil,Rare,https://cdn.poketrace.com/cards/9b83bd68fec3def8.webp,0.27,251,0.366,0.366,0,0,True,13.44,1,0,0,6.25,1,0,0,332,2026-03-11T08:58:38Z,,duplicate of 019bff97-5468-75b8-868d-5d8073e566a8 (kept bw2-47)
ex12-23,019bff77-befb-757f-890c-ec569874524d,Omastar,Fossil,1.56,1.21,3253,118,3135,2,6.6,1,0,False,fossil,40/62,Unlimited,Uncommon,https://cdn.poketrace.com/cards/47143b541bdea43d.webp,0.69,694,1.13,1.13,0,0,True,170,23,0,0,27.77,24,0,0,3253,2026-03-11T08:58:38Z,,duplicate of 019bff77-befb-757f-890c-ec569874524d (kept sm9-76)
ex11-82,019bff77-befa-771d-bab1-58b77c941903,Sandshrew,Base Set,2.15,1.02,4386,182,4204,2,0,1,0,False,base-set,062/102,Normal,Common,https://cdn.poketrace.com/cards/b2605c636764acf7.webp,0.43,1137,1.02,1.02,0,0,True,149.99,27,131.32668,131.32668,25,23,30.232857,30.67091,4386,2026-03-11T08:58:38Z,,duplicate of 019bff77-befa-771d-bab1-58b77c941903 (kept base1-62)
ex9-19,019bff77-befc-77ae-b882-ccf1e283864e,Rhydon,Jungle,1.56,0.94,3575,18,3557,2,8.5,1,0,False,jungle,45/64,Unlimited,Uncommon,https://cdn.poketrace.com/cards/ac2f109980caf9ac.webp,0.58,800,1.02,1.02,0,0,True,0,0,0,0,75,1,0,0,3575,2026-03-11T08:58:38Z,,duplicate of 019bff77-befc-77ae-b882-ccf1e283864e (kept base2-45)
neo3-32,019bff7d-2e13-7175-b43e-a6aee6470bde,Lanturn,Neo Genesis,1.11,0.91,925,6,919,2,4,1,0,False,neo-genesis,038/111,Unlimited,Uncommon,https://cdn.poketrace.com/cards/35c8b7c730452b26.webp,0.53,223,0.874,0.874,0,0,False,0,0,0,0,0,0,0,0,925,2026-03-11T08:58:38Z,,duplicate of 019bff7d-2e13-7175-b43e-a6aee6470bde (kept ex16-15)
ex13-71,,Meowth δ,,1.11,0,0,0,0,0,0,0,0,False,,,,,,0,0,0,0,0,0,False,0,0,0,0,0,0,0,0,0,2026-03-11T08:58:38Z,,
gym1-43,019bff7b-60a6-776a-9f3d-cc64ac62b54f,Erika's Exeggcute,Gym Heroes,2.15,0.56,1516,1,1515,2,5.4,1,0,False,gym-heroes,077/132,Unlimited,Common,https://cdn.poketrace.com/cards/22e4afc9535079dd.webp,0.46,502,0.53,0.53,0,0,False,0,0,0,0,0,0,0,0,1516,2026-03-11T08:58:38Z,,duplicate of 019bff7b-60a6-776a-9f3d-cc64ac62b54f (kept gym1-77)
bw7-57,019bff8e-8808-757d-bbc7-d9448ba6e2a5,Zebstrika,League & Championship Cards,1.56,0.71,291,0,291,1,1.8,3,0,False,league-and-championship-cards,042/114,Reverse_Holofoil,Promo,https://cdn.poketrace.com/cards/02a2d39239312ac3.webp,0.49,155,0.6975,0.6975,0,0,False,0,0,0,0,0,0,0,0,291,2026-03-11T08:58:38Z,,duplicate of 019bff8e-8808-757d-bbc7-d9448ba6e2a5 (kept sm8-82)
sm11-114,019bff7b-60a8-766b-9d0c-2e4e2e11bde5,Garchomp,Legendary Treasures,1.56,7.04,164,18,146,2,4.6,1,0,False,legendary-treasures,96/113,Reverse_Holofoil,Holo Rare,https://cdn.poketrace.com/cards/007a7cc4a465efda.webp,4.7,81,6.718,6.718,0,0,True,0,0,0,0,6.5,3,36.821667,36.821667,164,2026-03-11T08:58:38Z,,duplicate of 019bff7b-60a8-766b-9d0c-2e4e2e11bde5 (kept sm6-62)
sv01-241,019bff96-3f23-77ea-bac9-2e9ff4038a99,Professor's Research,Deck Exclusives,1.56,0.16,853,0,853,1,0,1,0,False,deck-exclusives,178/202,Normal,Rare,https://cdn.poketrace.com/cards/1bf48ad6d63c8e3c.webp,0.07,624,0.16,0.16,0,0,False,0,0,0,0,0,0,0,0,853,2026-03-11T08:58:38Z,,duplicate of 019bff96-3f23-77ea-bac9-2e9ff4038a99 (kept swshp-SWSH152)
ex3-75,019bff82-9f84-7584-9777-22988c6522f6,Swablu,Deoxys,1.29,32.47,205,28,177,2,7.7,1,0,False,deoxys,79/107,Reverse_Holofoil,Common,https://cdn.poketrace.com/cards/0c3f2ee4a922057a.webp,16.78,84,34.96,34.96,0,0,True,230,3,0,0,22.5,1,0,0,205,2026-03-11T08:58:38Z,,duplicate of 019bff82-9f84-7584-9777-22988c6522f6 (kept ex9-67)
swsh10-TG01,019bff89-bc59-76a1-b46c-b74529a1bb19,Abomasnow,XY - BREAKthrough,2.16,0.67,121,13,108,2,1.2,1,0,False,xy-breakthrough,40/162,Reverse_Holofoil,Rare,https://cdn.poketrace.com/cards/8b432c09154b5385.webp,0.42,82,0.662,0.662,0,0,True,64.95,1,0,0,34.95,1,0,0,121,2026-03-11T08:58:38Z,,duplicate of 019bff89-bc59-76a1-b46c-b74529a1bb19 (kept dp7-12)
sv04.5-139,019bff92-de41-7265-b538-309a2bef5a13,Thundurus,SM - Unified Minds,2.16,0.41,194,20,174,2,1,1,0,False,sm-unified-minds,68/236,Reverse_Holofoil,Uncommon,https://cdn.poketrace.com/cards/ac5f51c1d14a88ab.webp,0.33,145,0.414,0.414,0,0,True,65,2,8.52,8.52,10.99,1,0,0,194,2026-03-11T08:58:38Z,,duplicate of 019bff92-de41-7265-b538-309a2bef5a13 (kept svp-209)
pl3-71,019bff7e-fc50-71f0-aee2-693b0b884e14,Minun,POP Series 1,2.16,1.41,426,53,373,2,6.5,1,0,False,pop-series-1,012/017,Normal,Common,https://cdn.poketrace.com/cards/72b68ad002ef3ff3.webp,1.06,294,1.318,1.318,0,0,True,23.5,4,38.833332,38.833332,31,6,0,0,426,2026-03-11T08:58:38Z,,duplicate of 019bff7e-fc50-71f0-aee2-693b0b884e14 (kept pop1-12)
bw1-109,019bff77-bef9-75ac-b16a-e0919825c305,Psychic Energy,Base Set,2.16,0.54,6818,139,6679,2,4.8,1,0,False,base-set,101/102,Normal,Common,https://cdn.poketrace.com/cards/3b1d7eba36236ec9.webp,0.32,2022,0.514,0.514,0,0,True,119,29,119.495,119.495,21.75,31,24.08,24.08,6818,2026-03-11T08:58:38Z,,duplicate of 019bff77-bef9-75ac-b16a-e0919825c305 (kept ecard1-164)
bw5-70,019bff84-6f78-703d-b080-9a045ba7a13a,Zorua,McDonald's Promos 2011,1.11,8.13,257,0,257,1,5.9,1,0,False,mcdonalds-promos-2011,009/012,Holofoil,Promo,https://cdn.poketrace.com/cards/0f748ba133cb0107.webp,3.74,74,8.61,8.61,0,0,False,0,0,0,0,0,0,0,0,257,2026-03-11T08:58:38Z,,duplicate of 019bff84-6f78-703d-b080-9a045ba7a13a (kept bw5-69)
pop9-9,019bff7e-1600-7088-8280-fb34ae53618d,Lopunny,POP Series 9,2.16,0.92,178,15,163,2,0.7,1,0,False,pop-series-9,009/017,Normal,Uncommon,https://cdn.poketrace.com/cards/1b2a551828a05580.webp,0.67,67,0.926,0.926,0,0,True,0,0,0,0,46,2,0,0,178,2026-03-11T08:58:38Z,,duplicate of 019bff7e-1600-7088-8280-fb34ae53618d (kept pl4-21)
ex1-93,019bff7a-78f3-7153-ae67-008a2d81e826,Darkness Energy,Neo Genesis,1.11,5.33,579,24,555,2,0.9,1,0,False,neo-genesis,104/111,Unlimited,Rare,https://cdn.poketrace.com/cards/738f97c3384351ab.webp,3.61,127,5.282,5.282,0,0,True,39,5,0,0,9.51,2,0,0,579,2026-03-11T08:58:38Z,,duplicate of 019bff7a-78f3-7153-ae67-008a2d81e826 (kept neo1-104)
ex1-47,019bff84-6f77-773f-980a-19029b6072de,Vigoroth,Power Keepers,1.56,8.62,123,30,93,2,0,1,0,False,power-keepers,41/108,Reverse_Holofoil,Uncommon,https://cdn.poketrace.com/cards/9bc4b68797f44401.webp,3.95,47,8.62,8.62,0,0,True,299.99,5,134.19,134.19,24.5,6,34.496002,34.496002,123,2026-03-11T08:58:38Z,,duplicate of 019bff84-6f77-773f-980a-19029b6072de (kept tk-xy-b-4)
lc-43,019bff77-befb-757f-890c-d816dfe3216f,Golduck,Fossil,2.16,1.1,3290,125,3165,2,2.9,1,0,False,fossil,35/62,Unlimited,Uncommon,https://cdn.poketrace.com/cards/69a376a4b2675d9c.webp,0.56,775,1.132,1.132,0,0,True,190,25,0,0,80.83,24,0,0,3290,2026-03-11T08:58:38Z,,duplicate of 019bff77-befb-757f-890c-d816dfe3216f (kept dp3-28)
sm5-9,019bff83-863e-704c-9304-0d8c232ed298,Torterra,Diamond and Pearl,1.56,9.59,103,25,78,2,0,1,0,False,diamond-and-pearl,17/130,Reverse_Holofoil,Holo Rare,https://cdn.poketrace.com/cards/795c343cff95b138.webp,7.65,10,9.59,9.59,0,0,True,0,0,0,0,109.22,4,83.153336,83.153336,103,2026-03-11T08:58:38Z,,duplicate of 019bff83-863e-704c-9304-0d8c232ed298 (kept pl1-39)
tk-xy-sy-25,019bff8b-8e0e-7604-a50a-22cb5b0bee21,Fairy Energy,XY - Evolutions,1.56,3.17,757,66,691,2,8.6,1,0,False,xy-evolutions,99/108,Reverse_Holofoil,Common,https://cdn.poketrace.com/cards/10c364670207cd95.webp,2.14,416,2.898,2.898,0,0,True,30,7,90.098,90.098,10,28,11.715714,11.911897,757,2026-03-11T08:58:38Z,,duplicate of 019bff8b-8e0e-7604-a50a-22cb5b0bee21 (kept tk-xy-w-21)
ex6-31,019bff77-bef9-75ac-b16b-224db895485a,Charmeleon,Base Set,1.29,2.75,6358,290,6068,2,8.2,1,0,False,base-set,024/102,Normal,Uncommon,https://cdn.poketrace.com/cards/c922364e82b319e5.webp,1.09,1333,2.524,2.524,0,0,True,150.72,28,169.36,169.36,42.99,23,37.620003,37.620003,6358,2026-03-11T08:58:38Z,,duplicate of 019bff77-bef9-75ac-b16b-224db895485a (kept bw7-19)
hgss1-88,019bff84-6f78-703d-b07e-a8d94bf64302,Wooper,Neo Discovery,1.55,1.62,1623,6,1617,2,4.9,1,0,False,neo-discovery,71/75,Unlimited,Common,https://cdn.poketrace.com/cards/72965b746a0bd167.webp,1.12,508,1.54,1.54,0,0,True,0,0,0,0,0,0,0,0,1623,2026-03-11T08:58:38Z,,duplicate of 019bff84-6f78-703d-b07e-a8d94bf64302 (kept dp3-118)
ex9-41,019bff82-9f85-738b-8710-1e0ee15cf4ed,Swellow,POP Series 1,1.54,0.59,289,45,244,2,2,1,0,False,pop-series-1,015/017,Normal,Common,https://cdn.poketrace.com/cards/287ce093f4254d90.webp,0.52,178,0.602,0.602,0,0,True,35,3,37.25,37.25,9,5,9.566667,9.566667,289,2026-03-11T08:58:38Z,,duplicate of 019bff82-9f85-738b-8710-1e0ee15cf4ed (kept ex1-46)
ex5-74,019bff82-9f84-7584-9773-f6e56e91c3ac,Spheal,Legend Maker,2.16,18.87,244,59,185,2,16.5,1,0,False,legend-maker,65/92,Reverse_Holofoil,Common,https://cdn.poketrace.com/cards/bcfb9338fb50af55.webp,13.42,100,15.75,15.75,0,0,True,123.4,6,113.596664,113.596664,73.72,16,39.458572,38.420555,244,2026-03-11T08:58:38Z,,duplicate of 019bff82-9f84-7584-9773-f6e56e91c3ac (kept pl2-82)
base1-56,019bff77-befa-771d-bab1-3ebb18d8dad8,Onix,Base Set,1.11,0.68,4009,183,3826,2,0,1,0,False,base-set,056/102,Normal,Common,https://cdn.poketrace.com/cards/873d522f5547e77f.webp,0.42,273,0.68,0.68,0,0,True,81.15,32,93.71,93.71,34.99,29,32.9925,32.9925,4009,2026-03-11T08:58:38Z,,duplicate of 019bff77-befa-771d-bab1-3ebb18d8dad8 (kept neo1-69)
ex14-30,,Charmeleon δ,,2.16,0,0,0,0,0,0,0,0,False,,,,,,0,0,0,0,0,0,False,0,0,0,0,0,0,0,0,0,2026-03-11T08:58:38Z,,
dv1-6,019bff78-a647-717f-a4e1-4dc5f266d6db,Bagon,Dragon,1.55,4.03,174,36,138,2,10,1,0,False,dragon,50/97,Reverse_Holofoil,Common,https://cdn.poketrace.com/cards/e7b22bb64dfeecfa.webp,2.4,84,3.626,3.626,0,0,True,300,4,143.82571,128.29056,26.1,3,52.91,43.5675,174,2026-03-11T08:58:38Z,,duplicate of 019bff78-a647-717f-a4e1-4dc5f266d6db (kept ex3-23)
ex2-19,019bff77-befb-757f-890c-ec569874524d,Omastar,Fossil,1.54,1.21,3253,118,3135,2,6.6,1,0,False,fossil,40/62,Unlimited,Uncommon,https://cdn.poketrace.com/cards/47143b541bdea43d.webp,0.69,694,1.13,1.13,0,0,True,170,23,0,0,27.77,24,0,0,3253,2026-03-11T08:58:38Z,,duplicate of 019bff77-befb-757f-890c-ec569874524d (kept sm9-76)
hgss1-51,019bff81-ba5b-72b4-ae79-743fa36c60a0,Skiploom,Neo Revelation,1.29,0.72,1303,0,1303,1,0.3,1,0,False,neo-revelation,52/64,Unlimited,Common,https://cdn.poketrace.com/cards/bb3ed58e04c485f4.webp,0.53,332,0.722,0.722,0,0,False,0,0,0,0,0,0,0,0,1303,2026-03-11T08:58:38Z,,duplicate of 019bff81-ba5b-72b4-ae79-743fa36c60a0 (kept ex7-49)
lc-58,019bff77-befb-757f-890c-ec569874524d,Omastar,Fossil,2.17,1.21,3253,118,3135,2,6.6,1,0,False,fossil,40/62,Unlimited,Uncommon,https://cdn.poketrace.com/cards/47143b541bdea43d.webp,0.69,694,1.13,1.13,0,0,True,170,23,0,0,27.77,24,0,0,3253,2026-03-11T08:58:38Z,,duplicate of 019bff77-befb-757f-890c-ec569874524d (kept sm9-76)
ex14-39,019bff7f-e2b8-7168-a03c-a6e66784d7d9,Nuzleaf,Hidden Legends,1.55,5.34,129,39,90,2,0.3,1,0,False,hidden-legends,45/101,Reverse_Holofoil,Uncommon,https://cdn.poketrace.com/cards/3c39db2f1dae2daf.webp,2.35,38,5.358,5.358,0,0,True,119.99,1,0,0,27.77,10,16.118572,19.534445,129,2026-03-11T08:58:38Z,,duplicate of 019bff7f-e2b8-7168-a03c-a6e66784d7d9 (kept ex2-49)
ex7-58,019bff77-befb-757f-890d-1139327a2132,Horsea,Fossil,2.17,0.42,9053,1,9052,2,2.4,1,0,False,fossil,49/62,Unlimited,Common,https://cdn.poketrace.com/cards/bff6acadcec2a5e5.webp,0.27,1521,0.41,0.41,0,0,True,0,0,0,0,0,0,0,0,9053,2026-03-11T08:58:38Z,,duplicate of 019bff77-befb-757f-890d-1139327a2132 (kept neo1-62)
ex4-66,019bff86-38c6-7658-a5ca-de9ad93197eb,Team Magma's Poochyena,Double Crisis,1.3,8.27,176,15,161,2,0.8,1,0,False,double-crisis,17/34,Reverse_Holofoil,Common,https://cdn.poketrace.com/cards/dc519d27620115a5.webp,8.3,92,8.206,8.206,0,0,False,0,0,0,0,0,0,0,0,176,2026-03-11T08:58:38Z,,duplicate of 019bff86-38c6-7658-a5ca-de9ad93197eb (kept dc1-17)
base4-60,019bff77-befc-77ae-b882-d38197854925,Seaking,Jungle,1.11,0.94,2956,3,2953,2,3.6,1,0,False,jungle,46/64,Unlimited,Uncommon,https://cdn.poketrace.com/cards/8341a83321e9e5cb.webp,0.62,751,0.906,0.906,0,0,False,0,0,0,0,0,0,0,0,2956,2026-03-11T08:58:38Z,,duplicate of 019bff77-befc-77ae-b882-d38197854925 (kept ex8-24)
xy4-36,019bff84-6f78-703d-b07e-62e9a8fba298,Wobbuffet,Sandstorm,1.3,5.08,135,35,100,2,0,1,0,False,sandstorm,26/100,Reverse_Holofoil,Rare,https://cdn.poketrace.com/cards/8c8845e4bfd53ba2.webp,4.83,45,5.08,5.08,0,0,True,175,5,0,0,60,2,0,0,135,2026-03-11T08:58:38Z,,duplicate of 019bff84-6f78-703d-b07e-62e9a8fba298 (kept ex12-28)
ex16-20,019bff77-befb-757f-890c-ec569874524d,Omastar,Fossil,1.55,1.21,3253,118,3135,2,6.6,1,0,False,fossil,40/62,Unlimited,Uncommon,https://cdn.poketrace.com/cards/47143b541bdea43d.webp,0.69,694,1.13,1.13,0,0,True,170,23,0,0,27.77,24,0,0,3253,2026-03-11T08:58:38Z,,duplicate of 019bff77-befb-757f-890c-ec569874524d (kept sm9-76)
pl3-24,019bff77-bef9-75ac-b16b-276e75a6615a,Dewgong,Base Set,1.1,3.71,3168,151,3017,2,2.3,1,0,False,base-set,025/102,Normal,Uncommon,https://cdn.poketrace.com/cards/0617d90e28789b7a.webp,1.53,733,3.624,3.624,0,0,True,194.99,26,145.995,145.995,40,25,0,0,3047,2026-03-11T08:58:38Z,,duplicate of 019bff77-bef9-75ac-b16b-276e75a6615a (kept lc-40)
xy12-70,019bff77-bef9-75ac-b16b-3ab0c302a008,Chansey,Base Set,2.17,45.54,2372,372,2000,2,7.5,1,0,False,base-set,003/102,Holofoil,Holo Rare,https://cdn.poketrace.com/cards/964fed83007d0ba8.webp,23.96,291,42.122,42.122,0,0,True,4999,31,0,0,315,19,323.28,323.28,2372,2026-03-11T08:58:38Z,,duplicate of 019bff77-bef9-75ac-b16b-3ab0c302a008 (kept ex10-20)
sm4-90,019bff95-4414-759b-8e08-f74c67bafe02,Silvally GX,SM - Cosmic Eclipse,2.18,5.91,1112,159,953,2,2,1,0,False,sm-cosmic-eclipse,184/236,Holofoil,Ultra Rare,https://cdn.poketrace.com/cards/67ecc07cddcca8e9.webp,4.69,806,6.028,6.028,0,0,True,79.99,31,71.009285,54.62942,25,30,26,26,1112,2026-03-11T08:58:38Z,,duplicate of 019bff95-4414-759b-8e08-f74c67bafe02 (kept sm5-116)
swsh4.5-SV042,019bffa3-0690-7079-959c-f96d3911818c,Toxtricity,Crown Zenith: Galarian Gallery,1.55,2.28,7657,365,7292,2,1.6,1,0,False,crown-zenith-galarian-gallery,GG09/GG70,Holofoil,Ultra Rare,https://cdn.poketrace.com/cards/3741b6195ab5fed5.webp,2.24,6884,2.244,2.244,0,0,True,80,38,58.01071,61.341667,18.33,39,17.348572,17.805,7657,2026-03-11T08:58:38Z,,duplicate of 019bffa3-0690-7079-959c-f96d3911818c (kept swsh12.5-GG09)
swshp-SWSH058,019bff9d-c5dd-752a-bcc5-7a5b50d7ef86,Alcremie,SWSH09: Brilliant Stars Trainer Gallery,1.54,2.26,5105,224,4881,2,1.2,1,0,False,swsh09-brilliant-stars-trainer-gallery,TG08/TG30,Holofoil,Ultra Rare,https://cdn.poketrace.com/cards/fdaa72d372a98bf5.webp,2.45,4248,2.232,2.232,0,0,True,71,29,75.495,75.495,11.75,32,9.75,9.75,5105,2026-03-11T08:58:38Z,,duplicate of 019bff9d-c5dd-752a-bcc5-7a5b50d7ef86 (kept swsh4.5-SV058)
ex13-49,,Pidgeotto δ,,1.54,0,0,0,0,0,0,0,0,False,,,,,,0,0,0,0,0,0,False,0,0,0,0,0,0,0,0,0,2026-03-11T08:58:38Z,,
swshp-SWSH224,019bff9f-d1f8-711e-a21d-ea16e0bece55,Melmetal V,Pokemon GO,2.18,0.71,3883,137,3746,2,2.8,1,0,False,pokemon-go,047/078,Holofoil,Ultra Rare,https://cdn.poketrace.com/cards/2e7b34a28cd20162.webp,0.78,3314,0.69,0.69,0,0,True,2,20,0,0,11,8,0,0,3883,2026-03-11T08:58:38Z,,duplicate of 019bff9f-d1f8-711e-a21d-ea16e0bece55 (kept swsh10.5-075)
pl2-59,019bff77-befc-77ae-b882-e552f68bfcb4,Eevee,Jungle,1.54,1.96,10515,25,10490,2,22.8,1,0,False,jungle,51/64,Unlimited,Common,https://cdn.poketrace.com/cards/98f4a0868011f1bd.webp,0.69,2612,1.514,1.514,0,0,True,150,4,169.5,169.5,0,0,0,0,10515,2026-03-11T08:58:38Z,,duplicate of 019bff77-befc-77ae-b882-e552f68bfcb4 (kept sm5-105)
swshp-SWSH012,019bff99-7af0-71d4-a48e-6a8848e23d2e,Morpeko,Shining Fates: Shiny Vault,1.54,7.02,767,56,711,2,2.8,1,0,False,shining-fates-shiny-vault,SV044/SV122,Holofoil,Shiny Holo Rare,https://cdn.poketrace.com/cards/ba76961beba77c2b.webp,5.12,592,6.824,6.824,0,0,True,47,21,0,0,13.5,13,0,0,767,2026-03-11T08:58:38Z,,duplicate of 019bff99-7af0-71d4-a48e-6a8848e23d2e (kept swshp-SWSH116)
ex6-39,019bff77-befa-771d-bab1-347e0b95717e,Metapod,Base Set,1.29,1.04,4018,164,3854,2,7.5,1,0,False,base-set,054/102,Normal,Common,https://cdn.poketrace.com/cards/a05dd3f1b25c3c25.webp,0.42,1001,0.962,0.962,0,0,True,65,28,70,70,45,24,40.5,40.5,4018,2026-03-11T08:58:38Z,,duplicate of 019bff77-befa-771d-bab1-347e0b95717e (kept base1-54)
pl1-29,019bff77-befb-757f-890c-d816dfe3216f,Golduck,Fossil,1.3,1.1,3290,125,3165,2,2.9,1,0,False,fossil,35/62,Unlimited,Uncommon,https://cdn.poketrace.com/cards/69a376a4b2675d9c.webp,0.56,775,1.132,1.132,0,0,True,190,25,0,0,80.83,24,0,0,3290,2026-03-11T08:58:38Z,,duplicate of 019bff77-befb-757f-890c-d816dfe3216f (kept dp3-28)
dp4-19,019bff7d-2e10-7263-8141-8f2383aaa1c8,Hypno,Legendary Collection,1.54,6.87,220,150,70,2,1.4,1,0,False,legendary-collection,025/110,Reverse_Holofoil,Rare,https://cdn.poketrace.com/cards/ec5ed1111625f5b2.webp,86.08,41,6.965,6.965,0,0,True,1106.27,11,272.53857,282.71237,254.99,22,220.36429,138.35275,220,2026-03-11T08:58:38Z,,duplicate of 019bff7d-2e10-7263-8141-8f2383aaa1c8 (kept ex11-23)
swshp-SWSH031,019bff99-7af0-71d4-a48e-6a8848e23d2e,Morpeko,Shining Fates: Shiny Vault,1.54,7.02,767,56,711,2,2.8,1,0,False,shining-fates-shiny-vault,SV044/SV122,Holofoil,Shiny Holo Rare,https://cdn.poketrace.com/cards/ba76961beba77c2b.webp,5.12,592,6.824,6.824,0,0,True,47,21,0,0,13.5,13,0,0,767,2026-03-11T08:58:38Z,,duplicate of 019bff99-7af0-71d4-a48e-6a8848e23d2e (kept swshp-SWSH116)
bw8-58,019bff77-befb-757f-890d-0079985bea7a,Weezing,Fossil,2.19,1.25,3015,140,2875,2,12.2,1,0,False,fossil,45/62,Unlimited,Uncommon,https://cdn.poketrace.com/cards/7a70fe608d4cbc63.webp,0.71,694,1.098,1.098,0,0,True,94.97,26,154.99,154.99,15.04,19,16.335714,21.857222,3015,2026-03-11T08:58:38Z,,duplicate of 019bff77-befb-757f-890d-0079985bea7a (kept ex11-33)
ex11-103,019bff7a-78f3-7153-ae67-008a2d81e826,Darkness Energy,Neo Genesis,1.54,5.33,579,24,555,2,0.9,1,0,False,neo-genesis,104/111,Unlimited,Rare,https://cdn.poketrace.com/cards/738f97c3384351ab.webp,3.61,127,5.282,5.282,0,0,True,39,5,0,0,9.51,2,0,0,579,2026-03-11T08:58:38Z,,duplicate of 019bff7a-78f3-7153-ae67-008a2d81e826 (kept neo1-104)
sm7-10,019bff81-ba59-7208-a49a-789534391408,Sceptile,Ruby and Sapphire,1.54,25.13,153,51,102,2,1,1,0,False,ruby-and-sapphire,20/109,Reverse_Holofoil,Rare,https://cdn.poketrace.com/cards/897fed0571bdfa34.webp,15.85,39,24.876,24.876,0,0,True,120,4,0,0,84.58,16,0,0,153,2026-03-11T08:58:38Z,,duplicate of 019bff81-ba59-7208-a49a-789534391408 (kept pl4-31)
hgss2-63,019bff77-befa-771d-bab1-5e808891d9ee,Squirtle,Base Set,1.54,5.97,9284,391,8893,2,8.4,1,0,False,base-set,063/102,Normal,Common,https://cdn.poketrace.com/cards/b2c54c8ecee01611.webp,2.46,2142,5.47,5.47,0,0,True,299.99,58,278.05142,274.83636,56.333332,41,48.979168,48.979168,9284,2026-03-11T08:58:38Z,,duplicate of 019bff77-befa-771d-bab1-5e808891d9ee (kept dp3-112)
swsh7-7,019bffa4-08c2-73d1-9af8-06682c5306af,Leafeon V,Crown Zenith,2.19,1.73,5408,249,5159,2,3.5,1,0,False,crown-zenith,013/159,Holofoil,Ultra Rare,https://cdn.poketrace.com/cards/77a1c05f7732c886.webp,1.53,4880,1.67,1.67,0,0,True,31,33,0,0,19,26,16.994999,16.994999,5408,2026-03-11T08:58:38Z,,duplicate of 019bffa4-08c2-73d1-9af8-06682c5306af (kept swsh12.5-013)
sv08.5-073,019bffb0-7845-751b-84c6-cbe5dcb44750,Dragapult ex,SV06: Twilight Masquerade,1.1,1.39,19466,203,19263,2,20.1,1,0,False,sv06-twilight-masquerade,130/167,Holofoil,Double Rare,https://cdn.poketrace.com/cards/2bf827bfb505cfc2.webp,1.35,18017,1.67,1.67,0,0,True,40,28,0,0,14.99,18,0,0,19398,2026-03-11T08:58:38Z,,duplicate of 019bffb0-7845-751b-84c6-cbe5dcb44750 (kept sv06-130)
mep-007,019bff77-befb-757f-890d-2163377fca85,Psyduck,Fossil,2.19,1.36,8931,0,8931,1,12.9,1,0,False,fossil,53/62,Unlimited,Common,https://cdn.poketrace.com/cards/ebdd33f468208539.webp,0.61,2170,1.536,1.536,0,0,False,0,0,0,0,0,0,0,0,8931,2026-03-11T08:58:38Z,,duplicate of 019bff77-befb-757f-890d-2163377fca85 (kept bw7-33)
dp6-112,019bff77-befc-77ae-b883-01dbb4d2018f,Oddish,Jungle,2.18,0.37,6894,0,6894,1,8.1,1,0,False,jungle,58/64,Unlimited,Common,https://cdn.poketrace.com/cards/fd5700d410da0ee2.webp,0.31,1440,0.4,0.4,0,0,False,0,0,0,0,0,0,0,0,6894,2026-03-11T08:58:38Z,,duplicate of 019bff77-befc-77ae-b883-01dbb4d2018f (kept ecard1-122)
ex1-34,019bff7d-2e12-77f0-9b55-7a29bf11ab39,Kirlia,Delta Species,2.19,18.99,148,53,95,2,9.1,1,0,False,delta-species,47/113,Reverse_Holofoil,Uncommon,https://cdn.poketrace.com/cards/44fcc7557fffd723.webp,12.72,57,17.26,17.26,0,0,True,375,18,0,0,60,10,32.27714,30.715555,148,2026-03-11T08:58:38Z,,duplicate of 019bff7d-2e12-77f0-9b55-7a29bf11ab39 (kept bw11-RC9)
bw3-46,019bffc8-5c95-757c-aede-30aee13678ba,Cofagrigus,SV08: Surging Sparks,2.19,0.22,1395,13,1382,2,3.6,1,0,False,sv08-surging-sparks,083/191,Reverse_Holofoil,Rare,https://cdn.poketrace.com/cards/55ccc0f0f320f215.webp,0.14,1291,0.228,0.228,0,0,True,0,0,0,0,0,0,0,0,1395,2026-03-11T08:58:38Z,,duplicate of 019bffc8-5c95-757c-aede-30aee13678ba (kept sm8-100)
neo1-23,019bff7e-1601-757e-bd2d-141739081cfb,Magby,Neo Genesis,1.54,2.48,1105,89,1016,2,1.6,1,0,False,neo-genesis,023/111,Unlimited,Rare,https://cdn.poketrace.com/cards/fee5aa6ed5e63b86.webp,1.39,221,2.44,2.44,0,0,True,59,9,50.068573,50.72,18.3,20,15.894285,14.477058,1105,2026-03-11T08:58:38Z,,duplicate of 019bff7e-1601-757e-bd2d-141739081cfb (kept ex12-58)
base4-87,019bff77-befc-77ae-b883-0afaca693ed3,Pikachu,Jungle,2.19,4.17,10106,70,10036,2,3,1,0,False,jungle,60/64,Unlimited,Common,https://cdn.poketrace.com/cards/2dce032950d00652.webp,1.74,2433,4.046,4.046,0,0,True,270,8,360.11667,360.11667,56.035,11,45.23357,45.828125,10106,2026-03-11T08:58:38Z,,duplicate of 019bff77-befc-77ae-b883-0afaca693ed3 (kept g1-RC29)
neo1-36,019bff77-befc-77ae-b882-ae455dc48a59,Gloom,Jungle,1.53,0.61,3782,0,3782,1,1,1,0,False,jungle,37/64,Unlimited,Uncommon,https://cdn.poketrace.com/cards/eaf6b094732230a9.webp,0.5,845,0.616,0.616,0,0,False,0,0,0,0,0,0,0,0,3782,2026-03-11T08:58:38Z,,duplicate of 019bff77-befc-77ae-b882-ae455dc48a59 (kept base2-37)
hgss4-30,019bff81-ba5a-741b-bef4-e6bf501b7c3b,Sharpedo,Ruby and Sapphire,1.3,15.24,116,38,78,2,25.2,1,0,False,ruby-and-sapphire,22/109,Reverse_Holofoil,Rare,https://cdn.poketrace.com/cards/f61765b52ad61574.webp,6.4,37,11.406,11.406,0,0,True,97.4,2,0,0,87.99,8,0,0,116,2026-03-11T08:58:38Z,,duplicate of 019bff81-ba5a-741b-bef4-e6bf501b7c3b (kept ex1-22)
xy3-17,019bff77-bef9-75ac-b16a-f1cf5e1f63dd,Poliwrath,Base Set,1.3,26.58,3098,407,2691,2,3.6,1,0,False,base-set,013/102,Holofoil,Holo Rare,https://cdn.poketrace.com/cards/e3e83e1de84ed63c.webp,19.01,319,25.624,25.624,0,0,True,990,36,1022.5,1022.5,120,34,124.00429,123.71286,3098,2026-03-11T08:58:38Z,,duplicate of 019bff77-bef9-75ac-b16a-f1cf5e1f63dd (kept xy12-25)
bw5-71,019bff84-6f78-703d-b080-8469ad976512,Zoroark,Next Destinies,1.1,195.14,141,91,50,2,0,1,0,False,next-destinies,102/99,Holofoil,Secret Rare,https://cdn.poketrace.com/cards/fe65f6db13031384.webp,160.35,22,195.05,195.05,0,0,True,1250,1,0,0,425,30,368.56714,230.52759,108,2026-03-11T08:58:38Z,,duplicate of 019bff84-6f78-703d-b080-8469ad976512 (kept bw2-67)
tk-xy-sy-6,019bff8b-8e0e-7604-a50a-22cb5b0bee21,Fairy Energy,XY - Evolutions,2.2,3.17,757,66,691,2,8.6,1,0,False,xy-evolutions,99/108,Reverse_Holofoil,Common,https://cdn.poketrace.com/cards/10c364670207cd95.webp,2.14,416,2.898,2.898,0,0,True,30,7,90.098,90.098,10,28,11.715714,11.911897,757,2026-03-11T08:58:38Z,,duplicate of 019bff8b-8e0e-7604-a50a-22cb5b0bee21 (kept tk-xy-w-21)
bw3-41,019bff8c-7244-7168-b577-a45c8c3d2143,Eelektross,SM - Burning Shadows,2.2,0.27,219,18,201,2,1.5,1,0,False,sm-burning-shadows,46/147,Reverse_Holofoil,Rare,https://cdn.poketrace.com/cards/72fd7aea540b5bc9.webp,0.27,167,0.274,0.274,0,0,True,0,0,0,0,25.41,2,0,0,219,2026-03-11T08:58:38Z,,duplicate of 019bff8c-7244-7168-b577-a45c8c3d2143 (kept bw10-33)
dp3-25,019bff7a-78f5-732c-acbf-7c906494b0fe,Electivire,Diamond and Pearl,1.1,11.26,225,43,182,2,1,1,0,False,diamond-and-pearl,3/130,Reverse_Holofoil,Holo Rare,https://cdn.poketrace.com/cards/6a301d94c6f1a7b5.webp,3.38,54,11.376,11.376,0,0,True,70,1,0,0,45,12,50.74643,50.59773,196,2026-03-11T08:58:38Z,,duplicate of 019bff7a-78f5-732c-acbf-7c906494b0fe (kept bw7-54)
ex6-41,019bff77-befa-771d-bab0-e987dbed6808,Nidorino,Base Set,1.1,2.7,3026,149,2877,2,26.4,1,0,False,base-set,037/102,Normal,Uncommon,https://cdn.poketrace.com/cards/8591341b4a04899c.webp,1.25,753,3.412,3.412,0,0,True,233.32,30,0,0,35,21,0,0,2907,2026-03-11T08:58:38Z,,duplicate of 019bff77-befa-771d-bab0-e987dbed6808 (kept base4-54)
dp3-53,019bff7d-2e12-77f0-9b55-7a29bf11ab39,Kirlia,Delta Species,1.3,18.99,148,53,95,2,9.1,1,0,False,delta-species,47/113,Reverse_Holofoil,Uncommon,https://cdn.poketrace.com/cards/44fcc7557fffd723.webp,12.72,57,17.26,17.26,0,0,True,375,18,0,0,60,10,32.27714,30.715555,148,2026-03-11T08:58:38Z,,duplicate of 019bff7d-2e12-77f0-9b55-7a29bf11ab39 (kept bw11-RC9)
ex1-39,019bff7e-1601-757e-bd2f-60358ae70390,Manectric,Emerald,1.53,29.32,160,46,114,2,0,1,0,False,emerald,7/106,Reverse_Holofoil,Holo Rare,https://cdn.poketrace.com/cards/ee28407680026bda.webp,25.99,58,29.32,29.32,0,0,True,324.88,2,173.52715,174.77374,71,11,48.36429,39.63117,160,2026-03-11T08:58:38Z,,duplicate of 019bff7e-1601-757e-bd2f-60358ae70390 (kept ex9-16)
ex9-13,019bff7c-4504-758b-a7c9-202b642cee4b,Glalie,Hidden Legends,1.1,6.6,225,41,184,2,4,1,0,False,hidden-legends,34/101,Reverse_Holofoil,Uncommon,https://cdn.poketrace.com/cards/58de645fadd8aa08.webp,2.24,88,6.336,6.336,0,0,True,115.35,2,0,0,39.99,10,0,0,198,2026-03-11T08:58:38Z,,duplicate of 019bff7c-4504-758b-a7c9-202b642cee4b (kept ex16-30)
ex15-41,,Togepi δ,,1.53,0,0,0,0,0,0,0,0,False,,,,,,0,0,0,0,0,0,False,0,0,0,0,0,0,0,0,0,2026-03-11T08:58:38Z,,
ex1-60,019bff7e-fc51-74ac-aafe-8589681a2667,Mudkip,Crystal Guardians,1.31,37.53,360,101,259,2,0,1,0,False,crystal-guardians,57/100,Reverse_Holofoil,Common,https://cdn.poketrace.com/cards/0776e5c1263b0fe1.webp,18.77,85,37.53,37.53,0,0,True,1095,8,0,0,150.05,27,0,0,360,2026-03-11T08:58:38Z,,duplicate of 019bff7e-fc51-74ac-aafe-8589681a2667 (kept ex1-59)
ex8-20,019bff7e-1601-757e-bd2d-43dd54525070,Magcargo,Neo Revelation,2.21,1.48,616,0,616,1,0.3,1,0,False,neo-revelation,33/64,Unlimited,Uncommon,https://cdn.poketrace.com/cards/645fe6626ab4e09d.webp,1.06,142,1.476,1.476,0,0,False,0,0,0,0,0,0,0,0,616,2026-03-11T08:58:38Z,,duplicate of 019bff7e-1601-757e-bd2d-43dd54525070 (kept ex10-41)
bw2-76,019bff8a-a5c1-7149-81da-f5e4aa82d596,Klinklang,XY - Steam Siege,1.1,0.37,241,16,225,2,2.2,1,0,False,xy-steam-siege,73/114,Reverse_Holofoil,Holo Rare,https://cdn.poketrace.com/cards/00079a622fdda26a.webp,0.25,151,0.362,0.362,0,0,False,0,0,0,0,0,0,0,0,241,2026-03-11T08:58:38Z,,duplicate of 019bff8a-a5c1-7149-81da-f5e4aa82d596 (kept bw5-77)
ex6-99,019bff82-9f84-7584-9776-d354c0da1436,Super Scoop Up,Neo Genesis,1.53,1.24,516,22,494,2,1.8,1,0,False,neo-genesis,098/111,Unlimited,Uncommon,https://cdn.poketrace.com/cards/731e7e37b6334748.webp,0.71,197,1.218,1.218,0,0,True,0,0,0,0,18.57,2,22.01,22.01,516,2026-03-11T08:58:38Z,,duplicate of 019bff82-9f84-7584-9776-d354c0da1436 (kept dp5-87)
base4-116,019bff77-befa-771d-bab1-b56fd637580d,Professor Oak,Base Set,1.31,1.26,4755,184,4571,2,5.6,1,0,False,base-set,088/102,Normal,Uncommon,https://cdn.poketrace.com/cards/0d815b04a261801e.webp,0.73,1106,1.19,1.19,0,0,True,100,31,0,0,55,30,46.467503,46.467503,4755,2026-03-11T08:58:38Z,,duplicate of 019bff77-befa-771d-bab1-b56fd637580d (kept base1-88)
swshp-SWSH096,019bff96-3f24-733d-8f2b-4394cf05f40e,Dragapult V,SWSH02: Rebel Clash,2.21,1.66,1263,90,1173,2,4.1,1,0,False,swsh02-rebel-clash,092/192,Holofoil,Ultra Rare,https://cdn.poketrace.com/cards/d20f7e2fb4046cdd.webp,1.75,1014,1.728,1.728,0,0,True,35,29,0,0,10.99,17,0,0,1263,2026-03-11T08:58:38Z,,duplicate of 019bff96-3f24-733d-8f2b-4394cf05f40e (kept swsh2-92)
sm5-65,019bff97-5466-7019-963f-5fffb9fdd1a6,Rampardos,Deck Exclusives,1.31,2.39,238,5,233,2,0,1,0,False,deck-exclusives,033/123,Holofoil,Holo Rare,https://cdn.poketrace.com/cards/5200f8e8431dbb39.webp,2.79,2,2.39,2.39,0,0,False,0,0,0,0,0,0,0,0,238,2026-03-11T08:58:38Z,,duplicate of 019bff97-5466-7019-963f-5fffb9fdd1a6 (kept pop6-5)
swshp-SWSH132,019bff99-7af1-7262-a092-9472d63faf5a,Dragapult,Shining Fates: Shiny Vault,2.21,2.16,1414,164,1250,2,5.4,1,0,False,shining-fates-shiny-vault,SV062/SV122,Holofoil,Shiny Holo Rare,https://cdn.poketrace.com/cards/8746b948d6272eca.webp,1.43,1169,2.044,2.044,0,0,True,20.5,28,0,0,5.61,25,0,0,1414,2026-03-11T08:58:38Z,,duplicate of 019bff99-7af1-7262-a092-9472d63faf5a (kept swsh4.5-SV062)
ex2-18,019bff7d-2e12-77f0-9b54-f4444fddd8ce,Kecleon,Legend Maker,1.52,21.9,172,42,130,2,9,1,0,False,legend-maker,37/92,Reverse_Holofoil,Uncommon,https://cdn.poketrace.com/cards/bfc5f196dc40810b.webp,15,71,19.936,19.936,0,0,True,320,3,0,0,80,12,0,0,172,2026-03-11T08:58:38Z,,duplicate of 019bff7d-2e12-77f0-9b54-f4444fddd8ce (kept sv08-213)
g1-RC23,019bff82-9f84-7584-9777-22988c6522f6,Swablu,Deoxys,1.09,32.47,205,28,177,2,7.7,1,0,False,deoxys,79/107,Reverse_Holofoil,Common,https://cdn.poketrace.com/cards/0c3f2ee4a922057a.webp,16.78,84,34.96,34.96,0,0,True,230,3,0,0,22.5,1,0,0,192,2026-03-11T08:58:38Z,,duplicate of 019bff82-9f84-7584-9777-22988c6522f6 (kept ex9-67)
ex5-40,019bff7e-1601-757e-bd2c-1589564d98b7,Luvdisc,POP Series 2,2.2,1.22,319,47,272,2,1.8,1,0,False,pop-series-2,014/017,Normal,Common,https://cdn.poketrace.com/cards/985b401f8a444402.webp,0.9,124,1.198,1.198,0,0,True,34.99,4,26.33,26.33,0,0,0,0,319,2026-03-11T08:58:38Z,,duplicate of 019bff7e-1601-757e-bd2c-1589564d98b7 (kept pop2-14)
tk-xy-b-26,019bff81-ba5b-72b4-ae7a-294bd2f2006f,Slakoth,Mysterious Treasures,2.22,7.59,153,13,140,2,8.3,1,0,False,mysterious-treasures,99/123,Reverse_Holofoil,Common,https://cdn.poketrace.com/cards/7e9510ccc77e1a67.webp,3.11,92,6.958,6.958,0,0,True,0,0,0,0,0,0,0,0,153,2026-03-11T08:58:38Z,,duplicate of 019bff81-ba5b-72b4-ae7a-294bd2f2006f (kept ex1-45)
swshp-SWSH259,019bffa1-0211-748e-aa97-1c0502e7beea,Giratina V,SWSH11: Lost Origin,2.2,1.26,5912,292,5620,2,2.7,1,0,False,swsh11-lost-origin,130/196,Holofoil,Ultra Rare,https://cdn.poketrace.com/cards/2fc6874c8b1ae4e1.webp,1.39,5483,1.226,1.226,0,0,True,44,37,41,41,15,24,15.0671425,12.24075,5912,2026-03-11T08:58:38Z,,duplicate of 019bffa1-0211-748e-aa97-1c0502e7beea (kept swsh11-130)
ex2-45,019bff7e-1600-7088-8280-df436f479756,Lombre,Crystal Guardians,2.22,5.85,169,38,131,2,1.1,1,0,False,crystal-guardians,37/100,Reverse_Holofoil,Uncommon,https://cdn.poketrace.com/cards/11625ab053b32399.webp,4.08,58,5.784,5.784,0,0,True,150,4,65.486664,65.486664,28,4,18,18,169,2026-03-11T08:58:38Z,,duplicate of 019bff7e-1600-7088-8280-df436f479756 (kept ex2-46)
hgss4-28,019bff77-befb-757f-890a-bb4a3a8cd6b4,Nidoqueen,Base Set 2,1.09,24.95,1065,216,849,2,1,1,0,False,base-set-2,012/130,Holofoil,Holo Rare,https://cdn.poketrace.com/cards/5101addaf425b819.webp,16.53,114,24.692,24.692,0,0,True,897.65,5,0,0,174.68,21,148.59,148.59,871,2026-03-11T08:58:38Z,,duplicate of 019bff77-befb-757f-890a-bb4a3a8cd6b4 (kept xy5-69)
xy2-88a,019c3ac3-ec69-768f-9593-40e46ad5f151,Blacksmith,XY - Flashfire,2.22,1.57,825,21,804,2,0.6,1,0,False,xy-flashfire,88/106,Normal,Uncommon,https://cdn.poketrace.com/cards/73623a6ca3955506.webp,1.05,244,1.56,1.56,0,0,True,0,0,0,0,0,0,0,0,825,2026-03-11T08:58:38Z,,duplicate of 019c3ac3-ec69-768f-9593-40e46ad5f151 (kept xy2-88)
ex6-40,019bff77-befc-77ae-b882-bb73d41c81b8,Nidorina,Jungle,2.22,0.49,4238,4,4234,2,6.1,1,0,False,jungle,40/64,Unlimited,Uncommon,https://cdn.poketrace.com/cards/42a690b210dd5b5d.webp,0.37,1025,0.46,0.46,0,0,True,49,1,0,0,0,0,0,0,4238,2026-03-11T08:58:38Z,,duplicate of 019bff77-befc-77ae-b882-bb73d41c81b8 (kept lc-55)
ex10-30,019bff7e-fc51-74ac-aaff-0de59c05d9ae,Murkrow,Neo Revelation,1.52,0.74,1642,45,1597,2,1.6,1,0,False,neo-revelation,46/64,Unlimited,Common,https://cdn.poketrace.com/cards/c2f414791fe41573.webp,0.62,369,0.752,0.752,0,0,True,65,5,76.37572,65.144,25,4,17.637142,23.136957,1642,2026-03-11T08:58:38Z,,duplicate of 019bff7e-fc51-74ac-aaff-0de59c05d9ae (kept ex2-47)
ex10-38,019bff79-8e10-76e9-bb0f-968d82e42854,Croconaw,Unseen Forces,1.52,21.33,162,83,79,2,0,1,0,False,unseen-forces,38/115,Reverse_Holofoil,Uncommon,https://cdn.poketrace.com/cards/f603847fff8b60c3.webp,18.1,36,21.33,21.33,0,0,True,182.5,14,0,0,46,15,0,0,162,2026-03-11T08:58:38Z,,duplicate of 019bff79-8e10-76e9-bb0f-968d82e42854 (kept dp2-44)
ex13-30,019bff80-d352-765e-b96f-b50a74a5e962,Relicanth,Hidden Legends,1.52,6.31,126,34,92,2,0,1,0,False,hidden-legends,24/101,Reverse_Holofoil,Rare,https://cdn.poketrace.com/cards/1a9a554c7c747c1a.webp,8.49,35,6.31,6.31,0,0,True,300,1,0,0,3.25,10,0,0,126,2026-03-11T08:58:38Z,,duplicate of 019bff80-d352-765e-b96f-b50a74a5e962 (kept ex9-18)
ex11-67,019bff7a-78f4-707a-bf71-5ee5be58e216,Drowzee,Team Rocket,2.23,0.47,4650,60,4590,2,5.1,1,0,False,team-rocket,54/82,Unlimited,Common,https://cdn.poketrace.com/cards/e81e985ebc615f56.webp,0.36,1251,0.494,0.494,0,0,True,55,10,0,0,29.22,9,0,0,4650,2026-03-11T08:58:38Z,,duplicate of 019bff7a-78f4-707a-bf71-5ee5be58e216 (kept ex6-32)
tk-xy-sy-3,019bff8b-8e0e-7604-a50a-22cb5b0bee21,Fairy Energy,XY - Evolutions,1.51,3.17,757,66,691,2,8.6,1,0,False,xy-evolutions,99/108,Reverse_Holofoil,Common,https://cdn.poketrace.com/cards/10c364670207cd95.webp,2.14,416,2.898,2.898,0,0,True,30,7,90.098,90.098,10,28,11.715714,11.911897,757,2026-03-11T08:58:38Z,,duplicate of 019bff8b-8e0e-7604-a50a-22cb5b0bee21 (kept tk-xy-w-21)
bw11-17,019bff77-befa-771d-bab1-131dd5c20ddd,Charmander,Base Set,1.09,2.11,12916,385,12531,2,4.4,1,0,False,base-set,046/102,Normal,Common,https://cdn.poketrace.com/cards/064c705d83ed50e2.webp,0.88,3740,2.018,2.018,0,0,True,195,41,206.65572,213.815,41.475,43,39.19143,38.178463,12578,2026-03-11T08:58:38Z,,duplicate of 019bff77-befa-771d-bab1-131dd5c20ddd (kept base1-46)
lc-61,019bff77-befa-771d-bab0-f88907ff2be8,Raticate,Base Set,1.31,2.33,2958,148,2810,2,2.9,1,0,False,base-set,040/102,Normal,Uncommon,https://cdn.poketrace.com/cards/b304e547824f3963.webp,1.18,743,2.262,2.262,0,0,True,167.5,29,200.00714,96.968575,49.99,26,42.23,42.23,2958,2026-03-11T08:58:38Z,,duplicate of 019bff77-befa-771d-bab0-f88907ff2be8 (kept base1-40)
xy9-81,019bff77-befa-771d-bab1-22f7538ff23f,Clefairy,Base Set,1.09,28.21,2881,390,2491,2,0.2,1,0,False,base-set,005/102,Holofoil,Holo Rare,https://cdn.poketrace.com/cards/f3c0e502e80abd9b.webp,20.34,249,28.266,28.266,0,0,True,4099.99,35,3557.995,3557.995,228.5,12,261.75,261.75,2529,2026-03-11T08:58:38Z,,duplicate of 019bff77-befa-771d-bab1-22f7538ff23f (kept xy12-63)
dp1-24,019bff7a-78f4-707a-bf70-fb87511a7dd9,Drifblim,Diamond and Pearl,1.31,4.04,98,23,75,2,0,1,0,False,diamond-and-pearl,24/130,Reverse_Holofoil,Rare,https://cdn.poketrace.com/cards/2f77c54deb76a493.webp,2.24,38,4.04,4.04,0,0,True,0,0,0,0,0,0,0,0,98,2026-03-11T08:58:38Z,,duplicate of 019bff7a-78f4-707a-bf70-fb87511a7dd9 (kept sv04.5-156)
hgss4-20,019bff7a-78f5-732c-acbf-7c906494b0fe,Electivire,Diamond and Pearl,1.09,11.26,225,43,182,2,1,1,0,False,diamond-and-pearl,3/130,Reverse_Holofoil,Holo Rare,https://cdn.poketrace.com/cards/6a301d94c6f1a7b5.webp,3.38,54,11.376,11.376,0,0,True,70,1,0,0,45,12,50.74643,50.59773,196,2026-03-11T08:58:38Z,,duplicate of 019bff7a-78f5-732c-acbf-7c906494b0fe (kept bw7-54)
lc-98,019bff77-befa-771d-bab1-703df9419636,Vulpix,Base Set,1.09,0.85,5824,201,5623,2,8.5,1,0,False,base-set,068/102,Normal,Common,https://cdn.poketrace.com/cards/c58ddbce88f0156a.webp,0.4,1345,0.778,0.778,0,0,True,105,32,111.66333,111.66333,37.99,26,44.294003,44.294003,5655,2026-03-11T08:58:38Z,,duplicate of 019bff77-befa-771d-bab1-703df9419636 (kept 2016xy-1)
swsh11-196,019bffa1-0211-748e-aa97-ac685e2cca87,Volo,SWSH11: Lost Origin,2.23,0.18,594,12,582,2,4.4,1,0,False,swsh11-lost-origin,169/196,Reverse_Holofoil,Holo Rare,https://cdn.poketrace.com/cards/fb854450f170db9f.webp,0.19,516,0.172,0.172,0,0,False,0,0,0,0,0,0,0,0,594,2026-03-11T08:58:38Z,,duplicate of 019bffa1-0211-748e-aa97-ac685e2cca87 (kept swsh12.5-151)
swsh12.5-GG55,019bffa4-08c2-73d1-9af9-139ba2e378aa,Regigigas VSTAR,Crown Zenith,1.31,1.32,4106,204,3902,2,4.5,1,0,False,crown-zenith,114/159,Holofoil,Ultra Rare,https://cdn.poketrace.com/cards/e53552684d6beb3f.webp,1.12,3687,1.26,1.26,0,0,True,35.2,31,0,0,19.99,28,0,0,4106,2026-03-11T08:58:38Z,,duplicate of 019bffa4-08c2-73d1-9af9-139ba2e378aa (kept swsh12.5-114)
swsh4.5-SV015,019bff99-7af0-71d4-a48d-c9a02019cfbc,Scorbunny,Shining Fates: Shiny Vault,2.23,2.42,1504,142,1362,2,5.8,1,0,False,shining-fates-shiny-vault,SV015/SV122,Holofoil,Shiny Holo Rare,https://cdn.poketrace.com/cards/53d3f1ca62e47316.webp,1.99,1229,2.28,2.28,0,0,True,86,29,0,0,13.5,30,11.166667,11.166667,1504,2026-03-11T08:58:38Z,,duplicate of 019bff99-7af0-71d4-a48d-c9a02019cfbc (kept swshp-SWSH244)
g1-46,019bffaa-1a47-7762-8bb4-c67010798c49,Golem EX,SV: Scarlet & Violet 151,2.23,0.9,10849,205,10644,2,8.4,0,0,False,sv-scarlet-and-violet-151,076/165,Holofoil,Double Rare,https://cdn.poketrace.com/cards/32642aac0010aabf.webp,0.99,9789,0.976,0.976,0,0,True,50,23,37.535713,30.049524,11.98,26,10.052857,9.357727,10849,2026-03-11T08:58:38Z,,duplicate of 019bffaa-1a47-7762-8bb4-c67010798c49 (kept sv03.5-076)
hgss2-24,019bff82-9f84-7584-9775-9f0e3b59414b,Steelix,Neo Genesis,1.51,39.43,608,26,582,2,0.1,1,0,False,neo-genesis,015/111,Unlimited_Holofoil,Holo Rare,https://cdn.poketrace.com/cards/33420ab788f429e9.webp,29.3,113,39.472,39.472,0,0,True,599,2,0,0,109.99,5,142.495,142.495,608,2026-03-11T08:58:38Z,,duplicate of 019bff82-9f84-7584-9775-9f0e3b59414b (kept ex2-23)
xy11-26,019c0000-679a-751f-a890-eade22a8b801,Volcanion EX,SV09: Journey Together,2.23,0.55,11359,88,11271,2,6.5,1,0,False,sv09-journey-together,031/159,Holofoil,Double Rare,https://cdn.poketrace.com/cards/8518722445ddecd9.webp,0.57,10794,0.586,0.586,0,0,True,38.88,5,0,0,9.01,6,0,0,11359,2026-03-11T08:58:38Z,,duplicate of 019c0000-679a-751f-a890-eade22a8b801 (kept sv09-171)
dp3-40,019bff84-6f79-7196-a6a4-9004a4392c43,Weavile,XY - Flashfire,1.31,0.79,158,18,140,2,12.2,1,0,False,xy-flashfire,52/106,Reverse_Holofoil,Rare,https://cdn.poketrace.com/cards/b857680d12779d5e.webp,0.4,83,0.694,0.694,0,0,False,0,0,0,0,0,0,0,0,158,2026-03-11T08:58:38Z,,duplicate of 019bff84-6f79-7196-a6a4-9004a4392c43 (kept hgss3-25)
ex16-32,019bff7d-2e13-7175-b43e-326b11294c6a,Lairon,Ruby and Sapphire,1.51,5.48,112,28,84,2,0,1,0,False,ruby-and-sapphire,37/109,Reverse_Holofoil,Uncommon,https://cdn.poketrace.com/cards/cbb967d1ef685add.webp,4.76,57,5.48,5.48,0,0,True,0,0,0,0,65,6,0,0,112,2026-03-11T08:58:38Z,,duplicate of 019bff7d-2e13-7175-b43e-326b11294c6a (kept ex2-41)
ex5-81,019bff77-befa-771d-bab1-703df9419636,Vulpix,Base Set,2.23,0.85,5824,201,5623,2,8.5,1,0,False,base-set,068/102,Normal,Common,https://cdn.poketrace.com/cards/c58ddbce88f0156a.webp,0.4,1345,0.778,0.778,0,0,True,105,32,111.66333,111.66333,37.99,26,44.294003,44.294003,5824,2026-03-11T08:58:38Z,,duplicate of 019bff77-befa-771d-bab1-703df9419636 (kept 2016xy-1)
ex2-42,019bff7e-1600-7088-8280-6328fd37e4e2,Lileep,Legend Maker,1.09,6.73,204,46,158,2,3.1,1,0,False,legend-maker,56/92,Reverse_Holofoil,Common,https://cdn.poketrace.com/cards/40b3867b0fe0433d.webp,3.94,68,6.52,6.52,0,0,True,355,9,140.75143,131.5325,22.5,10,25.575714,24.762,169,2026-03-11T08:58:38Z,,duplicate of 019bff7e-1600-7088-8280-6328fd37e4e2 (kept ex2-43)
swshp-SWSH270,019bff77-befc-77ae-b882-c94357509dd1,Rapidash,Jungle,2.23,1.84,2915,131,2784,2,2,1,0,False,jungle,44/64,Unlimited,Uncommon,https://cdn.poketrace.com/cards/731217386124ada1.webp,0.89,681,1.804,1.804,0,0,True,175,12,187.95857,114.27464,22.05,26,214.15666,214.15666,2915,2026-03-11T08:58:38Z,,duplicate of 019bff77-befc-77ae-b882-c94357509dd1 (kept ex11-52)
dp6-23,019bff7a-78f3-7153-ae67-a41e31350312,Delcatty,EX Trainer Kit 1: Latias & Latios,1.31,0.33,122,3,119,2,0.6,1,0,False,ex-trainer-kit-1-latias-and-latios,3/10,Normal,Common,https://cdn.poketrace.com/cards/6db1b00674d22f6f.webp,0.29,46,0.328,0.328,0,0,False,0,0,0,0,0,0,0,0,122,2026-03-11T08:58:38Z,,duplicate of 019bff7a-78f3-7153-ae67-a41e31350312 (kept sm7-121)
ex15-34,,Nidorina δ,,1.51,0,0,0,0,0,0,0,0,False,,,,,,0,0,0,0,0,0,False,0,0,0,0,0,0,0,0,0,2026-03-11T08:58:38Z,,
me01-147,019bffab-58ba-7458-9ea6-ef46081d068f,Garganacl,SV04: Paradox Rift,1.31,3.4,2775,164,2611,2,1.5,1,0,False,sv04-paradox-rift,202/182,Holofoil,Illustration Rare,https://cdn.poketrace.com/cards/f1f6604783ad98a0.webp,3.28,2449,3.452,3.452,0,0,True,40,33,40.598,40.598,10.5,30,11.025001,11.025001,2775,2026-03-11T08:58:38Z,,duplicate of 019bffab-58ba-7458-9ea6-ef46081d068f (kept sv04.5-178)
sm7-89,019bff82-9f84-7584-9775-9f0e3b59414b,Steelix,Neo Genesis,1.51,39.43,608,26,582,2,0.1,1,0,False,neo-genesis,015/111,Unlimited_Holofoil,Holo Rare,https://cdn.poketrace.com/cards/33420ab788f429e9.webp,29.3,113,39.472,39.472,0,0,True,599,2,0,0,109.99,5,142.495,142.495,608,2026-03-11T08:58:38Z,,duplicate of 019bff82-9f84-7584-9775-9f0e3b59414b (kept ex2-23)
ex8-50,019bff84-6f77-773f-980a-19029b6072de,Vigoroth,Power Keepers,1.08,8.62,123,30,93,2,0,1,0,False,power-keepers,41/108,Reverse_Holofoil,Uncommon,https://cdn.poketrace.com/cards/9bc4b68797f44401.webp,3.95,47,8.62,8.62,0,0,True,299.99,5,134.19,134.19,24.5,6,34.496002,34.496002,106,2026-03-11T08:58:38Z,,duplicate of 019bff84-6f77-773f-980a-19029b6072de (kept tk-xy-b-4)
base4-47,019bff77-bef9-75ac-b16b-4b5d7c1d43fa,Kakuna,Base Set,1.08,1.81,3259,133,3126,2,7,1,0,False,base-set,033/102,Normal,Uncommon,https://cdn.poketrace.com/cards/3de06477078bba0d.webp,0.68,798,1.684,1.684,0,0,True,85,30,86,86,47.9,21,36.45,36.45,3147,2026-03-11T08:58:38Z,,duplicate of 019bff77-bef9-75ac-b16b-4b5d7c1d43fa (kept base1-33)
swsh10.5-078,019bff96-3f23-77ea-bac9-2e9ff4038a99,Professor's Research,Deck Exclusives,2.24,0.16,853,0,853,1,0,1,0,False,deck-exclusives,178/202,Normal,Rare,https://cdn.poketrace.com/cards/1bf48ad6d63c8e3c.webp,0.07,624,0.16,0.16,0,0,False,0,0,0,0,0,0,0,0,853,2026-03-11T08:58:38Z,,duplicate of 019bff96-3f23-77ea-bac9-2e9ff4038a99 (kept swshp-SWSH152)
ex7-74,019bff77-befa-771d-bab1-58b77c941903,Sandshrew,Base Set,1.51,1.02,4386,182,4204,2,0,1,0,False,base-set,062/102,Normal,Common,https://cdn.poketrace.com/cards/b2605c636764acf7.webp,0.43,1137,1.02,1.02,0,0,True,149.99,27,131.32668,131.32668,25,23,30.232857,30.67091,4386,2026-03-11T08:58:38Z,,duplicate of 019bff77-befa-771d-bab1-58b77c941903 (kept base1-62)
bw11-90,019bff84-6f78-703d-b080-8469ad976512,Zoroark,Next Destinies,1.31,195.14,141,91,50,2,0,1,0,False,next-destinies,102/99,Holofoil,Secret Rare,https://cdn.poketrace.com/cards/fe65f6db13031384.webp,160.35,22,195.05,195.05,0,0,True,1250,1,0,0,425,30,368.56714,230.52759,141,2026-03-11T08:58:38Z,,duplicate of 019bff84-6f78-703d-b080-8469ad976512 (kept bw2-67)
sm8-127,019bff8e-8808-757d-bbc8-c8f1a67fe7a0,Dialga,Burger King Promos,1.31,19.67,294,9,285,2,1.9,1,0,False,burger-king-promos,016/106,Reverse_Holofoil,Promo,https://cdn.poketrace.com/cards/aa8ebfbb4e7403a4.webp,4.74,37,20.036,20.036,0,0,True,0,0,0,0,0,0,0,0,294,2026-03-11T08:58:38Z,,duplicate of 019bff8e-8808-757d-bbc8-c8f1a67fe7a0 (kept dp4-16)
tk-xy-b-28,019bff84-6f77-773f-980a-19029b6072de,Vigoroth,Power Keepers,1.5,8.62,123,30,93,2,0,1,0,False,power-keepers,41/108,Reverse_Holofoil,Uncommon,https://cdn.poketrace.com/cards/9bc4b68797f44401.webp,3.95,47,8.62,8.62,0,0,True,299.99,5,134.19,134.19,24.5,6,34.496002,34.496002,123,2026-03-11T08:58:38Z,,duplicate of 019bff84-6f77-773f-980a-19029b6072de (kept tk-xy-b-4)
sv04.5-101,019bff89-bc59-76a1-b46c-b74529a1bb19,Abomasnow,XY - BREAKthrough,2.24,0.67,121,13,108,2,1.2,1,0,False,xy-breakthrough,40/162,Reverse_Holofoil,Rare,https://cdn.poketrace.com/cards/8b432c09154b5385.webp,0.42,82,0.662,0.662,0,0,True,64.95,1,0,0,34.95,1,0,0,121,2026-03-11T08:58:38Z,,duplicate of 019bff89-bc59-76a1-b46c-b74529a1bb19 (kept dp7-12)
col1-29,019bff77-befb-757f-890b-7370f372b951,Mr. Mime,Base Set 2,1.08,5.59,991,69,922,2,1.6,1,0,False,base-set-2,027/130,Normal,Rare,https://cdn.poketrace.com/cards/b3b39427ec1493a9.webp,3.33,278,5.498,5.498,0,0,True,28,11,36.662857,39.84889,47.25,22,20.442858,21.472,945,2026-03-11T08:58:38Z,,duplicate of 019bff77-befb-757f-890b-7370f372b951 (kept dp2-30)
bw3-92,019bff7e-fc51-74ac-aaff-7e2738a26bf3,N,Dark Explorers,2.25,2.76,456,16,440,2,3.9,1,0,False,dark-explorers,96/108,Reverse_Holofoil,Uncommon,https://cdn.poketrace.com/cards/9d639909dc6aaab0.webp,2.01,259,2.652,2.652,0,0,False,0,0,0,0,0,0,0,0,456,2026-03-11T08:58:38Z,,duplicate of 019bff7e-fc51-74ac-aaff-7e2738a26bf3 (kept xy10-105a)
xy1-136,019bff77-bef9-75ac-b16a-e0919825c305,Psychic Energy,Base Set,1.5,0.54,6818,139,6679,2,4.8,1,0,False,base-set,101/102,Normal,Common,https://cdn.poketrace.com/cards/3b1d7eba36236ec9.webp,0.32,2022,0.514,0.514,0,0,True,119,29,119.495,119.495,21.75,31,24.08,24.08,6818,2026-03-11T08:58:38Z,,duplicate of 019bff77-bef9-75ac-b16a-e0919825c305 (kept ecard1-164)
xy10-43,019c0004-fc83-7688-bf38-9b3031f8f1ae,Regirock EX,SV10: Destined Rivals,2.25,0.56,12745,99,12646,2,0.7,1,0,False,sv10-destined-rivals,101/182,Holofoil,Double Rare,https://cdn.poketrace.com/cards/035f961861ba1df3.webp,0.65,12035,0.556,0.556,0,0,True,50,7,0,0,14,2,14,14,12745,2026-03-11T08:58:38Z,,duplicate of 019c0004-fc83-7688-bf38-9b3031f8f1ae (kept sv10-214)
sm6-17,019bff8c-7244-7168-b575-c82de4d0b88a,Delphox,Deck Exclusives,1.5,0.44,287,0,287,1,2.7,1,0,False,deck-exclusives,026/146,Normal,Rare,https://cdn.poketrace.com/cards/a9c9daff81b2da91.webp,0.36,221,0.452,0.452,0,0,False,0,0,0,0,0,0,0,0,287,2026-03-11T08:58:38Z,,duplicate of 019bff8c-7244-7168-b575-c82de4d0b88a (kept xy1-26)
ex6-58,019bff77-befa-771d-bab1-131dd5c20ddd,Charmander,Base Set,1.5,2.11,12916,385,12531,2,4.4,1,0,False,base-set,046/102,Normal,Common,https://cdn.poketrace.com/cards/064c705d83ed50e2.webp,0.88,3740,2.018,2.018,0,0,True,195,41,206.65572,213.815,41.475,43,39.19143,38.178463,12916,2026-03-11T08:58:38Z,,duplicate of 019bff77-befa-771d-bab1-131dd5c20ddd (kept base1-46)
xy10-63,019bff7e-1600-7088-8281-c05c0dd45480,Lucario,DP Trainer Kit: Manaphy & Lucario,1.5,5.14,365,0,365,1,2.2,1,0,False,dp-trainer-kit-manaphy-and-lucario,3/11,Holofoil,Common,https://cdn.poketrace.com/cards/046b78a7efb63fe0.webp,3.97,31,5.028,5.028,0,0,False,0,0,0,0,0,0,0,0,365,2026-03-11T08:58:38Z,,duplicate of 019bff7e-1600-7088-8281-c05c0dd45480 (kept hgss2-19)
xy10-105,019bff7e-fc51-74ac-aaff-7e2738a26bf3,N,Dark Explorers,1.5,2.76,456,16,440,2,3.9,1,0,False,dark-explorers,96/108,Reverse_Holofoil,Uncommon,https://cdn.poketrace.com/cards/9d639909dc6aaab0.webp,2.01,259,2.652,2.652,0,0,False,0,0,0,0,0,0,0,0,456,2026-03-11T08:58:38Z,,duplicate of 019bff7e-fc51-74ac-aaff-7e2738a26bf3 (kept xy10-105a)
ex3-25,019bff79-8e10-76e9-bb0e-144a5e99dce8,Combusken,Ruby and Sapphire,1.08,15.08,172,33,139,2,0,1,0,False,ruby-and-sapphire,27/109,Reverse_Holofoil,Uncommon,https://cdn.poketrace.com/cards/d846c3758a1984f9.webp,7.32,55,15.076,15.076,0,0,True,449.95,3,0,0,37.55,8,0,0,151,2026-03-11T08:58:38Z,,duplicate of 019bff79-8e10-76e9-bb0e-144a5e99dce8 (kept ex1-28)
dp1-29,019bff7c-4505-7332-a33b-3fc978264b52,Hippowdon,Diamond and Pearl,1.08,3.27,169,22,147,2,0,1,0,False,diamond-and-pearl,29/130,Reverse_Holofoil,Rare,https://cdn.poketrace.com/cards/d87222ba3cc52a69.webp,2.36,65,3.27,3.27,0,0,True,0,0,0,0,14.25,2,14.53,14.53,162,2026-03-11T08:58:38Z,,duplicate of 019bff7c-4505-7332-a33b-3fc978264b52 (kept dp5-21)
ex13-56,019bff84-6f78-703d-b07e-62e9a8fba298,Wobbuffet,Sandstorm,1.08,5.08,135,35,100,2,0,1,0,False,sandstorm,26/100,Reverse_Holofoil,Rare,https://cdn.poketrace.com/cards/8c8845e4bfd53ba2.webp,4.83,45,5.08,5.08,0,0,True,175,5,0,0,60,2,0,0,116,2026-03-11T08:58:38Z,,duplicate of 019bff84-6f78-703d-b07e-62e9a8fba298 (kept ex12-28)
sm8-150,019bffc8-5c96-75dc-b3b7-740a1029c658,Tapu Lele,SV08: Surging Sparks,1.08,0.22,1660,23,1637,2,0,1,0,False,sv08-surging-sparks,092/191,Reverse_Holofoil,Rare,https://cdn.poketrace.com/cards/3580c5ffb36d9454.webp,0.19,1573,0.22,0.22,0,0,True,25,1,0,0,0,0,0,0,1658,2026-03-11T08:58:38Z,,duplicate of 019bffc8-5c96-75dc-b3b7-740a1029c658 (kept sm5-94)
xy2-23,019bff7e-fc50-71f0-aee1-f1411ed72a0c,Milotic,Emerald,1.5,107.5,154,65,89,2,0,1,0,False,emerald,8/106,Reverse_Holofoil,Holo Rare,https://cdn.poketrace.com/cards/22da801805790b75.webp,44.99,62,107.5,107.5,0,0,True,2075,7,1192.5271,810.1129,227.5,19,46.83143,46.025665,154,2026-03-11T08:58:38Z,,duplicate of 019bff7e-fc50-71f0-aee1-f1411ed72a0c (kept xy5-44)
bw11-15,019bff84-6f77-773f-980a-649116245036,Virizion,Legendary Treasures,1.31,1.64,131,14,117,2,0.5,1,0,False,legendary-treasures,15/113,Reverse_Holofoil,Holo Rare,https://cdn.poketrace.com/cards/575c17040d789eef.webp,1.24,70,1.648,1.648,0,0,True,0,0,0,0,9.5,1,32,32,131,2026-03-11T08:58:38Z,,duplicate of 019bff84-6f77-773f-980a-649116245036 (kept bw2-17)
neo4-68,019bff77-bef9-75ac-b16b-3012cecb99ac,Growlithe,Base Set,1.31,1.17,4292,170,4122,2,9.4,1,0,False,base-set,028/102,Normal,Uncommon,https://cdn.poketrace.com/cards/09ac3e0a01a8dbc2.webp,0.75,865,1.06,1.06,0,0,True,100,29,0,0,15.5,25,18,18,4292,2026-03-11T08:58:38Z,,duplicate of 019bff77-bef9-75ac-b16b-3012cecb99ac (kept base1-28)
base4-50,019bff77-befa-771d-bab0-e3cb2b295128,Magikarp,Base Set,1.32,2.87,5336,199,5137,2,18.6,1,0,False,base-set,035/102,Normal,Uncommon,https://cdn.poketrace.com/cards/5051ac406f359d87.webp,1.03,1304,3.404,3.404,0,0,True,300,33,273.998,273.998,54.54,23,67.99333,67.99333,5336,2026-03-11T08:58:38Z,,duplicate of 019bff77-befa-771d-bab0-e3cb2b295128 (kept bw11-30)
ex2-59,019bff79-8e10-76e9-bb10-538f19c42ced,Cyndaquil,Neo Destiny,1.49,1.71,1058,1,1057,2,4.1,1,0,False,neo-destiny,061/105,Unlimited,Common,https://cdn.poketrace.com/cards/1e0733a43e97e1e4.webp,1.15,334,1.78,1.78,0,0,False,0,0,0,0,0,0,0,0,1058,2026-03-11T08:58:38Z,,duplicate of 019bff79-8e10-76e9-bb10-538f19c42ced (kept hgss1-61)
sv04.5-221,019bffa9-14a4-732a-bc79-7bcb2ed82386,Pidgeot ex,SV03: Obsidian Flames,2.25,2.77,9877,219,9658,2,12.3,1,0,False,sv03-obsidian-flames,164/197,Holofoil,Double Rare,https://cdn.poketrace.com/cards/a57c9a5b740ac691.webp,3.28,8528,3.11,3.11,0,0,True,29.95,27,290.92142,99.7048,12.99,26,9.264286,8.216,9877,2026-03-11T08:58:38Z,,duplicate of 019bffa9-14a4-732a-bc79-7bcb2ed82386 (kept sv03-217)
bw9-90,019bff77-befc-77ae-b882-e552f68bfcb4,Eevee,Jungle,1.32,1.96,10515,25,10490,2,22.8,1,0,False,jungle,51/64,Unlimited,Common,https://cdn.poketrace.com/cards/98f4a0868011f1bd.webp,0.69,2612,1.514,1.514,0,0,True,150,4,169.5,169.5,0,0,0,0,10515,2026-03-11T08:58:38Z,,duplicate of 019bff77-befc-77ae-b882-e552f68bfcb4 (kept sm5-105)
base4-43,019bff77-bef9-75ac-b16b-37bdc39f8170,Haunter,Base Set,1.08,3.04,4313,193,4120,2,22.7,1,0,False,base-set,029/102,Normal,Uncommon,https://cdn.poketrace.com/cards/ab375cbc4f770d4a.webp,1.01,1003,2.35,2.35,0,0,True,152.5,31,171.25,171.25,38,29,41.940002,41.940002,4152,2026-03-11T08:58:38Z,,duplicate of 019bff77-bef9-75ac-b16b-37bdc39f8170 (kept dp7-40)
tk-xy-w-16,019bff77-befb-757f-890b-2ddb056268cb,Clefable,Base Set 2,1.32,16.82,1292,216,1076,2,1.9,1,0,False,base-set-2,005/130,Holofoil,Holo Rare,https://cdn.poketrace.com/cards/a632e920d57ed6d0.webp,12.36,165,17.134,17.134,0,0,True,2500,4,0,0,109.99,14,0,0,1292,2026-03-11T08:58:38Z,,duplicate of 019bff77-befb-757f-890b-2ddb056268cb (kept bw8-98)
ex1-68,019bff80-d351-7535-a79b-88d60639f39f,Ralts,Ruby and Sapphire,1.32,10.99,175,22,153,2,9.7,1,0,False,ruby-and-sapphire,67/109,Reverse_Holofoil,Common,https://cdn.poketrace.com/cards/c014251c78e32bec.webp,10.91,93,9.924,9.924,0,0,True,0,0,0,0,123.64,2,0,0,175,2026-03-11T08:58:38Z,,duplicate of 019bff80-d351-7535-a79b-88d60639f39f (kept ex2-74)
swshp-SWSH027,019bff7f-e2b8-7168-a03c-30838424ea9f,Noctowl,Neo Genesis,2.27,3.1,656,26,630,2,0,1,0,False,neo-genesis,042/111,Unlimited,Uncommon,https://cdn.poketrace.com/cards/4fe517487cfe7605.webp,2.22,168,3.1,3.1,0,0,True,48.95,4,67.81714,58.848,43.4,2,29.11,26.305714,656,2026-03-11T08:58:38Z,,duplicate of 019bff7f-e2b8-7168-a03c-30838424ea9f (kept neo1-42)
bw1-110,019bff77-befa-771d-bab1-ddca76aa068f,Fighting Energy,Base Set,2.27,0.39,7759,224,7535,2,1.5,1,0,False,base-set,097/102,Normal,Common,https://cdn.poketrace.com/cards/633d11a3d097625a.webp,0.28,1846,0.384,0.384,0,0,True,27.085,58,44.0425,44.0425,17.5,46,27.25,27.25,7759,2026-03-11T08:58:38Z,,duplicate of 019bff77-befa-771d-bab1-ddca76aa068f (kept ecard1-160)
swsh7-176,019bff9b-b935-713a-8620-8ea1c0d37baf,Arctovish V,SWSH07: Evolving Skies,2.27,1.01,2534,55,2479,2,5.7,1,0,False,swsh07-evolving-skies,048/203,Holofoil,Ultra Rare,https://cdn.poketrace.com/cards/4c194ac7eb0b4944.webp,0.95,2227,0.952,0.952,0,0,True,54,7,50.415,50.415,13,4,8.6866665,8.6866665,2534,2026-03-11T08:58:38Z,,duplicate of 019bff9b-b935-713a-8620-8ea1c0d37baf (kept swsh7-48)
bw5-96,019bff7e-fc51-74ac-aaff-7e2738a26bf3,N,Dark Explorers,2.27,2.76,456,16,440,2,3.9,1,0,False,dark-explorers,96/108,Reverse_Holofoil,Uncommon,https://cdn.poketrace.com/cards/9d639909dc6aaab0.webp,2.01,259,2.652,2.652,0,0,False,0,0,0,0,0,0,0,0,456,2026-03-11T08:58:38Z,,duplicate of 019bff7e-fc51-74ac-aaff-7e2738a26bf3 (kept xy10-105a)
lc-59,019bff77-befc-77ae-b882-c7dcd7725dce,Primeape,Jungle,1.49,1.2,3080,8,3072,2,7.3,1,0,False,jungle,43/64,Unlimited,Uncommon,https://cdn.poketrace.com/cards/f520c31169f18f32.webp,0.62,806,1.288,1.288,0,0,True,0,0,0,0,0,0,0,0,3080,2026-03-11T08:58:38Z,,duplicate of 019bff77-befc-77ae-b882-c7dcd7725dce (kept hgss2-22)
ex9-31,019bff7c-4505-7332-a33a-3007223b5c7e,Hariyama,Delta Species,1.32,9.47,124,46,78,2,1.5,1,0,False,delta-species,44/113,Reverse_Holofoil,Uncommon,https://cdn.poketrace.com/cards/2eccaf159f81d510.webp,7.6,47,9.326,9.326,0,0,True,399.99,12,0,0,45,12,0,0,124,2026-03-11T08:58:38Z,,duplicate of 019bff7c-4505-7332-a33a-3007223b5c7e (kept hgss3-14)
ex10-72,019bff77-befb-757f-890d-2bed048bebba,Slowpoke,Fossil,1.32,0.61,7373,8,7365,2,14.1,1,0,False,fossil,55/62,Unlimited,Common,https://cdn.poketrace.com/cards/709ab364c8331bc1.webp,0.49,1888,0.696,0.696,0,0,True,0,0,0,0,20.5,1,0,0,7373,2026-03-11T08:58:38Z,,duplicate of 019bff77-befb-757f-890d-2bed048bebba (kept lc-93)
dp7-5,019bff7e-1601-757e-bd2e-d2cb4ecfd737,Magnezone,Plasma Storm,2.27,0.94,229,15,214,2,0,1,0,False,plasma-storm,47/135,Reverse_Holofoil,Rare,https://cdn.poketrace.com/cards/960f75dbae19d402.webp,0.74,56,0.94,0.94,0,0,True,59.97,1,0,0,0,0,0,0,229,2026-03-11T08:58:38Z,,duplicate of 019bff7e-1601-757e-bd2e-d2cb4ecfd737 (kept swshp-SWSH208)
swsh11-TG28,019bffa2-09bf-74f6-b7ec-fba73c6b1937,Opal,SWSH11: Lost Origin Trainer Gallery,1.32,1.53,1653,105,1548,2,7.2,1,0,False,swsh11-lost-origin-trainer-gallery,TG28/TG30,Holofoil,Ultra Rare,https://cdn.poketrace.com/cards/7c7d3c2041f94d8a.webp,1.4,1454,1.42,1.42,0,0,True,21.5,22,0,0,7,8,0,0,1653,2026-03-11T08:58:38Z,,duplicate of 019bffa2-09bf-74f6-b7ec-fba73c6b1937 (kept swsh4-184)
sm8-78,019bff77-befc-77ae-b884-cd7bbf1e0598,Ampharos,Neo Genesis,1.08,24.09,714,212,502,2,1.2,1,0,False,neo-genesis,001/111,Unlimited_Holofoil,Holo Rare,https://cdn.poketrace.com/cards/bb6d5e6aa885a156.webp,17.8,115,23.804,23.804,0,0,True,518.75,19,323.64142,296.35236,60,18,55.915,55.915,515,2026-03-11T08:58:38Z,,duplicate of 019bff77-befc-77ae-b884-cd7bbf1e0598 (kept col1-23)
gym1-46,019c3ac3-ec74-75a4-8a9a-97eb2d4499ec,Erika's Gloom,ME: Ascended Heroes,2.27,0.17,945,0,945,1,2.4,1,0,False,me-ascended-heroes,002/217,Normal,Uncommon,https://cdn.poketrace.com/cards/590320a155a9d098.webp,0.23,940,0.166,0.166,0,0,False,0,0,0,0,0,0,0,0,945,2026-03-11T08:58:38Z,,duplicate of 019c3ac3-ec74-75a4-8a9a-97eb2d4499ec (kept gym1-45)
tk-xy-w-8,019bff8b-8e0e-7604-a50a-22cb5b0bee21,Fairy Energy,XY - Evolutions,1.32,3.17,757,66,691,2,8.6,1,0,False,xy-evolutions,99/108,Reverse_Holofoil,Common,https://cdn.poketrace.com/cards/10c364670207cd95.webp,2.14,416,2.898,2.898,0,0,True,30,7,90.098,90.098,10,28,11.715714,11.911897,757,2026-03-11T08:58:38Z,,duplicate of 019bff8b-8e0e-7604-a50a-22cb5b0bee21 (kept tk-xy-w-21)
ex6-51,019bff77-befc-77ae-b882-d86ccd1ad26c,Weepinbell,Jungle,2.27,0.47,4384,150,4234,2,10.2,1,0,False,jungle,48/64,Unlimited,Uncommon,https://cdn.poketrace.com/cards/b8a4728c7aec42e9.webp,0.44,856,0.518,0.518,0,0,True,149.99,28,207.54286,115.53767,31,29,34.127144,33.052002,4384,2026-03-11T08:58:38Z,,duplicate of 019bff77-befc-77ae-b882-d86ccd1ad26c (kept base4-64)
sv04.5-100,019bff89-bc59-76a1-b46c-b2e00e3b4835,Snover,XY - BREAKthrough,2.28,0.4,146,13,133,2,1,1,0,False,xy-breakthrough,39/162,Reverse_Holofoil,Common,https://cdn.poketrace.com/cards/ec9791a1d170c025.webp,0.29,119,0.396,0.396,0,0,False,0,0,0,0,0,0,0,0,146,2026-03-11T08:58:38Z,,duplicate of 019bff89-bc59-76a1-b46c-b2e00e3b4835 (kept me01-140)
ex5-46,019bff77-befc-77ae-b882-ccf1e283864e,Rhydon,Jungle,1.07,0.94,3575,18,3557,2,8.5,1,0,False,jungle,45/64,Unlimited,Uncommon,https://cdn.poketrace.com/cards/ac2f109980caf9ac.webp,0.58,800,1.02,1.02,0,0,True,0,0,0,0,75,1,0,0,3572,2026-03-11T08:58:38Z,,duplicate of 019bff77-befc-77ae-b882-ccf1e283864e (kept base2-45)
bw6-84,019bff77-befc-77ae-b884-7e70a3f06b84,Altaria,Deoxys,1.48,48.32,144,69,75,2,0,1,0,False,deoxys,1/107,Reverse_Holofoil,Holo Rare,https://cdn.poketrace.com/cards/8bff0202368bced3.webp,30.16,27,48.32,48.32,0,0,True,138.58,2,0,0,190,18,191.25,191.25,144,2026-03-11T08:58:38Z,,duplicate of 019bff77-befc-77ae-b884-7e70a3f06b84 (kept pl1-18)
pl1-25,019bff90-f393-73c5-8bd2-9986553c7c15,Dustox,SM - Lost Thunder,1.48,1.11,163,8,155,2,1.8,1,0,False,sm-lost-thunder,28/214,Reverse_Holofoil,Rare,https://cdn.poketrace.com/cards/60fea5027f6e5a12.webp,0.78,114,1.13,1.13,0,0,False,0,0,0,0,0,0,0,0,163,2026-03-11T08:58:38Z,,duplicate of 019bff90-f393-73c5-8bd2-9986553c7c15 (kept dp1-25)
base4-57,019bff77-befa-771d-bab0-eca0baf2c0f4,Poliwhirl,Base Set,1.07,1.33,3925,166,3759,2,6.8,1,0,False,base-set,038/102,Normal,Uncommon,https://cdn.poketrace.com/cards/a633014cfe332dd9.webp,0.5,856,1.24,1.24,0,0,True,160,26,0,0,48.88,25,48.88,48.88,3784,2026-03-11T08:58:38Z,,duplicate of 019bff77-befa-771d-bab0-eca0baf2c0f4 (kept base1-38)
ex11-105,019c3ac3-ec66-706d-a49a-92030c7b1790,Holon Energy GL,Dragon Frontiers,1.32,1.78,150,19,131,2,1.9,1,0,False,dragon-frontiers,85/101,Normal,Rare,https://cdn.poketrace.com/cards/39deec46696d0021.webp,0.85,52,1.746,1.746,0,0,True,0,0,0,0,20.5,3,0,0,150,2026-03-11T08:58:38Z,,duplicate of 019c3ac3-ec66-706d-a49a-92030c7b1790 (kept ex15-85)
swshp-SWSH272,019bffa2-09c0-7728-a27e-9b370ef785c8,Archeops,SWSH12: Silver Tempest,2.28,0.34,992,50,942,2,4.7,1,0,False,swsh12-silver-tempest,147/195,Reverse_Holofoil,Holo Rare,https://cdn.poketrace.com/cards/822647b7dc5279c5.webp,0.39,801,0.324,0.324,0,0,True,0,0,0,0,5,1,0,0,992,2026-03-11T08:58:38Z,,duplicate of 019bffa2-09c0-7728-a27e-9b370ef785c8 (kept bw10-54)
hgss1-35,019bff78-a647-717f-a4e2-1e1bfce6e580,Bayleef,Expedition,1.32,41.99,135,49,86,2,2.8,1,0,False,expedition,071/165,Reverse_Holofoil,Uncommon,https://cdn.poketrace.com/cards/e6e0b9a582baf868.webp,25.99,33,40.796,40.796,0,0,True,355,4,69.38857,70.59231,45,10,39.944286,39.548668,135,2026-03-11T08:58:38Z,,duplicate of 019bff78-a647-717f-a4e2-1e1bfce6e580 (kept neo1-29)
bw5-52,019bffc8-5c95-757c-aede-30aee13678ba,Cofagrigus,SV08: Surging Sparks,1.48,0.22,1395,13,1382,2,3.6,1,0,False,sv08-surging-sparks,083/191,Reverse_Holofoil,Rare,https://cdn.poketrace.com/cards/55ccc0f0f320f215.webp,0.14,1291,0.228,0.228,0,0,True,0,0,0,0,0,0,0,0,1395,2026-03-11T08:58:38Z,,duplicate of 019bffc8-5c95-757c-aede-30aee13678ba (kept sm8-100)
dp3-63,019bff81-ba59-7208-a499-0759e14dd9e0,Sableye,Crystal Guardians,1.48,27.62,226,90,136,2,2.2,1,0,False,crystal-guardians,10/100,Reverse_Holofoil,Holo Rare,https://cdn.poketrace.com/cards/25899fb02c8bd108.webp,29.84,50,27.004,27.004,0,0,True,800,6,406.78427,246.17375,151.5,25,151.5,151.5,226,2026-03-11T08:58:38Z,,duplicate of 019bff81-ba59-7208-a499-0759e14dd9e0 (kept ex13-31)
me02.5-113,019c0010-df7b-74f9-92a4-d9cbea6f2b6f,Mega Lucario ex,ME01: Mega Evolution,1.07,1.03,25407,135,25272,2,1.6,1,0,False,me01-mega-evolution,077/132,Holofoil,Double Rare,https://cdn.poketrace.com/cards/9fd12471a918a148.webp,1.31,24071,1.046,1.046,0,0,True,31.751667,44,30.034285,31.804443,13.5,16,16.333334,16.333334,25327,2026-03-11T08:58:38Z,,duplicate of 019c0010-df7b-74f9-92a4-d9cbea6f2b6f (kept me01-077)
ex3-80,019bff83-863e-704c-9304-e86235008b47,Treecko,Crystal Guardians,1.07,17.26,333,81,252,2,4.2,1,0,False,crystal-guardians,67/100,Reverse_Holofoil,Common,https://cdn.poketrace.com/cards/36ea4f6a346fd755.webp,10.04,78,16.538,16.538,0,0,True,169.95,6,117.34667,117.34667,75,26,0,0,296,2026-03-11T08:58:38Z,,duplicate of 019bff83-863e-704c-9304-e86235008b47 (kept xyp-XY36)
pl1-79,019bff77-befc-77ae-b883-2b46800375d1,Lapras,Southern Islands,1.46,46.82,435,140,295,2,0.5,1,0,False,southern-islands,12/18,Normal,Promo,https://cdn.poketrace.com/cards/2a5adbe34ca2fec4.webp,36.16,90,47.032,47.032,0,0,True,316.95,31,305.975,305.975,85,17,89.605,89.605,435,2026-03-11T08:58:38Z,,duplicate of 019bff77-befc-77ae-b883-2b46800375d1 (kept swshp-SWSH051)
ex2-32,019bff78-a647-717f-a4e1-9bcc4dbf846b,Baltoy,Deoxys,1.46,6.6,172,40,132,2,0,1,0,False,deoxys,53/107,Reverse_Holofoil,Common,https://cdn.poketrace.com/cards/af8bb6da87fc018e.webp,3.75,64,6.6,6.6,0,0,True,235,7,73.57833,73.57833,39,13,26.491428,25.685833,172,2026-03-11T08:58:38Z,,duplicate of 019bff78-a647-717f-a4e1-9bcc4dbf846b (kept ex9-43)
ecard1-127,019bff80-d351-7535-a79a-9adda35553dd,Qwilfish,Neo Revelation,1.47,0.67,1309,0,1309,1,8.1,1,0,False,neo-revelation,49/64,Unlimited,Common,https://cdn.poketrace.com/cards/405795a0dd06028b.webp,0.6,295,0.616,0.616,0,0,False,0,0,0,0,0,0,0,0,1309,2026-03-11T08:58:38Z,,duplicate of 019bff80-d351-7535-a79a-9adda35553dd (kept ex7-27)
bw1-32,019bff95-4414-759b-8e0a-c334d6c7cc46,Samurott,Deck Exclusives,2.29,2.14,224,0,224,1,0.3,1,0,False,deck-exclusives,031/114,Holofoil,Holo Rare,https://cdn.poketrace.com/cards/eaea8c3bd9a9cfff.webp,1.62,38,2.134,2.134,0,0,False,0,0,0,0,0,0,0,0,224,2026-03-11T08:58:38Z,,duplicate of 019bff95-4414-759b-8e0a-c334d6c7cc46 (kept bw11-39)
ex5-30,019bff9a-8590-7083-8ab1-e66946babebc,Castform,SWSH06: Chilling Reign,2.29,0.28,1038,16,1022,2,2.1,1,0,False,swsh06-chilling-reign,121/198,Reverse_Holofoil,Common,https://cdn.poketrace.com/cards/9180bcfcc8eeeab9.webp,0.24,853,0.286,0.286,0,0,False,0,0,0,0,0,0,0,0,1038,2026-03-11T08:58:38Z,,duplicate of 019bff9a-8590-7083-8ab1-e66946babebc (kept swsh11-TG11)
tk-xy-su-4,019bff77-befc-77ae-b882-e552f68bfcb4,Eevee,Jungle,2.27,1.96,10515,25,10490,2,22.8,1,0,False,jungle,51/64,Unlimited,Common,https://cdn.poketrace.com/cards/98f4a0868011f1bd.webp,0.69,2612,1.514,1.514,0,0,True,150,4,169.5,169.5,0,0,0,0,10515,2026-03-11T08:58:38Z,,duplicate of 019bff77-befc-77ae-b882-e552f68bfcb4 (kept sm5-105)
xyp-XY14,019bff8c-7243-760b-b38e-5d9323c7a0d2,Trevenant,SM - Guardians Rising,1.32,0.36,206,14,192,2,1.7,1,0,False,sm-guardians-rising,7/145,Reverse_Holofoil,Rare,https://cdn.poketrace.com/cards/2edfc8e642d061eb.webp,0.27,162,0.354,0.354,0,0,True,70,1,0,0,5.51,1,0,0,206,2026-03-11T08:58:38Z,,duplicate of 019bff8c-7243-760b-b38e-5d9323c7a0d2 (kept xyp-XY94)
swsh5-62,019bff9d-c5dd-752a-bcc3-87b15894c93c,Mimikyu V,SWSH09: Brilliant Stars,1.47,1.65,3878,165,3713,2,1.1,1,0,False,swsh09-brilliant-stars,068/172,Holofoil,Ultra Rare,https://cdn.poketrace.com/cards/768f61c77233c988.webp,1.76,3325,1.668,1.668,0,0,True,97,34,94.666664,94.666664,19.5,21,13.796667,13.796667,3878,2026-03-11T08:58:38Z,,duplicate of 019bff9d-c5dd-752a-bcc3-87b15894c93c (kept swsh9-068)
pl1-121,019bff80-d351-7535-a79b-73aa0fcf5d0a,Rainbow Energy,XY Base Set,1.06,1.18,159,5,154,2,0.3,1,0,False,xy-base-set,131/146,Reverse_Holofoil,Uncommon,https://cdn.poketrace.com/cards/19bb445f131ba1dc.webp,0.63,61,1.176,1.176,0,0,False,0,0,0,0,0,0,0,0,159,2026-03-11T08:58:38Z,,duplicate of 019bff80-d351-7535-a79b-73aa0fcf5d0a (kept ex1-95)
ex6-28,019bff77-befc-77ae-b882-c7dcd7725dce,Primeape,Jungle,1.32,1.2,3080,8,3072,2,7.3,1,0,False,jungle,43/64,Unlimited,Uncommon,https://cdn.poketrace.com/cards/f520c31169f18f32.webp,0.62,806,1.288,1.288,0,0,True,0,0,0,0,0,0,0,0,3080,2026-03-11T08:58:38Z,,duplicate of 019bff77-befc-77ae-b882-c7dcd7725dce (kept hgss2-22)
sv04.5-224,019bffac-ba78-77ae-9c13-2cfe06f41356,Wugtrio,SV: Paldean Fates,2.3,1.7,23110,422,22688,2,2,1,0,False,sv-paldean-fates,224/091,Holofoil,Illustration Rare,https://cdn.poketrace.com/cards/8b6dcdaecd69ae48.webp,1.81,21713,1.666,1.666,0,0,True,51.495,40,43.287144,45.35,18,33,16.895714,16.895714,23110,2026-03-11T08:58:38Z,,duplicate of 019bffac-ba78-77ae-9c13-2cfe06f41356 (kept sv04.5-122)
bw6-18,019bff77-befa-771d-bab1-703df9419636,Vulpix,Base Set,1.47,0.85,5824,201,5623,2,8.5,1,0,False,base-set,068/102,Normal,Common,https://cdn.poketrace.com/cards/c58ddbce88f0156a.webp,0.4,1345,0.778,0.778,0,0,True,105,32,111.66333,111.66333,37.99,26,44.294003,44.294003,5824,2026-03-11T08:58:38Z,,duplicate of 019bff77-befa-771d-bab1-703df9419636 (kept 2016xy-1)
sm12-21,019bff90-0db3-7328-a5c6-e98572eb1a8d,Buzzwole,League & Championship Cards,2.3,1.04,771,5,766,2,7.5,3,0,False,league-and-championship-cards,077/131,Reverse_Holofoil,Promo,https://cdn.poketrace.com/cards/f0ceecc0bccd9377.webp,0.8,425,0.9625,0.9625,0,0,True,0,0,0,0,0,0,0,0,771,2026-03-11T08:58:38Z,,duplicate of 019bff90-0db3-7328-a5c6-e98572eb1a8d (kept sm6-77)
swsh2-181,019bff9c-c081-7545-beec-0f0488ecbae8,Boltund V,SWSH08: Fusion Strike,2.3,0.62,3478,95,3383,2,1.3,1,0,False,swsh08-fusion-strike,103/264,Holofoil,Ultra Rare,https://cdn.poketrace.com/cards/2a94591677544c2e.webp,0.73,3092,0.612,0.612,0,0,True,40,12,0,0,13.5,15,10.5,10.5,3478,2026-03-11T08:58:38Z,,duplicate of 019bff9c-c081-7545-beec-0f0488ecbae8 (kept swshp-SWSH085)
swshp-SWSH057,019bff99-7af1-7262-a093-db2af601c723,Grimmsnarl V,Shining Fates: Shiny Vault,1.07,1.62,2430,193,2237,2,3.6,1,0,False,shining-fates-shiny-vault,SV116/SV122,Holofoil,Shiny Holo Rare,https://cdn.poketrace.com/cards/df15df43ef093161.webp,1.48,2097,1.678,1.678,0,0,True,28,32,27.503334,27.503334,33.06,23,0,0,2330,2026-03-11T08:58:38Z,,duplicate of 019bff99-7af1-7262-a093-db2af601c723 (kept swsh4.5-SV116)
swshp-SWSH298,019bffa1-0210-706e-b837-c80c06b1a1df,Hisuian Zoroark VSTAR,SWSH11: Lost Origin,1.07,1.19,4620,197,4423,2,6.9,1,0,False,swsh11-lost-origin,147/196,Holofoil,Ultra Rare,https://cdn.poketrace.com/cards/341d13a9e6aab69b.webp,1.08,4099,1.108,1.108,0,0,True,18.5,30,24,24,13.5,22,11.452857,10.487,4534,2026-03-11T08:58:38Z,,duplicate of 019bffa1-0210-706e-b837-c80c06b1a1df (kept swsh11-147)
hgss3-47,019bff77-befc-77ae-b882-e552f68bfcb4,Eevee,Jungle,2.3,1.96,10515,25,10490,2,22.8,1,0,False,jungle,51/64,Unlimited,Common,https://cdn.poketrace.com/cards/98f4a0868011f1bd.webp,0.69,2612,1.514,1.514,0,0,True,150,4,169.5,169.5,0,0,0,0,10515,2026-03-11T08:58:38Z,,duplicate of 019bff77-befc-77ae-b882-e552f68bfcb4 (kept sm5-105)
dp2-60,019bff80-d351-7535-a79a-7d8d4ad89937,Quilava,Mysterious Treasures,1.07,4.19,187,13,174,2,0,1,0,False,mysterious-treasures,60/123,Reverse_Holofoil,Uncommon,https://cdn.poketrace.com/cards/9331f7ae7474e178.webp,3.75,93,4.19,4.19,0,0,True,89.53,1,0,0,90.93,1,0,0,183,2026-03-11T08:58:38Z,,duplicate of 019bff80-d351-7535-a79a-7d8d4ad89937 (kept neo1-46)
neo1-44,019bff7f-e2b8-7168-a040-fa92a0c2d08e,Piloswine,Neo Revelation,1.47,1.12,771,30,741,2,2,1,0,False,neo-revelation,36/64,Unlimited,Uncommon,https://cdn.poketrace.com/cards/1231f974317fa791.webp,0.85,208,1.098,1.098,0,0,True,39.99,4,25.916666,25.916666,26,2,16.125,16.125,771,2026-03-11T08:58:38Z,,duplicate of 019bff7f-e2b8-7168-a040-fa92a0c2d08e (kept neo3-36)
neo1-43,019bff7f-e2b8-7168-a03f-4504aee7f6b9,Phanpy,Neo Destiny,1.07,1.31,692,6,686,2,3.2,1,0,False,neo-destiny,076/105,Unlimited,Common,https://cdn.poketrace.com/cards/90b5b8f653c2bca9.webp,0.82,251,1.268,1.268,0,0,True,0,0,0,0,0,0,0,0,690,2026-03-11T08:58:38Z,,duplicate of 019bff7f-e2b8-7168-a03f-4504aee7f6b9 (kept ex1-62)
dp4-28,019bff77-befc-77ae-b883-31c7d78ec6b4,Slowking,Southern Islands,1.47,149.93,699,231,468,2,0.9,1,0,False,southern-islands,14/18,Reverse_Holofoil,Promo,https://cdn.poketrace.com/cards/2cb9b349d144d467.webp,86.64,87,148.508,148.508,0,0,True,3950,17,3357.4258,2232.06,390,21,355,355,699,2026-03-11T08:58:38Z,,duplicate of 019bff77-befc-77ae-b883-31c7d78ec6b4 (kept bw5-49)
dp3-82,019bff77-befa-771d-bab1-131dd5c20ddd,Charmander,Base Set,1.47,2.11,12916,385,12531,2,4.4,1,0,False,base-set,046/102,Normal,Common,https://cdn.poketrace.com/cards/064c705d83ed50e2.webp,0.88,3740,2.018,2.018,0,0,True,195,41,206.65572,213.815,41.475,43,39.19143,38.178463,12916,2026-03-11T08:58:38Z,,duplicate of 019bff77-befa-771d-bab1-131dd5c20ddd (kept base1-46)
ex15-87,019bff78-a648-7332-9aa3-6466de4a48b5,Boost Energy,Aquapolis,1.07,10.3,127,48,79,2,2,1,0,False,aquapolis,145/147,Reverse_Holofoil,Uncommon,https://cdn.poketrace.com/cards/f00c527d6683ea4f.webp,7.81,47,10.092,10.092,0,0,True,99.99,6,0,0,34.04,11,20.21857,31.44125,117,2026-03-11T08:58:38Z,,duplicate of 019bff78-a648-7332-9aa3-6466de4a48b5 (kept ex8-93)
sm11-77,019bff92-de41-7265-b538-5ed7d10f53de,Wynaut,SM - Unified Minds,1.46,4.34,343,22,321,2,2.8,1,0,False,sm-unified-minds,77/236,Reverse_Holofoil,Uncommon,https://cdn.poketrace.com/cards/5474fda0ddbaeb1c.webp,2.39,238,4.22,4.22,0,0,True,20.5,1,0,0,0,0,0,0,343,2026-03-11T08:58:38Z,,duplicate of 019bff92-de41-7265-b538-5ed7d10f53de (kept ex12-71)
base5-67,019bff77-befb-757f-890d-2bed048bebba,Slowpoke,Fossil,1.06,0.61,7373,8,7365,2,14.1,1,0,False,fossil,55/62,Unlimited,Common,https://cdn.poketrace.com/cards/709ab364c8331bc1.webp,0.49,1888,0.696,0.696,0,0,True,0,0,0,0,20.5,1,0,0,7370,2026-03-11T08:58:38Z,,duplicate of 019bff77-befb-757f-890d-2bed048bebba (kept lc-93)
swsh9-TG16,019bff9d-c5dd-752a-bcc3-87b15894c93c,Mimikyu V,SWSH09: Brilliant Stars,1.06,1.65,3878,165,3713,2,1.1,1,0,False,swsh09-brilliant-stars,068/172,Holofoil,Ultra Rare,https://cdn.poketrace.com/cards/768f61c77233c988.webp,1.76,3325,1.668,1.668,0,0,True,97,34,94.666664,94.666664,19.5,21,13.796667,13.796667,3789,2026-03-11T08:58:38Z,,duplicate of 019bff9d-c5dd-752a-bcc3-87b15894c93c (kept swsh9-068)
ex1-64,019bff80-d350-706b-9564-8c9b385e4716,Poochyena,Delta Species,1.06,14.02,165,45,120,2,13.8,1,0,False,delta-species,79/113,Reverse_Holofoil,Common,https://cdn.poketrace.com/cards/bba210c795e5b721.webp,8.33,95,12.09,12.09,0,0,True,153.5,8,84.49286,97.18125,46,6,26.676,26.676,136,2026-03-11T08:58:38Z,,duplicate of 019bff80-d350-706b-9564-8c9b385e4716 (kept ex8-70)
hgss4-32,019bff77-bef9-75ac-b16b-077d76fc9c8d,Dragonair,Base Set,1.06,13.93,3342,248,3094,2,0.9,1,0,False,base-set,018/102,Normal,Rare,https://cdn.poketrace.com/cards/c911052b6103d01a.webp,7.61,600,13.798,13.798,0,0,True,242.5,30,0,0,59.99,27,55.628002,55.628002,3136,2026-03-11T08:58:38Z,,duplicate of 019bff77-bef9-75ac-b16b-077d76fc9c8d (kept bw9-82)
ex2-17,019bff77-befb-757f-890c-d816dfe3216f,Golduck,Fossil,2.31,1.1,3290,125,3165,2,2.9,1,0,False,fossil,35/62,Unlimited,Uncommon,https://cdn.poketrace.com/cards/69a376a4b2675d9c.webp,0.56,775,1.132,1.132,0,0,True,190,25,0,0,80.83,24,0,0,3290,2026-03-11T08:58:38Z,,duplicate of 019bff77-befb-757f-890c-d816dfe3216f (kept dp3-28)
sm9-31,019bff77-befc-77ae-b883-2b46800375d1,Lapras,Southern Islands,2.31,46.82,435,140,295,2,0.5,1,0,False,southern-islands,12/18,Normal,Promo,https://cdn.poketrace.com/cards/2a5adbe34ca2fec4.webp,36.16,90,47.032,47.032,0,0,True,316.95,31,305.975,305.975,85,17,89.605,89.605,435,2026-03-11T08:58:38Z,,duplicate of 019bff77-befc-77ae-b883-2b46800375d1 (kept swshp-SWSH051)
swsh12.5-155,019bff77-bef9-75ac-b16a-de394c920bb9,Lightning Energy,Base Set,2.31,0.61,5390,132,5258,2,5.9,1,0,False,base-set,100/102,Normal,Common,https://cdn.poketrace.com/cards/87fe3107034be0b3.webp,0.35,1383,0.574,0.574,0,0,True,59,31,79.5,79.5,24.75,28,27.369999,27.369999,5390,2026-03-11T08:58:38Z,,duplicate of 019bff77-bef9-75ac-b16a-de394c920bb9 (kept ecard1-163)
xy5-35,019bff82-9f85-738b-870f-f09f87c4a9c0,Swampert,Crystal Guardians,1.06,32.16,206,97,109,2,3,1,0,False,crystal-guardians,27/100,Reverse_Holofoil,Rare,https://cdn.poketrace.com/cards/3b2c17aeebbcb7cd.webp,18.5,27,31.21,31.21,0,0,True,1023.23,11,898.5471,650.3936,81.98,21,112.03714,84.8635,122,2026-03-11T08:58:38Z,,duplicate of 019bff82-9f85-738b-870f-f09f87c4a9c0 (kept sm7-35)
bw3-21,019bff8a-a5c0-76a9-86a7-2dd45dc2a1a9,Volcarona,XY - Steam Siege,1.06,2.32,469,69,400,2,3.2,1,0,False,xy-steam-siege,15/114,Reverse_Holofoil,Rare,https://cdn.poketrace.com/cards/851e9e81b7369438.webp,1.25,292,2.246,2.246,0,0,True,27.5,15,41.005,41.005,50,18,21.5,21.5,415,2026-03-11T08:58:38Z,,duplicate of 019bff8a-a5c0-76a9-86a7-2dd45dc2a1a9 (kept bw5-22)
col1-32,019bff77-befc-77ae-b883-31c7d78ec6b4,Slowking,Southern Islands,2.3,149.93,699,231,468,2,0.9,1,0,False,southern-islands,14/18,Reverse_Holofoil,Promo,https://cdn.poketrace.com/cards/2cb9b349d144d467.webp,86.64,87,148.508,148.508,0,0,True,3950,17,3357.4258,2232.06,390,21,355,355,699,2026-03-11T08:58:38Z,,duplicate of 019bff77-befc-77ae-b883-31c7d78ec6b4 (kept bw5-49)
dp1-18,019bff78-a647-717f-a4e1-1143bf0e1f2d,Azumarill,Neo Genesis,1.46,20.26,744,198,546,2,1.3,1,0,False,neo-genesis,002/111,Unlimited_Holofoil,Holo Rare,https://cdn.poketrace.com/cards/24db8e6e63c89098.webp,16.34,116,19.996,19.996,0,0,True,855,4,0,0,72.72,21,0,0,744,2026-03-11T08:58:38Z,,duplicate of 019bff78-a647-717f-a4e1-1143bf0e1f2d (kept ex2-30)
pl2-45,019bff85-5452-714a-9660-5261189907b2,Leafeon,Deck Exclusives,2.32,10.06,242,0,242,1,2.1,1,0,False,deck-exclusives,011/116,Holofoil,Holo Rare,https://cdn.poketrace.com/cards/0b94dec56aee870e.webp,6.4,41,9.85,9.85,0,0,False,0,0,0,0,0,0,0,0,242,2026-03-11T08:58:38Z,,duplicate of 019bff85-5452-714a-9660-5261189907b2 (kept xy3-7)
dp5-78,019bff83-863f-718a-b5c1-6062d11cc810,Turtwig,POP Series 9,1.06,1.18,391,27,364,2,1.2,1,0,False,pop-series-9,017/017,Normal,Common,https://cdn.poketrace.com/cards/d265ecdb84efd012.webp,0.76,131,1.166,1.166,0,0,True,430.56,1,0,0,26.35,1,0,0,380,2026-03-11T08:58:38Z,,duplicate of 019bff83-863f-718a-b5c1-6062d11cc810 (kept pop9-17)
xy8-11,019c3ac3-ec64-7448-8de1-863052a882dd,Chesnaught,XY Base Set,1.46,2.23,251,15,236,2,0.6,1,0,False,xy-base-set,14/146,Holofoil,Holo Rare,https://cdn.poketrace.com/cards/7a37437507e887ff.webp,1.38,79,2.244,2.244,0,0,True,299.99,1,0,0,0,0,0,0,251,2026-03-11T08:58:38Z,,duplicate of 019c3ac3-ec64-7448-8de1-863052a882dd (kept xy1-14)
bw7-30,019bff77-befa-771d-bab1-034b7ece2b74,Wartortle,Base Set,1.32,3.85,4667,286,4381,2,3.2,1,0,False,base-set,042/102,Normal,Uncommon,https://cdn.poketrace.com/cards/e6c56af3cb3fd058.webp,2.32,1074,3.726,3.726,0,0,True,249.99,43,204.64714,204.64714,66,28,60.219997,60.219997,4667,2026-03-11T08:58:38Z,,duplicate of 019bff77-befa-771d-bab1-034b7ece2b74 (kept ex14-42)
base4-70,019bff77-befc-77ae-b882-e342fddd16a2,Cubone,Jungle,1.46,1.32,9806,14,9792,2,7.1,1,0,False,jungle,50/64,Unlimited,Common,https://cdn.poketrace.com/cards/4349c6d8a2ae7353.webp,0.53,2741,1.414,1.414,0,0,True,0,0,0,0,39,1,0,0,9806,2026-03-11T08:58:38Z,,duplicate of 019bff77-befc-77ae-b882-e342fddd16a2 (kept base2-50)
bw3-64,019bffb0-7845-751b-84c6-64d893c635d8,Conkeldurr,SV06: Twilight Masquerade,2.32,0.26,1459,15,1444,2,3.1,1,0,False,sv06-twilight-masquerade,105/167,Reverse_Holofoil,Uncommon,https://cdn.poketrace.com/cards/6dafcc30e2ca92f5.webp,0.19,1319,0.252,0.252,0,0,False,0,0,0,0,0,0,0,0,1459,2026-03-11T08:58:38Z,,duplicate of 019bffb0-7845-751b-84c6-64d893c635d8 (kept bw8-81)
swshp-SWSH219,019bff9c-c081-7545-beec-0f0488ecbae8,Boltund V,SWSH08: Fusion Strike,1.05,0.62,3478,95,3383,2,1.3,1,0,False,swsh08-fusion-strike,103/264,Holofoil,Ultra Rare,https://cdn.poketrace.com/cards/2a94591677544c2e.webp,0.73,3092,0.612,0.612,0,0,True,40,12,0,0,13.5,15,10.5,10.5,3425,2026-03-11T08:58:38Z,,duplicate of 019bff9c-c081-7545-beec-0f0488ecbae8 (kept swshp-SWSH085)
bw7-7,019bff77-befb-757f-890a-db329248ee41,Scyther,Base Set 2,1.05,26.98,1142,206,936,2,0.6,1,0,False,base-set-2,017/130,Holofoil,Holo Rare,https://cdn.poketrace.com/cards/964c3d38c61fd041.webp,15.97,127,26.814,26.814,0,0,True,911,4,0,0,150,12,133.19,133.19,1034,2026-03-11T08:58:38Z,,duplicate of 019bff77-befb-757f-890a-db329248ee41 (kept neo4-55)
base4-114,,Pokémon Center,,1.05,0,0,0,0,0,0,0,0,False,,,,,,0,0,0,0,0,0,False,0,0,0,0,0,0,0,0,0,2026-03-11T08:58:38Z,,
dp3-46,019bff77-bef9-75ac-b16b-224db895485a,Charmeleon,Base Set,1.05,2.75,6358,290,6068,2,8.2,1,0,False,base-set,024/102,Normal,Uncommon,https://cdn.poketrace.com/cards/c922364e82b319e5.webp,1.09,1333,2.524,2.524,0,0,True,150.72,28,169.36,169.36,42.99,23,37.620003,37.620003,6109,2026-03-11T08:58:38Z,,duplicate of 019bff77-bef9-75ac-b16b-224db895485a (kept bw7-19)
swsh4.5-SV118,019bff99-7af1-7262-a094-1304708de1a7,Ditto V,Shining Fates,1.46,1.14,3914,202,3712,2,4.2,1,0,False,shining-fates,050/072,Holofoil,Ultra Rare,https://cdn.poketrace.com/cards/72a3606ab4656a22.webp,0.98,3394,1.188,1.188,0,0,True,62,31,0,0,20.475,33,16.71,12.897857,3914,2026-03-11T08:58:38Z,,duplicate of 019bff99-7af1-7262-a094-1304708de1a7 (kept swsh4.5-50)
base1-36,019bff77-befb-757f-890c-e933d6503090,Magmar,Fossil,2.33,0.81,4517,8,4509,2,12.1,1,0,False,fossil,39/62,Unlimited,Uncommon,https://cdn.poketrace.com/cards/ee401a96fba7af30.webp,0.46,1014,0.908,0.908,0,0,True,0,0,0,0,20.5,1,0,0,4517,2026-03-11T08:58:38Z,,duplicate of 019bff77-befb-757f-890c-e933d6503090 (kept base4-51)
ex12-26,019bff82-9f84-7584-9774-3749592777dd,Spinda,POP Series 7,1.44,1.23,225,0,225,1,0.7,1,0,False,pop-series-7,017/017,Normal,Common,https://cdn.poketrace.com/cards/c5edf4c8b3cd8f0f.webp,0.73,72,1.222,1.222,0,0,False,0,0,0,0,0,0,0,0,225,2026-03-11T08:58:38Z,,duplicate of 019bff82-9f84-7584-9774-3749592777dd (kept pop7-17)
sm6-117,,Beast Energy ◇,,1.45,0,0,0,0,0,0,0,0,False,,,,,,0,0,0,0,0,0,False,0,0,0,0,0,0,0,0,0,2026-03-11T08:58:38Z,,
swshp-SWSH191,019bff85-5452-714a-9660-5261189907b2,Leafeon,Deck Exclusives,2.33,10.06,242,0,242,1,2.1,1,0,False,deck-exclusives,011/116,Holofoil,Holo Rare,https://cdn.poketrace.com/cards/0b94dec56aee870e.webp,6.4,41,9.85,9.85,0,0,False,0,0,0,0,0,0,0,0,242,2026-03-11T08:58:38Z,,duplicate of 019bff85-5452-714a-9660-5261189907b2 (kept xy3-7)
swshp-SWSH194,019bffa4-08c2-73d1-9af8-06682c5306af,Leafeon V,Crown Zenith,2.33,1.73,5408,249,5159,2,3.5,1,0,False,crown-zenith,013/159,Holofoil,Ultra Rare,https://cdn.poketrace.com/cards/77a1c05f7732c886.webp,1.53,4880,1.67,1.67,0,0,True,31,33,0,0,19,26,16.994999,16.994999,5408,2026-03-11T08:58:38Z,,duplicate of 019bffa4-08c2-73d1-9af8-06682c5306af (kept swsh12.5-013)
base3-43,019bff77-befb-757f-890c-fa17936ae5e0,Slowbro,Fossil,2.33,1.4,3413,148,3265,2,1,1,0,False,fossil,43/62,Unlimited,Uncommon,https://cdn.poketrace.com/cards/76dd7db498bf8b25.webp,0.67,798,1.414,1.414,0,0,True,200,27,257.94644,257.94644,30,29,31,31,3413,2026-03-11T08:58:38Z,,duplicate of 019bff77-befb-757f-890c-fa17936ae5e0 (kept dp4-54)
ex9-72,019bff77-befa-771d-bab1-703df9419636,Vulpix,Base Set,1.45,0.85,5824,201,5623,2,8.5,1,0,False,base-set,068/102,Normal,Common,https://cdn.poketrace.com/cards/c58ddbce88f0156a.webp,0.4,1345,0.778,0.778,0,0,True,105,32,111.66333,111.66333,37.99,26,44.294003,44.294003,5824,2026-03-11T08:58:38Z,,duplicate of 019bff77-befa-771d-bab1-703df9419636 (kept 2016xy-1)
hgss1-39,019bff7a-78f4-707a-bf6e-1046f89c3dfa,Delibird,Neo Revelation,1.05,36.82,449,171,278,2,1,1,0,False,neo-revelation,05/64,Unlimited_Holofoil,Holo Rare,https://cdn.poketrace.com/cards/86280931ef83a94b.webp,30.7,69,37.18,37.18,0,0,True,510.17,12,0,0,74.9,25,0,0,302,2026-03-11T08:58:38Z,,duplicate of 019bff7a-78f4-707a-bf6e-1046f89c3dfa (kept me01-152)
ex6-23,019bff77-bef9-75ac-b16b-2ecf14c4dc5c,Farfetch'd,Base Set,1.45,1.31,3770,167,3603,2,24.4,1,0,False,base-set,027/102,Normal,Uncommon,https://cdn.poketrace.com/cards/95f5303a3c941d46.webp,0.63,834,1.63,1.63,0,0,True,115,30,0,0,47.89,23,26.293333,26.293333,3770,2026-03-11T08:58:38Z,,duplicate of 019bff77-bef9-75ac-b16b-2ecf14c4dc5c (kept base1-27)
pop7-13,019bff79-8e10-76e9-bb0e-a3d332266d0e,Corsola,Neo Discovery,1.05,4.48,862,32,830,2,4.4,1,0,False,neo-discovery,37/75,Unlimited,Uncommon,https://cdn.poketrace.com/cards/8b26803f86cb4ac8.webp,1.98,270,4.282,4.282,0,0,True,49.63,2,36.102856,44.620712,29.99,4,18,22.26706,847,2026-03-11T08:58:38Z,,duplicate of 019bff79-8e10-76e9-bb0e-a3d332266d0e (kept ecard1-102)
ex12-22,019bff77-befa-771d-bab1-bd95fcae491a,Magneton,Base Set,1.05,32.25,3316,351,2965,2,9.9,1,0,False,base-set,009/102,Holofoil,Holo Rare,https://cdn.poketrace.com/cards/71b331bda7444103.webp,13.62,360,29.062,29.062,0,0,True,950,30,0,0,159.99,25,141.63715,141.63715,2998,2026-03-11T08:58:38Z,,duplicate of 019bff77-befa-771d-bab1-bd95fcae491a (kept lc-28)
ex11-45,019bff7d-2e11-71aa-95c2-b199ea86c0d5,Illumise,Delta Species,1.32,8.55,134,36,98,2,25.9,1,0,False,delta-species,45/113,Reverse_Holofoil,Uncommon,https://cdn.poketrace.com/cards/555c3678b0ccd7c5.webp,4.72,47,6.332,6.332,0,0,True,152.5,13,92.807144,79.51,44.99,6,13.63,13.63,134,2026-03-11T08:58:38Z,,duplicate of 019bff7d-2e11-71aa-95c2-b199ea86c0d5 (kept ex9-32)
base2-44,019bff77-befc-77ae-b882-c94357509dd1,Rapidash,Jungle,1.45,1.84,2915,131,2784,2,2,1,0,False,jungle,44/64,Unlimited,Uncommon,https://cdn.poketrace.com/cards/731217386124ada1.webp,0.89,681,1.804,1.804,0,0,True,175,12,187.95857,114.27464,22.05,26,214.15666,214.15666,2915,2026-03-11T08:58:38Z,,duplicate of 019bff77-befc-77ae-b882-c94357509dd1 (kept ex11-52)
me02-056,019c0012-d832-755f-9d0a-06a58af5fcb5,Mega Gengar ex,ME02: Phantasmal Flames,1.45,2.49,63258,264,62994,2,17.4,0,0,False,me02-phantasmal-flames,056/094,Holofoil,Double Rare,https://cdn.poketrace.com/cards/dce694d4e208e348.webp,2.34,59172,2.056,2.056,0,0,True,69.5,59,75.12357,81.1435,19.5,49,19.209286,20.9355,63258,2026-03-11T08:58:38Z,,duplicate of 019c0012-d832-755f-9d0a-06a58af5fcb5 (kept me02.5-125)
ex10-54,019bff79-8e10-76e9-bb10-538f19c42ced,Cyndaquil,Neo Destiny,1.45,1.71,1058,1,1057,2,4.1,1,0,False,neo-destiny,061/105,Unlimited,Common,https://cdn.poketrace.com/cards/1e0733a43e97e1e4.webp,1.15,334,1.78,1.78,0,0,False,0,0,0,0,0,0,0,0,1058,2026-03-11T08:58:38Z,,duplicate of 019bff79-8e10-76e9-bb10-538f19c42ced (kept hgss1-61)
xy0-24,019bff89-bc5f-7465-9230-23c260be441a,Swirlix,Generations: Radiant Collection,1.33,7.85,1658,76,1582,2,1.8,1,0,False,generations-radiant-collection,RC19/RC32,Holofoil,Uncommon,https://cdn.poketrace.com/cards/7dbb99ccb63e7586.webp,6.49,650,7.71,7.71,0,0,True,275,7,120.646,120.646,25,7,32.5,32.5,1658,2026-03-11T08:58:38Z,,duplicate of 019bff89-bc5f-7465-9230-23c260be441a (kept g1-RC19)
ex15-26,,Bayleef δ,,1.05,0,0,0,0,0,0,0,0,False,,,,,,0,0,0,0,0,0,False,0,0,0,0,0,0,0,0,0,2026-03-11T08:58:38Z,,
ex15-33,,Kirlia δ,,1.04,0,0,0,0,0,0,0,0,False,,,,,,0,0,0,0,0,0,False,0,0,0,0,0,0,0,0,0,2026-03-11T08:58:38Z,,
ex16-22,019bff81-ba59-7208-a499-0759e14dd9e0,Sableye,Crystal Guardians,1.04,27.62,226,90,136,2,2.2,1,0,False,crystal-guardians,10/100,Reverse_Holofoil,Holo Rare,https://cdn.poketrace.com/cards/25899fb02c8bd108.webp,29.84,50,27.004,27.004,0,0,True,800,6,406.78427,246.17375,151.5,25,151.5,151.5,148,2026-03-11T08:58:38Z,,duplicate of 019bff81-ba59-7208-a499-0759e14dd9e0 (kept ex13-31)
base4-77,019bff77-befc-77ae-b882-f2d3a72e69fe,Jigglypuff,Jungle,1.04,1.6,7188,23,7165,2,1.1,1,0,False,jungle,54/64,Unlimited,Common,https://cdn.poketrace.com/cards/7955f868b4ee65d3.webp,0.46,2189,1.582,1.582,0,0,True,252.52,1,0,0,0,0,0,0,7178,2026-03-11T08:58:38Z,,duplicate of 019bff77-befc-77ae-b882-f2d3a72e69fe (kept hgss1-68)
ex10-97,019bff7e-fc4f-7384-9b8a-104bfe68f9b5,Metal Energy,Neo Genesis,1.04,12.07,776,164,612,2,2.2,1,0,False,neo-genesis,019/111,Unlimited_Holofoil,Holo Rare,https://cdn.poketrace.com/cards/7e5ac46e1ae37f03.webp,9.29,75,12.332,12.332,0,0,True,346,3,0,0,29.99,20,0,0,626,2026-03-11T08:58:38Z,,duplicate of 019bff7e-fc4f-7384-9b8a-104bfe68f9b5 (kept dp1-130)
det1-13,019bff77-befa-771d-bab1-9c2f54818627,Machamp,Deck Exclusives,1.45,29.95,5348,371,4977,2,1.6,3,0,False,deck-exclusives,008/102,1st_Edition_Holofoil,Holo Rare,https://cdn.poketrace.com/cards/7633a42d533b61fb.webp,17.26,432,29.4775,29.4775,0,0,True,4150,32,3980,3980,232.5,23,223.72357,228.118,5348,2026-03-11T08:58:38Z,,duplicate of 019bff77-befa-771d-bab1-9c2f54818627 (kept bw10-49)
dp3-36,019bff7f-e2b8-7168-a041-b603230d9dec,Plusle,POP Series 1,2.34,1.93,410,38,372,2,2.2,1,0,False,pop-series-1,013/017,Normal,Common,https://cdn.poketrace.com/cards/6a391137e8165e12.webp,1.02,283,1.888,1.888,0,0,True,99.95,9,38.427143,38.6225,38.93,4,18.723333,18.723333,410,2026-03-11T08:58:38Z,,duplicate of 019bff7f-e2b8-7168-a041-b603230d9dec (kept pop1-13)
ex1-27,019bff79-8e10-76e9-bb0e-144a5e99dce8,Combusken,Ruby and Sapphire,1.04,15.08,172,33,139,2,0,1,0,False,ruby-and-sapphire,27/109,Reverse_Holofoil,Uncommon,https://cdn.poketrace.com/cards/d846c3758a1984f9.webp,7.32,55,15.076,15.076,0,0,True,449.95,3,0,0,37.55,8,0,0,151,2026-03-11T08:58:38Z,,duplicate of 019bff79-8e10-76e9-bb0e-144a5e99dce8 (kept ex1-28)
swshp-SWSH017,019bff99-7af1-7262-a093-c3c1723501eb,Toxtricity V,Shining Fates: Shiny Vault,1.44,1.67,2407,192,2215,2,1.6,1,0,False,shining-fates-shiny-vault,SV112/SV122,Holofoil,Shiny Holo Rare,https://cdn.poketrace.com/cards/c2d2284460307c6f.webp,1.5,2084,1.644,1.644,0,0,True,45,33,46.0175,46.0175,14.99,21,0,0,2407,2026-03-11T08:58:38Z,,duplicate of 019bff99-7af1-7262-a093-c3c1723501eb (kept swsh4.5-SV112)
hgss3-36,019bff77-befb-757f-890a-db329248ee41,Scyther,Base Set 2,1.33,26.98,1142,206,936,2,0.6,1,0,False,base-set-2,017/130,Holofoil,Holo Rare,https://cdn.poketrace.com/cards/964c3d38c61fd041.webp,15.97,127,26.814,26.814,0,0,True,911,4,0,0,150,12,133.19,133.19,1142,2026-03-11T08:58:38Z,,duplicate of 019bff77-befb-757f-890a-db329248ee41 (kept neo4-55)
base4-69,019bff77-befa-771d-bab1-131dd5c20ddd,Charmander,Base Set,1.44,2.11,12916,385,12531,2,4.4,1,0,False,base-set,046/102,Normal,Common,https://cdn.poketrace.com/cards/064c705d83ed50e2.webp,0.88,3740,2.018,2.018,0,0,True,195,41,206.65572,213.815,41.475,43,39.19143,38.178463,12916,2026-03-11T08:58:38Z,,duplicate of 019bff77-befa-771d-bab1-131dd5c20ddd (kept base1-46)
ex1-67,019bff80-d351-7535-a79b-88d60639f39f,Ralts,Ruby and Sapphire,1.33,10.99,175,22,153,2,9.7,1,0,False,ruby-and-sapphire,67/109,Reverse_Holofoil,Common,https://cdn.poketrace.com/cards/c014251c78e32bec.webp,10.91,93,9.924,9.924,0,0,True,0,0,0,0,123.64,2,0,0,175,2026-03-11T08:58:38Z,,duplicate of 019bff80-d351-7535-a79b-88d60639f39f (kept ex2-74)
ex13-15,,Raichu δ,,2.35,0,0,0,0,0,0,0,0,False,,,,,,0,0,0,0,0,0,False,0,0,0,0,0,0,0,0,0,2026-03-11T08:58:38Z,,
swsh2-188,019bff99-7af1-7262-a093-f3a280c98eca,Dubwool V,Shining Fates: Shiny Vault,2.35,1.08,2128,173,1955,2,1.1,1,0,False,shining-fates-shiny-vault,SV120/SV122,Holofoil,Shiny Holo Rare,https://cdn.poketrace.com/cards/3bee586e3b1b5089.webp,1,1860,1.068,1.068,0,0,True,30,37,28.013334,28.013334,14.01,24,0,0,2128,2026-03-11T08:58:38Z,,duplicate of 019bff99-7af1-7262-a093-f3a280c98eca (kept swsh4.5-SV120)
xy6-72,019bff82-9f85-738b-8710-1e0ee15cf4ed,Swellow,POP Series 1,1.44,0.59,289,45,244,2,2,1,0,False,pop-series-1,015/017,Normal,Common,https://cdn.poketrace.com/cards/287ce093f4254d90.webp,0.52,178,0.602,0.602,0,0,True,35,3,37.25,37.25,9,5,9.566667,9.566667,289,2026-03-11T08:58:38Z,,duplicate of 019bff82-9f85-738b-8710-1e0ee15cf4ed (kept ex1-46)
sv04.5-183,019bff84-6f79-7196-a6a4-9004a4392c43,Weavile,XY - Flashfire,2.35,0.79,158,18,140,2,12.2,1,0,False,xy-flashfire,52/106,Reverse_Holofoil,Rare,https://cdn.poketrace.com/cards/b857680d12779d5e.webp,0.4,83,0.694,0.694,0,0,False,0,0,0,0,0,0,0,0,158,2026-03-11T08:58:38Z,,duplicate of 019bff84-6f79-7196-a6a4-9004a4392c43 (kept hgss3-25)
tk-xy-w-5,019bff8b-8e0e-7604-a50a-22cb5b0bee21,Fairy Energy,XY - Evolutions,2.36,3.17,757,66,691,2,8.6,1,0,False,xy-evolutions,99/108,Reverse_Holofoil,Common,https://cdn.poketrace.com/cards/10c364670207cd95.webp,2.14,416,2.898,2.898,0,0,True,30,7,90.098,90.098,10,28,11.715714,11.911897,757,2026-03-11T08:58:38Z,,duplicate of 019bff8b-8e0e-7604-a50a-22cb5b0bee21 (kept tk-xy-w-21)
neo1-70,019bff77-befc-77ae-b883-0afaca693ed3,Pikachu,Jungle,2.36,4.17,10106,70,10036,2,3,1,0,False,jungle,60/64,Unlimited,Common,https://cdn.poketrace.com/cards/2dce032950d00652.webp,1.74,2433,4.046,4.046,0,0,True,270,8,360.11667,360.11667,56.035,11,45.23357,45.828125,10106,2026-03-11T08:58:38Z,,duplicate of 019bff77-befc-77ae-b883-0afaca693ed3 (kept g1-RC29)
ex2-66,019bff7e-1600-7088-8281-213efd7b12f8,Lotad,Crystal Guardians,1.33,7.67,173,69,104,2,2,1,0,False,crystal-guardians,55/100,Reverse_Holofoil,Common,https://cdn.poketrace.com/cards/86364e896c3840c8.webp,4.83,73,7.516,7.516,0,0,True,245,9,145.21,151.28778,79.99,13,38.692856,37.96353,173,2026-03-11T08:58:38Z,,duplicate of 019bff7e-1600-7088-8281-213efd7b12f8 (kept ex2-67)
g1-42,019bff77-befa-771d-bab1-9c2f54818627,Machamp,Deck Exclusives,1.44,29.95,5348,371,4977,2,1.6,3,0,False,deck-exclusives,008/102,1st_Edition_Holofoil,Holo Rare,https://cdn.poketrace.com/cards/7633a42d533b61fb.webp,17.26,432,29.4775,29.4775,0,0,True,4150,32,3980,3980,232.5,23,223.72357,228.118,5348,2026-03-11T08:58:38Z,,duplicate of 019bff77-befa-771d-bab1-9c2f54818627 (kept bw10-49)
bw7-110,019bff83-863e-704c-9303-329c235b1491,Togepi,WoTC Promo,1.44,20.17,1112,167,945,2,5.2,1,0,False,wotc-promo,30/53,Normal,Promo,https://cdn.poketrace.com/cards/8ece7e1687fe7271.webp,12.14,510,19.118,19.118,0,0,True,250,38,213.02083,213.02083,51,23,41.5,41.5,1112,2026-03-11T08:58:38Z,,duplicate of 019bff83-863e-704c-9303-329c235b1491 (kept ex5-78)
sm10-126,019bff7e-1600-7088-8281-c05c0dd45480,Lucario,DP Trainer Kit: Manaphy & Lucario,1.43,5.14,365,0,365,1,2.2,1,0,False,dp-trainer-kit-manaphy-and-lucario,3/11,Holofoil,Common,https://cdn.poketrace.com/cards/046b78a7efb63fe0.webp,3.97,31,5.028,5.028,0,0,False,0,0,0,0,0,0,0,0,365,2026-03-11T08:58:38Z,,duplicate of 019bff7e-1600-7088-8281-c05c0dd45480 (kept hgss2-19)
base4-56,019bff77-befc-77ae-b882-c158db120175,Persian,Jungle,2.36,0.68,3926,5,3921,2,2.1,1,0,False,jungle,42/64,Unlimited,Uncommon,https://cdn.poketrace.com/cards/b63eb724d78fd441.webp,0.45,876,0.666,0.666,0,0,True,0,0,0,0,0,0,0,0,3926,2026-03-11T08:58:38Z,,duplicate of 019bff77-befc-77ae-b882-c158db120175 (kept base2-42)
swsh12.5-GG47,019bffa3-068f-741c-943c-781b93b80b4d,Hatterene VMAX,Crown Zenith,1.44,1.64,4483,171,4312,2,5.6,1,0,False,crown-zenith,066/159,Holofoil,Ultra Rare,https://cdn.poketrace.com/cards/8e9d352d4c90ee0b.webp,1.63,4103,1.732,1.732,0,0,True,13.5,31,23.298573,26.575666,14.23,16,0,0,4483,2026-03-11T08:58:38Z,,duplicate of 019bffa3-068f-741c-943c-781b93b80b4d (kept swsh12.5-066)
neo1-32,019bff79-8e10-76e9-bb0f-968d82e42854,Croconaw,Unseen Forces,1.43,21.33,162,83,79,2,0,1,0,False,unseen-forces,38/115,Reverse_Holofoil,Uncommon,https://cdn.poketrace.com/cards/f603847fff8b60c3.webp,18.1,36,21.33,21.33,0,0,True,182.5,14,0,0,46,15,0,0,162,2026-03-11T08:58:38Z,,duplicate of 019bff79-8e10-76e9-bb0f-968d82e42854 (kept dp2-44)
hgss1-58,019bff77-bef9-75ac-b16b-3ab0c302a008,Chansey,Base Set,1.04,45.54,2372,372,2000,2,7.5,1,0,False,base-set,003/102,Holofoil,Holo Rare,https://cdn.poketrace.com/cards/964fed83007d0ba8.webp,23.96,291,42.122,42.122,0,0,True,4999,31,0,0,315,19,323.28,323.28,2030,2026-03-11T08:58:38Z,,duplicate of 019bff77-bef9-75ac-b16b-3ab0c302a008 (kept ex10-20)
sv04.5-222,019bffaa-1a46-7583-8091-10aef4747ab2,Wigglytuff ex,SV: Scarlet & Violet 151,1.43,1.11,10870,213,10657,2,2.2,1,0,False,sv-scarlet-and-violet-151,040/165,Holofoil,Double Rare,https://cdn.poketrace.com/cards/5ec02b01f9abda7b.webp,1.25,9880,1.134,1.134,0,0,True,22.61,22,0,0,14.64,25,13.383333,13.383333,10870,2026-03-11T08:58:38Z,,duplicate of 019bffaa-1a46-7583-8091-10aef4747ab2 (kept sv03.5-040)
neo1-31,019bff79-8e10-76e9-bb0f-968d82e42854,Croconaw,Unseen Forces,1.43,21.33,162,83,79,2,0,1,0,False,unseen-forces,38/115,Reverse_Holofoil,Uncommon,https://cdn.poketrace.com/cards/f603847fff8b60c3.webp,18.1,36,21.33,21.33,0,0,True,182.5,14,0,0,46,15,0,0,162,2026-03-11T08:58:38Z,,duplicate of 019bff79-8e10-76e9-bb0f-968d82e42854 (kept dp2-44)
ex8-27,019bff83-863f-718a-b5c1-11f50122a7d0,Tropius,Deoxys,1.33,25.08,129,37,92,2,1.5,1,0,False,deoxys,27/107,Reverse_Holofoil,Rare,https://cdn.poketrace.com/cards/3d489f0cfdb60d85.webp,19,49,24.716,24.716,0,0,True,475,9,425,425,65,10,0,0,129,2026-03-11T08:58:38Z,,duplicate of 019bff83-863f-718a-b5c1-11f50122a7d0 (kept ex5-27)
sv06-025,019bffb0-7845-751b-84c5-27d6a42b6d85,Teal Mask Ogerpon ex,SV06: Twilight Masquerade,2.37,2.28,18411,229,18182,2,0.7,1,0,False,sv06-twilight-masquerade,025/167,Holofoil,Double Rare,https://cdn.poketrace.com/cards/750871a354a8d8cf.webp,2.11,17150,2.296,2.296,0,0,True,25,28,23.5,23.5,4.25,20,0,0,18411,2026-03-11T08:58:38Z,,duplicate of 019bffb0-7845-751b-84c5-27d6a42b6d85 (kept sv08.5-012)
ex6-65,019bff77-befc-77ae-b882-f2d3a72e69fe,Jigglypuff,Jungle,2.35,1.6,7188,23,7165,2,1.1,1,0,False,jungle,54/64,Unlimited,Common,https://cdn.poketrace.com/cards/7955f868b4ee65d3.webp,0.46,2189,1.582,1.582,0,0,True,252.52,1,0,0,0,0,0,0,7188,2026-03-11T08:58:38Z,,duplicate of 019bff77-befc-77ae-b882-f2d3a72e69fe (kept hgss1-68)
bw11-RC3,019bff81-ba5a-741b-bef4-8e48112cfcbd,Serperior,Legendary Treasures: Radiant Collection,1.43,3.95,1306,29,1277,2,0,1,0,False,legendary-treasures-radiant-collection,RC3/RC25,Holofoil,Uncommon,https://cdn.poketrace.com/cards/ec82cfac45992928.webp,2.07,396,3.95,3.95,0,0,True,131.36,1,0,0,19.99,1,0,0,1306,2026-03-11T08:58:38Z,,duplicate of 019bff81-ba5a-741b-bef4-8e48112cfcbd (kept bw1-5)
bw10-74,019bff8d-8220-71c8-938c-be263638b851,Porygon-Z,SM - Burning Shadows,2.35,0.36,439,19,420,2,10.6,1,0,False,sm-burning-shadows,105/147,Reverse_Holofoil,Holo Rare,https://cdn.poketrace.com/cards/c1feddf70d95ff5b.webp,0.33,331,0.322,0.322,0,0,True,31,2,46.5,46.5,14.26,1,8.818571,12.978,439,2026-03-11T08:58:38Z,,duplicate of 019bff8d-8220-71c8-938c-be263638b851 (kept sm10-157)
bw4-13,019bff77-bef9-75ac-b16b-1dfb59e80b55,Arcanine,Base Set,1.04,3.02,3894,230,3664,2,10.5,1,0,False,base-set,023/102,Normal,Uncommon,https://cdn.poketrace.com/cards/bf03e8b08c598353.webp,1.46,864,3.338,3.338,0,0,True,245,28,243.25,243.25,62,25,65.15357,67.00938,3704,2026-03-11T08:58:38Z,,duplicate of 019bff77-bef9-75ac-b16b-1dfb59e80b55 (kept pl3-50)
g1-RC16,019bff89-bc5f-7465-9230-1724978711de,Yveltal,Generations: Radiant Collection,1.04,3.87,1734,69,1665,2,2.5,1,0,False,generations-radiant-collection,RC16/RC32,Holofoil,Uncommon,https://cdn.poketrace.com/cards/c865df0ccef826e0.webp,1.83,802,3.966,3.966,0,0,True,524,6,0,0,41,10,0,0,1694,2026-03-11T08:58:38Z,,duplicate of 019bff89-bc5f-7465-9230-1724978711de (kept sm9-95)
swshp-SWSH099,019bff99-7af1-7262-a093-ed7b26d9e3ea,Crobat VMAX,Shining Fates,2.37,1.41,3295,188,3107,2,1.1,1,0,False,shining-fates,045/072,Holofoil,Ultra Rare,https://cdn.poketrace.com/cards/a9d05a9604885451.webp,1.45,2855,1.426,1.426,0,0,True,39.99,35,28.898,28.898,19.99,22,0,0,3295,2026-03-11T08:58:38Z,,duplicate of 019bff99-7af1-7262-a093-ed7b26d9e3ea (kept swsh4.5-45)
bw10-20,019bff82-9f84-7584-9776-57f43a8dbba3,Suicune,WoTC Promo,1.04,41.9,514,161,353,2,2.1,1,0,False,wotc-promo,53/53,Normal,Promo,https://cdn.poketrace.com/cards/709100bbb5c05e31.webp,29.11,69,41.034,41.034,0,0,True,270,22,0,0,124.61,28,0,0,368,2026-03-11T08:58:38Z,,duplicate of 019bff82-9f84-7584-9776-57f43a8dbba3 (kept tk-xy-su-30)
neo1-38,019bff7d-2e13-7175-b43e-a6aee6470bde,Lanturn,Neo Genesis,2.38,0.91,925,6,919,2,4,1,0,False,neo-genesis,038/111,Unlimited,Uncommon,https://cdn.poketrace.com/cards/35c8b7c730452b26.webp,0.53,223,0.874,0.874,0,0,False,0,0,0,0,0,0,0,0,925,2026-03-11T08:58:38Z,,duplicate of 019bff7d-2e13-7175-b43e-a6aee6470bde (kept ex16-15)
swsh12.5-059,019bff77-bef9-75ac-b16a-da6c16290d45,Mewtwo,Base Set,1.04,63.32,4538,554,3984,2,5.1,1,0,False,base-set,010/102,Holofoil,Holo Rare,https://cdn.poketrace.com/cards/e5c6f231acc603e4.webp,30.04,366,60.086,60.086,0,0,True,2739.995,48,2527.5134,2527.5134,303.35,46,307.75143,291.21924,4023,2026-03-11T08:58:38Z,,duplicate of 019bff77-bef9-75ac-b16a-da6c16290d45 (kept xy12-51)
dp4-13,019bff77-bef9-75ac-b16b-026e36bdf58f,Beedrill,Base Set,1.04,5.09,3582,216,3366,2,1.7,1,0,False,base-set,017/102,Normal,Rare,https://cdn.poketrace.com/cards/144a23eb91f7b794.webp,2.74,683,5.176,5.176,0,0,True,105,29,0,0,41.99,22,48.495003,48.495003,3403,2026-03-11T08:58:38Z,,duplicate of 019bff77-bef9-75ac-b16b-026e36bdf58f (kept base4-21)
pl3-39,019bff77-befc-77ae-b882-c7dcd7725dce,Primeape,Jungle,1.04,1.2,3080,8,3072,2,7.3,1,0,False,jungle,43/64,Unlimited,Uncommon,https://cdn.poketrace.com/cards/f520c31169f18f32.webp,0.62,806,1.288,1.288,0,0,True,0,0,0,0,0,0,0,0,3077,2026-03-11T08:58:38Z,,duplicate of 019bff77-befc-77ae-b882-c7dcd7725dce (kept hgss2-22)
hgss4-60,019bff77-befc-77ae-b882-e342fddd16a2,Cubone,Jungle,1.43,1.32,9806,14,9792,2,7.1,1,0,False,jungle,50/64,Unlimited,Common,https://cdn.poketrace.com/cards/4349c6d8a2ae7353.webp,0.53,2741,1.414,1.414,0,0,True,0,0,0,0,39,1,0,0,9806,2026-03-11T08:58:38Z,,duplicate of 019bff77-befc-77ae-b882-e342fddd16a2 (kept base2-50)
bw9-57,019bffc8-5c95-757c-aede-30aee13678ba,Cofagrigus,SV08: Surging Sparks,1.43,0.22,1395,13,1382,2,3.6,1,0,False,sv08-surging-sparks,083/191,Reverse_Holofoil,Rare,https://cdn.poketrace.com/cards/55ccc0f0f320f215.webp,0.14,1291,0.228,0.228,0,0,True,0,0,0,0,0,0,0,0,1395,2026-03-11T08:58:38Z,,duplicate of 019bffc8-5c95-757c-aede-30aee13678ba (kept sm8-100)
ex9-26,019bff77-befc-77ae-b882-a01e1d960510,Dodrio,Jungle,1.43,1.12,3136,0,3136,1,1.6,1,0,False,jungle,34/64,Unlimited,Uncommon,https://cdn.poketrace.com/cards/caa2bc08c0a846dd.webp,0.75,860,1.102,1.102,0,0,False,0,0,0,0,0,0,0,0,3136,2026-03-11T08:58:38Z,,duplicate of 019bff77-befc-77ae-b882-a01e1d960510 (kept pl3-25)
gym1-92,019bff81-ba59-7208-a499-4895af904a59,Sabrina's Drowzee,Gym Heroes,2.38,1.3,1245,38,1207,2,3.1,1,0,False,gym-heroes,092/132,Unlimited,Common,https://cdn.poketrace.com/cards/27a30874d84ffff5.webp,0.83,341,1.26,1.26,0,0,True,89.99,4,0,0,15,7,0,0,1245,2026-03-11T08:58:38Z,,duplicate of 019bff81-ba59-7208-a499-4895af904a59 (kept gym2-95)
cel25-20A,019bff79-8e10-76e9-bb0d-87d4849a48d1,Cleffa,WoTC Promo,1.43,8.04,1295,166,1129,2,2.5,1,0,False,wotc-promo,31/53,Normal,Promo,https://cdn.poketrace.com/cards/2223efa8029662b1.webp,6.98,679,8.24,8.24,0,0,True,123.5,30,0,0,43.19,25,39.2925,39.2925,1295,2026-03-11T08:58:38Z,,duplicate of 019bff79-8e10-76e9-bb0d-87d4849a48d1 (kept sv04.5-150)
pl4-28,019bff77-befc-77ae-b882-c94357509dd1,Rapidash,Jungle,1.33,1.84,2915,131,2784,2,2,1,0,False,jungle,44/64,Unlimited,Uncommon,https://cdn.poketrace.com/cards/731217386124ada1.webp,0.89,681,1.804,1.804,0,0,True,175,12,187.95857,114.27464,22.05,26,214.15666,214.15666,2915,2026-03-11T08:58:38Z,,duplicate of 019bff77-befc-77ae-b882-c94357509dd1 (kept ex11-52)
sm5-120,,Cyrus ◇,,1.43,0,0,0,0,0,0,0,0,False,,,,,,0,0,0,0,0,0,False,0,0,0,0,0,0,0,0,0,2026-03-11T08:58:38Z,,
swsh1-1,019bff9a-858a-738a-a03c-35ab32c2249b,Celebi V,SWSH06: Chilling Reign,1.43,0.95,2639,139,2500,2,0,1,0,False,swsh06-chilling-reign,007/198,Holofoil,Ultra Rare,https://cdn.poketrace.com/cards/48ad23cb9dc7da77.webp,1.09,2173,0.95,0.95,0,0,True,40.51,28,0,0,11.5,19,12.015,12.015,2639,2026-03-11T08:58:38Z,,duplicate of 019bff9a-858a-738a-a03c-35ab32c2249b (kept swsh6-7)
gym2-87,019bff7e-fc50-71f0-aee3-2c7f021a5c44,Misty's Horsea,Gym Heroes,1.03,1.11,1506,3,1503,2,1.6,1,0,False,gym-heroes,086/132,Unlimited,Common,https://cdn.poketrace.com/cards/52bd3b51970020ae.webp,0.7,443,1.092,1.092,0,0,False,0,0,0,0,0,0,0,0,1506,2026-03-11T08:58:38Z,,duplicate of 019bff7e-fc50-71f0-aee3-2c7f021a5c44 (kept gym1-86)
xy5-84,019bff85-5462-7495-b8e6-d8f1f0d5d4f8,Groudon,XY - Primal Clash,1.03,1.71,298,22,276,2,0.5,1,0,False,xy-primal-clash,84/160,Reverse_Holofoil,Rare,https://cdn.poketrace.com/cards/449e9a970569ac7f.webp,0.74,158,1.702,1.702,0,0,True,500,1,0,0,40,5,0,0,289,2026-03-11T08:58:38Z,,duplicate of 019bff85-5462-7495-b8e6-d8f1f0d5d4f8 (kept sm7-81)
bw5-79,019bff91-e4db-74ae-971a-56eeac2379ab,Bisharp,Miscellaneous Cards & Products,1.03,0.86,908,27,881,2,0.9,1,0,False,miscellaneous-cards-and-products,064/114,Holofoil,Promo,https://cdn.poketrace.com/cards/2d3aefb3c2d2a71c.webp,0.84,600,0.852,0.852,0,0,True,0,0,0,0,36.5,2,0,0,905,2026-03-11T08:58:38Z,,duplicate of 019bff91-e4db-74ae-971a-56eeac2379ab (kept bw9-73)
dp1-70,019bff78-a647-717f-a4e3-51fabb7cc6ac,Bidoof,Diamond and Pearl,1.03,2.79,240,17,223,2,3.1,1,0,False,diamond-and-pearl,70/130,Reverse_Holofoil,Common,https://cdn.poketrace.com/cards/55b1c97aa95d8c3b.webp,1.69,73,2.876,2.876,0,0,True,0,0,0,0,0,0,0,0,238,2026-03-11T08:58:38Z,,duplicate of 019bff78-a647-717f-a4e3-51fabb7cc6ac (kept xy5-117)
bw11-108,019bff98-542b-72cb-a940-4beca621754f,Tornadus,SWSH04: Vivid Voltage,2.4,0.3,350,21,329,2,5.3,1,0,False,swsh04-vivid-voltage,142/185,Reverse_Holofoil,Holo Rare,https://cdn.poketrace.com/cards/fef098a4fa7b90fc.webp,0.21,300,0.284,0.284,0,0,True,4.25,2,0,0,3.25,3,6.548,6.548,350,2026-03-11T08:58:38Z,,duplicate of 019bff98-542b-72cb-a940-4beca621754f (kept svp-210)
ex2-53,019bff84-6f77-773f-980a-80ac17b4bb4a,Volbeat,Delta Species,1.43,14.66,116,24,92,2,25.8,1,0,False,delta-species,56/113,Reverse_Holofoil,Uncommon,https://cdn.poketrace.com/cards/b6e7b2b4eeaa319b.webp,5.71,46,10.884,10.884,0,0,True,200,3,65.4,65.4,39.99,8,27.45143,27.45143,116,2026-03-11T08:58:38Z,,duplicate of 019bff84-6f77-773f-980a-80ac17b4bb4a (kept ex9-42)
base4-58,019bff77-befa-771d-bab0-f88907ff2be8,Raticate,Base Set,1.03,2.33,2958,148,2810,2,2.9,1,0,False,base-set,040/102,Normal,Uncommon,https://cdn.poketrace.com/cards/b304e547824f3963.webp,1.18,743,2.262,2.262,0,0,True,167.5,29,200.00714,96.968575,49.99,26,42.23,42.23,2843,2026-03-11T08:58:38Z,,duplicate of 019bff77-befa-771d-bab0-f88907ff2be8 (kept base1-40)
xy0-32,019bff85-5451-72b5-b2aa-ffce616a2a27,Furfrou,XY - Flashfire,2.41,0.73,163,16,147,2,3.6,1,0,False,xy-flashfire,87/106,Reverse_Holofoil,Uncommon,https://cdn.poketrace.com/cards/9b01f53a964b76b2.webp,0.53,117,0.704,0.704,0,0,False,0,0,0,0,0,0,0,0,163,2026-03-11T08:58:38Z,,duplicate of 019bff85-5451-72b5-b2aa-ffce616a2a27 (kept tk-xy-n-20)
neo2-37,019bff79-8e10-76e9-bb0e-a3d332266d0e,Corsola,Neo Discovery,1.03,4.48,862,32,830,2,4.4,1,0,False,neo-discovery,37/75,Unlimited,Uncommon,https://cdn.poketrace.com/cards/8b26803f86cb4ac8.webp,1.98,270,4.282,4.282,0,0,True,49.63,2,36.102856,44.620712,29.99,4,18,22.26706,847,2026-03-11T08:58:38Z,,duplicate of 019bff79-8e10-76e9-bb0e-a3d332266d0e (kept ecard1-102)
dp7-41,019bff77-bef9-75ac-b16b-4e1490f257cb,Machoke,Base Set,1.03,1.08,4821,243,4578,2,0.9,1,0,False,base-set,034/102,Normal,Uncommon,https://cdn.poketrace.com/cards/678611aad69bff80.webp,0.44,1079,1.09,1.09,0,0,True,88.41,34,109.200005,109.200005,33,35,24.7375,24.7375,4628,2026-03-11T08:58:38Z,,duplicate of 019bff77-bef9-75ac-b16b-4e1490f257cb (kept base1-34)
ex1-71,019bff81-ba5b-72b4-ae79-9ec63544b16c,Skitty,EX Trainer Kit 1: Latias & Latios,1.43,0.36,394,6,388,2,0.6,1,0,False,ex-trainer-kit-1-latias-and-latios,6/10,Normal,Common,https://cdn.poketrace.com/cards/a27dd9a964906ceb.webp,0.33,136,0.358,0.358,0,0,False,0,0,0,0,0,0,0,0,394,2026-03-11T08:58:38Z,,duplicate of 019bff81-ba5b-72b4-ae79-9ec63544b16c (kept dp6-119)
ex15-28,,Dragonair δ,,2.41,0,0,0,0,0,0,0,0,False,,,,,,0,0,0,0,0,0,False,0,0,0,0,0,0,0,0,0,2026-03-11T08:58:38Z,,
xyp-XY23,019bff81-ba5a-741b-bef5-c7ec3d45ae1a,Shiftry,Deoxys,1.33,14.31,139,43,96,2,0,1,0,False,deoxys,25/107,Reverse_Holofoil,Rare,https://cdn.poketrace.com/cards/c1804b57203aa2b6.webp,7,34,14.31,14.31,0,0,True,105.5,5,0,0,35,14,0,0,139,2026-03-11T08:58:38Z,,duplicate of 019bff81-ba5a-741b-bef5-c7ec3d45ae1a (kept ex2-22)
swsh3-189,019c3ac3-ec6e-7325-9cdf-da534157d87b,Rose,SWSH03: Darkness Ablaze,1.43,0.11,469,8,461,2,5.5,1,0,False,swsh03-darkness-ablaze,168/189,Normal,Uncommon,https://cdn.poketrace.com/cards/7fb436a7418e2637.webp,0.08,409,0.104,0.104,0,0,True,28.28,1,0,0,0,0,0,0,469,2026-03-11T08:58:38Z,,duplicate of 019c3ac3-ec6e-7325-9cdf-da534157d87b (kept swsh4.5-71)
ex6-91,,EXP. ALL,,2.41,0,0,0,0,0,0,0,0,False,,,,,,0,0,0,0,0,0,False,0,0,0,0,0,0,0,0,0,2026-03-11T08:58:38Z,,
swsh9-179,019bffa7-ed6f-747e-a887-dab638f86226,Kindler,Prize Pack Series Cards,2.41,0.27,815,1,814,2,21.5,1,0,False,prize-pack-series-cards,143/172,Normal,Uncommon,https://cdn.poketrace.com/cards/e776bb99fd7da29f.webp,0.3,23,0.328,0.328,0,0,False,0,0,0,0,0,0,0,0,815,2026-03-11T08:58:38Z,,duplicate of 019bffa7-ed6f-747e-a887-dab638f86226 (kept swsh9-170)
neo4-61,019bff79-8e10-76e9-bb10-538f19c42ced,Cyndaquil,Neo Destiny,2.42,1.71,1058,1,1057,2,4.1,1,0,False,neo-destiny,061/105,Unlimited,Common,https://cdn.poketrace.com/cards/1e0733a43e97e1e4.webp,1.15,334,1.78,1.78,0,0,False,0,0,0,0,0,0,0,0,1058,2026-03-11T08:58:38Z,,duplicate of 019bff79-8e10-76e9-bb10-538f19c42ced (kept hgss1-61)
ex13-19,,Bellossom δ,,1.34,0,0,0,0,0,0,0,0,False,,,,,,0,0,0,0,0,0,False,0,0,0,0,0,0,0,0,0,2026-03-11T08:58:38Z,,
pl3-81,019bff81-ba58-765c-b247-5f294beaa601,Roserade,Diamond and Pearl,1.02,11.98,117,29,88,2,1.9,1,0,False,diamond-and-pearl,13/130,Reverse_Holofoil,Holo Rare,https://cdn.poketrace.com/cards/5112733cbef2c9bf.webp,5.1,37,11.748,11.748,0,0,True,36,3,28.715,28.715,15.5,3,52.42286,54.912003,104,2026-03-11T08:58:38Z,,duplicate of 019bff81-ba58-765c-b247-5f294beaa601 (kept dp7-23)
ex13-43,,Golduck δ,,2.42,0,0,0,0,0,0,0,0,False,,,,,,0,0,0,0,0,0,False,0,0,0,0,0,0,0,0,0,2026-03-11T08:58:38Z,,
hgss1-33,019bff83-863f-718a-b5c2-284a52e2f512,Tyrogue,Neo Discovery,2.42,0.58,1577,0,1577,1,0,1,0,False,neo-discovery,66/75,Unlimited,Common,https://cdn.poketrace.com/cards/8026988500f27dc0.webp,0.44,240,0.58,0.58,0,0,False,0,0,0,0,0,0,0,0,1577,2026-03-11T08:58:38Z,,duplicate of 019bff83-863f-718a-b5c2-284a52e2f512 (kept col1-36)
ex6-90,019bff7b-60a6-776a-9f3d-2b57c4ff0f63,Energy Switch,Ruby and Sapphire,1.43,11.49,105,19,86,2,0.3,1,0,False,ruby-and-sapphire,82/109,Reverse_Holofoil,Uncommon,https://cdn.poketrace.com/cards/d750a8a14a5cb2f2.webp,4.53,39,11.528,11.528,0,0,True,0,0,0,0,10.51,2,0,0,105,2026-03-11T08:58:38Z,,duplicate of 019bff7b-60a6-776a-9f3d-2b57c4ff0f63 (kept ex1-82)
neo3-31,019bff77-bef9-75ac-b16b-415925ed5f7f,Jynx,Base Set,2.42,0.99,4381,166,4215,2,2.4,1,0,False,base-set,031/102,Normal,Uncommon,https://cdn.poketrace.com/cards/fc896c5e7bbe76d9.webp,0.55,821,0.966,0.966,0,0,True,115,28,140.15,140.15,30.916666,29,38.504997,38.504997,4381,2026-03-11T08:58:38Z,,duplicate of 019bff77-bef9-75ac-b16b-415925ed5f7f (kept base4-45)
xy1-43,019bff77-bef9-75ac-b16a-f560046c2318,Raichu,Base Set,1.34,62.88,2680,374,2306,2,2,1,0,False,base-set,014/102,Holofoil,Holo Rare,https://cdn.poketrace.com/cards/3184c96a3f07b7fa.webp,43.24,273,61.64,61.64,0,0,True,2500,31,0,0,269.9,24,266.41284,266.41284,2680,2026-03-11T08:58:38Z,,duplicate of 019bff77-bef9-75ac-b16a-f560046c2318 (kept hgss3-33)
swsh12.5-GG10,019bff8d-8220-71c8-938e-078d4c16737a,Mew,Deck Exclusives,1.03,11.42,250,0,250,1,1.2,1,0,False,deck-exclusives,053/108,Normal,Rare,https://cdn.poketrace.com/cards/608540ece66f7ea8.webp,7.67,139,11.286,11.286,0,0,False,0,0,0,0,0,0,0,0,250,2026-03-11T08:58:38Z,,duplicate of 019bff8d-8220-71c8-938e-078d4c16737a (kept sm115-32)
dp6-37,019bff8d-8220-71c8-9392-4574fffa9159,Regigigas,SM - Crimson Invasion,1.43,0.49,226,21,205,2,4.9,1,0,False,sm-crimson-invasion,84/111,Reverse_Holofoil,Holo Rare,https://cdn.poketrace.com/cards/c1fc6cec697f7562.webp,0.42,139,0.466,0.466,0,0,True,64.95,1,59.99,59.99,20.87,4,15.347143,14.674545,226,2026-03-11T08:58:38Z,,duplicate of 019bff8d-8220-71c8-9392-4574fffa9159 (kept xy4-86)
swsh7-123,019bffa4-08c3-76a4-9177-ecd52404dcf3,Duraludon VMAX,Crown Zenith,1.42,1.51,4503,162,4341,2,6.5,1,0,False,crown-zenith,104/159,Holofoil,Ultra Rare,https://cdn.poketrace.com/cards/2db3c4aa3c682e09.webp,1.47,4095,1.608,1.608,0,0,True,20,34,19.994999,19.994999,20.46,10,0,0,4503,2026-03-11T08:58:38Z,,duplicate of 019bffa4-08c3-76a4-9177-ecd52404dcf3 (kept swsh12.5-104)
bw9-22,019bff80-d351-7535-a79a-3f8d2bcc501d,Quagsire,Neo Revelation,2.42,2.19,1397,54,1343,2,4.2,1,0,False,neo-revelation,48/64,Unlimited,Common,https://cdn.poketrace.com/cards/83883074b78d23f0.webp,2.37,411,2.098,2.098,0,0,True,54.84,6,0,0,19.86,4,0,0,1397,2026-03-11T08:58:38Z,,duplicate of 019bff80-d351-7535-a79a-3f8d2bcc501d (kept dp3-60)
bw2-89,019bff98-542b-72cb-a940-4beca621754f,Tornadus,SWSH04: Vivid Voltage,1.34,0.3,350,21,329,2,5.3,1,0,False,swsh04-vivid-voltage,142/185,Reverse_Holofoil,Holo Rare,https://cdn.poketrace.com/cards/fef098a4fa7b90fc.webp,0.21,300,0.284,0.284,0,0,True,4.25,2,0,0,3.25,3,6.548,6.548,350,2026-03-11T08:58:38Z,,duplicate of 019bff98-542b-72cb-a940-4beca621754f (kept svp-210)
ex10-45,019bff80-d351-7535-a79a-7d8d4ad89937,Quilava,Mysterious Treasures,1.41,4.19,187,13,174,2,0,1,0,False,mysterious-treasures,60/123,Reverse_Holofoil,Uncommon,https://cdn.poketrace.com/cards/9331f7ae7474e178.webp,3.75,93,4.19,4.19,0,0,True,89.53,1,0,0,90.93,1,0,0,187,2026-03-11T08:58:38Z,,duplicate of 019bff80-d351-7535-a79a-7d8d4ad89937 (kept neo1-46)
ex15-27,,Croconaw δ,,1.42,0,0,0,0,0,0,0,0,False,,,,,,0,0,0,0,0,0,False,0,0,0,0,0,0,0,0,0,2026-03-11T08:58:38Z,,
tk-xy-n-13,019bff8a-a5c1-7149-81dc-ac55a1427863,Noivern,Deck Exclusives,1.34,0.7,206,0,206,1,0.3,1,0,False,deck-exclusives,112/162,Holofoil,Holo Rare,https://cdn.poketrace.com/cards/7154884a0241c58e.webp,0.46,54,0.698,0.698,0,0,False,0,0,0,0,0,0,0,0,206,2026-03-11T08:58:38Z,,duplicate of 019bff8a-a5c1-7149-81dc-ac55a1427863 (kept tk-xy-n-30)
bw3-47,019bffc8-5c95-757c-aede-30aee13678ba,Cofagrigus,SV08: Surging Sparks,2.43,0.22,1395,13,1382,2,3.6,1,0,False,sv08-surging-sparks,083/191,Reverse_Holofoil,Rare,https://cdn.poketrace.com/cards/55ccc0f0f320f215.webp,0.14,1291,0.228,0.228,0,0,True,0,0,0,0,0,0,0,0,1395,2026-03-11T08:58:38Z,,duplicate of 019bffc8-5c95-757c-aede-30aee13678ba (kept sm8-100)
ex11-50,019bff77-befc-77ae-b882-c158db120175,Persian,Jungle,1.41,0.68,3926,5,3921,2,2.1,1,0,False,jungle,42/64,Unlimited,Uncommon,https://cdn.poketrace.com/cards/b63eb724d78fd441.webp,0.45,876,0.666,0.666,0,0,True,0,0,0,0,0,0,0,0,3926,2026-03-11T08:58:38Z,,duplicate of 019bff77-befc-77ae-b882-c158db120175 (kept base2-42)
dp1-48,019bff7b-60a5-76b8-99df-3e667aa39c9d,Elekid,Neo Genesis,1.42,3.51,896,11,885,2,1,1,0,False,neo-genesis,022/111,Unlimited,Rare,https://cdn.poketrace.com/cards/4689afe4a8c0970e.webp,2.04,259,3.476,3.476,0,0,False,0,0,0,0,0,0,0,0,896,2026-03-11T08:58:38Z,,duplicate of 019bff7b-60a5-76b8-99df-3e667aa39c9d (kept ex2-36)
ex12-27,019bff83-863e-704c-9303-d30cc7615b0a,Torkoal,Legend Maker,1.42,13.89,217,67,150,2,21.3,1,0,False,legend-maker,27/92,Reverse_Holofoil,Rare,https://cdn.poketrace.com/cards/de5a0d42552945f4.webp,10.76,38,10.93,10.93,0,0,True,870,6,0,0,40,24,40.342857,40.88963,217,2026-03-11T08:58:38Z,,duplicate of 019bff83-863e-704c-9303-d30cc7615b0a (kept dp6-41)
dp6-48,019bff9a-8590-7083-8ab1-e66946babebc,Castform,SWSH06: Chilling Reign,1.34,0.28,1038,16,1022,2,2.1,1,0,False,swsh06-chilling-reign,121/198,Reverse_Holofoil,Common,https://cdn.poketrace.com/cards/9180bcfcc8eeeab9.webp,0.24,853,0.286,0.286,0,0,False,0,0,0,0,0,0,0,0,1038,2026-03-11T08:58:38Z,,duplicate of 019bff9a-8590-7083-8ab1-e66946babebc (kept swsh11-TG11)
ex16-75,019bff7b-60a6-776a-9f3d-2b57c4ff0f63,Energy Switch,Ruby and Sapphire,1.42,11.49,105,19,86,2,0.3,1,0,False,ruby-and-sapphire,82/109,Reverse_Holofoil,Uncommon,https://cdn.poketrace.com/cards/d750a8a14a5cb2f2.webp,4.53,39,11.528,11.528,0,0,True,0,0,0,0,10.51,2,0,0,105,2026-03-11T08:58:38Z,,duplicate of 019bff7b-60a6-776a-9f3d-2b57c4ff0f63 (kept ex1-82)
swsh9-TG28,019bff9d-c5de-7203-a67c-964fea67f9d9,Single Strike Style Mustard,SWSH09: Brilliant Stars Trainer Gallery,1.42,1.54,1471,70,1401,2,4.7,1,0,False,swsh09-brilliant-stars-trainer-gallery,TG28/TG30,Holofoil,Ultra Rare,https://cdn.poketrace.com/cards/e13777dbd7dd0b1f.webp,1.15,1281,1.468,1.468,0,0,True,25.72,15,22.730715,24.579617,9.5,13,0,0,1471,2026-03-11T08:58:38Z,,duplicate of 019bff9d-c5de-7203-a67c-964fea67f9d9 (kept swsh5-163)
ex9-61,019bff80-d351-7535-a79b-88d60639f39f,Ralts,Ruby and Sapphire,1.42,10.99,175,22,153,2,9.7,1,0,False,ruby-and-sapphire,67/109,Reverse_Holofoil,Common,https://cdn.poketrace.com/cards/c014251c78e32bec.webp,10.91,93,9.924,9.924,0,0,True,0,0,0,0,123.64,2,0,0,175,2026-03-11T08:58:38Z,,duplicate of 019bff80-d351-7535-a79b-88d60639f39f (kept ex2-74)
ex14-38,019bff7e-1601-757e-bd30-967cb373da9e,Marshtomp,POP Series 3,1.02,8.26,156,23,133,2,13.2,1,0,False,pop-series-3,015/017,Normal,Common,https://cdn.poketrace.com/cards/62abf990fc3f8755.webp,2.78,53,7.17,7.17,0,0,True,153.67,2,65.44,65.44,7.5,1,0,0,143,2026-03-11T08:58:38Z,,duplicate of 019bff7e-1601-757e-bd30-967cb373da9e (kept ex3-36)
swshp-SWSH178,019bff96-3f23-77ea-bac9-2e9ff4038a99,Professor's Research,Deck Exclusives,1.02,0.16,853,0,853,1,0,1,0,False,deck-exclusives,178/202,Normal,Rare,https://cdn.poketrace.com/cards/1bf48ad6d63c8e3c.webp,0.07,624,0.16,0.16,0,0,False,0,0,0,0,0,0,0,0,853,2026-03-11T08:58:38Z,,duplicate of 019bff96-3f23-77ea-bac9-2e9ff4038a99 (kept swshp-SWSH152)
swsh4.5-SV097,019bff85-5463-75f6-9d46-3b7fb8acf807,Bunnelby,XY - Primal Clash,1.42,0.37,133,10,123,2,0.5,1,0,False,xy-primal-clash,120/160,Reverse_Holofoil,Common,https://cdn.poketrace.com/cards/9f5f7437c7fb6793.webp,0.34,81,0.368,0.368,0,0,False,0,0,0,0,0,0,0,0,133,2026-03-11T08:58:38Z,,duplicate of 019bff85-5463-75f6-9d46-3b7fb8acf807 (kept xy0-30)
neo1-52,019bff84-6f78-703d-b07f-1d5b74108f3e,Xatu,Neo Discovery,1.34,0.78,771,0,771,1,3.8,1,0,False,neo-discovery,52/75,Unlimited,Uncommon,https://cdn.poketrace.com/cards/f9a3c021ef9705ff.webp,0.56,185,0.75,0.75,0,0,False,0,0,0,0,0,0,0,0,771,2026-03-11T08:58:38Z,,duplicate of 019bff84-6f78-703d-b07f-1d5b74108f3e (kept ex2-55)
ecard1-152,019bff84-6f77-773f-980b-b3c4fe8ee38f,Warp Point,Gym Challenge,2.44,1.11,696,31,665,2,4.7,1,0,False,gym-challenge,126/132,Unlimited,Common,https://cdn.poketrace.com/cards/9da148a8f4e08db3.webp,0.78,215,1.162,1.162,0,0,True,0,0,0,0,5.63,3,0,0,696,2026-03-11T08:58:38Z,,duplicate of 019bff84-6f77-773f-980b-b3c4fe8ee38f (kept gym2-126)
bw8-33,019bff81-ba5a-741b-bef4-e6bf501b7c3b,Sharpedo,Ruby and Sapphire,1.34,15.24,116,38,78,2,25.2,1,0,False,ruby-and-sapphire,22/109,Reverse_Holofoil,Rare,https://cdn.poketrace.com/cards/f61765b52ad61574.webp,6.4,37,11.406,11.406,0,0,True,97.4,2,0,0,87.99,8,0,0,116,2026-03-11T08:58:38Z,,duplicate of 019bff81-ba5a-741b-bef4-e6bf501b7c3b (kept ex1-22)
ex16-40,019bff83-8640-7057-ac6d-f37fa9d8a562,Vibrava,Power Keepers,1.02,6.34,126,33,93,2,1.4,1,0,False,power-keepers,40/108,Reverse_Holofoil,Uncommon,https://cdn.poketrace.com/cards/8cd33538889e58bd.webp,3.75,45,6.428,6.428,0,0,True,56,1,0,0,28,4,19.556667,19.556667,112,2026-03-11T08:58:38Z,,duplicate of 019bff83-8640-7057-ac6d-f37fa9d8a562 (kept sv08-206)
ex7-45,019bff7e-1601-757e-bd2f-ba4b2697cfc2,Mantine,Neo Genesis,2.44,0.48,2049,0,2049,1,3.7,1,0,False,neo-genesis,064/111,Unlimited,Common,https://cdn.poketrace.com/cards/888535c7c8a55ccb.webp,0.37,448,0.462,0.462,0,0,False,0,0,0,0,0,0,0,0,2049,2026-03-11T08:58:38Z,,duplicate of 019bff7e-1601-757e-bd2f-ba4b2697cfc2 (kept dp2-29)
sm4-30,019bff77-befc-77ae-b883-0afaca693ed3,Pikachu,Jungle,1.41,4.17,10106,70,10036,2,3,1,0,False,jungle,60/64,Unlimited,Common,https://cdn.poketrace.com/cards/2dce032950d00652.webp,1.74,2433,4.046,4.046,0,0,True,270,8,360.11667,360.11667,56.035,11,45.23357,45.828125,10106,2026-03-11T08:58:38Z,,duplicate of 019bff77-befc-77ae-b883-0afaca693ed3 (kept g1-RC29)
dp5-45,019bff77-bef9-75ac-b16a-f560046c2318,Raichu,Base Set,1.41,62.88,2680,374,2306,2,2,1,0,False,base-set,014/102,Holofoil,Holo Rare,https://cdn.poketrace.com/cards/3184c96a3f07b7fa.webp,43.24,273,61.64,61.64,0,0,True,2500,31,0,0,269.9,24,266.41284,266.41284,2680,2026-03-11T08:58:38Z,,duplicate of 019bff77-bef9-75ac-b16a-f560046c2318 (kept hgss3-33)
ex15-21,,Quagsire δ,,2.45,0,0,0,0,0,0,0,0,False,,,,,,0,0,0,0,0,0,False,0,0,0,0,0,0,0,0,0,2026-03-11T08:58:38Z,,
bw5-66,019bff7d-2e13-7175-b43d-b9017c12eb6d,Krookodile,Dragons Exalted,1.41,199.99,118,74,44,2,0,1,0,False,dragons-exalted,127/124,Holofoil,Secret Rare,https://cdn.poketrace.com/cards/ab4c24f6255cf9d1.webp,98.23,18,199.99,199.99,0,0,True,2025,3,1700,1700,305,28,151.75,166.55269,118,2026-03-11T08:58:38Z,,duplicate of 019bff7d-2e13-7175-b43d-b9017c12eb6d (kept bw1-65)
ex4-72,019bff7a-78f4-707a-bf71-a44c159a7c2a,Dual Ball,Crystal Guardians,1.41,4.29,130,25,105,2,2.2,1,0,False,crystal-guardians,78/100,Reverse_Holofoil,Uncommon,https://cdn.poketrace.com/cards/53adeb6d262b51ff.webp,1.55,69,4.194,4.194,0,0,True,71.9,2,51.41,51.41,9.5,2,17.93,17.93,130,2026-03-11T08:58:38Z,,duplicate of 019bff7a-78f4-707a-bf71-a44c159a7c2a (kept ecard1-139)
ex12-37,019bff7d-2e12-77f0-9b54-f4444fddd8ce,Kecleon,Legend Maker,1.41,21.9,172,42,130,2,9,1,0,False,legend-maker,37/92,Reverse_Holofoil,Uncommon,https://cdn.poketrace.com/cards/bfc5f196dc40810b.webp,15,71,19.936,19.936,0,0,True,320,3,0,0,80,12,0,0,172,2026-03-11T08:58:38Z,,duplicate of 019bff7d-2e12-77f0-9b54-f4444fddd8ce (kept sv08-213)
hgss1-65,019bff77-bef9-75ac-b16b-3012cecb99ac,Growlithe,Base Set,1.41,1.17,4292,170,4122,2,9.4,1,0,False,base-set,028/102,Normal,Uncommon,https://cdn.poketrace.com/cards/09ac3e0a01a8dbc2.webp,0.75,865,1.06,1.06,0,0,True,100,29,0,0,15.5,25,18,18,4292,2026-03-11T08:58:38Z,,duplicate of 019bff77-bef9-75ac-b16b-3012cecb99ac (kept base1-28)
swsh12.5-GG04,019bff8c-7244-7168-b575-a76663aec650,Oricorio,League & Championship Cards,2.45,0.56,871,0,871,1,2.7,3,0,False,league-and-championship-cards,046/145,Reverse_Holofoil,Promo,https://cdn.poketrace.com/cards/9414b51fbf21c7a3.webp,0.34,449,0.545,0.545,0,0,False,0,0,0,0,0,0,0,0,871,2026-03-11T08:58:38Z,,duplicate of 019bff8c-7244-7168-b575-a76663aec650 (kept sv04.5-113)
pop2-9,019c3ac3-ec67-74f4-b255-ea1f9d0e98b3,Multi Technical Machine 01,Expedition,2.46,1.66,161,40,121,2,1,1,0,False,expedition,144/165,Normal,Uncommon,https://cdn.poketrace.com/cards/aa81c9cbf73b3459.webp,1.32,55,1.676,1.676,0,0,True,49.99,1,0,0,8.5,3,0,0,161,2026-03-11T08:58:38Z,,duplicate of 019c3ac3-ec67-74f4-b255-ea1f9d0e98b3 (kept ecard1-144)
hgss2-42,019bff77-befa-771d-bab1-034b7ece2b74,Wartortle,Base Set,1.41,3.85,4667,286,4381,2,3.2,1,0,False,base-set,042/102,Normal,Uncommon,https://cdn.poketrace.com/cards/e6c56af3cb3fd058.webp,2.32,1074,3.726,3.726,0,0,True,249.99,43,204.64714,204.64714,66,28,60.219997,60.219997,4667,2026-03-11T08:58:38Z,,duplicate of 019bff77-befa-771d-bab1-034b7ece2b74 (kept ex14-42)
sm7-44,019bff7e-1601-757e-bd2c-1589564d98b7,Luvdisc,POP Series 2,1.02,1.22,319,47,272,2,1.8,1,0,False,pop-series-2,014/017,Normal,Common,https://cdn.poketrace.com/cards/985b401f8a444402.webp,0.9,124,1.198,1.198,0,0,True,34.99,4,26.33,26.33,0,0,0,0,295,2026-03-11T08:58:38Z,,duplicate of 019bff7e-1601-757e-bd2c-1589564d98b7 (kept pop2-14)
sm3.5-28,019bff77-befc-77ae-b883-0afaca693ed3,Pikachu,Jungle,1.02,4.17,10106,70,10036,2,3,1,0,False,jungle,60/64,Unlimited,Common,https://cdn.poketrace.com/cards/2dce032950d00652.webp,1.74,2433,4.046,4.046,0,0,True,270,8,360.11667,360.11667,56.035,11,45.23357,45.828125,10055,2026-03-11T08:58:38Z,,duplicate of 019bff77-befc-77ae-b883-0afaca693ed3 (kept g1-RC29)
bw10-69,019bff7c-4505-7332-a33a-796acc84247c,Haxorus,Dragon Vault,1.34,3.83,316,35,281,2,5,1,0,False,dragon-vault,16/20,Holofoil,Holo Rare,https://cdn.poketrace.com/cards/88dc367c5655119d.webp,2.39,150,3.64,3.64,0,0,True,0,0,0,0,10.5,9,20.567142,20.567142,316,2026-03-11T08:58:38Z,,duplicate of 019bff7c-4505-7332-a33a-796acc84247c (kept xy8-111)
ex6-42,019bff77-befa-771d-bab1-3ebb18d8dad8,Onix,Base Set,2.46,0.68,4009,183,3826,2,0,1,0,False,base-set,056/102,Normal,Common,https://cdn.poketrace.com/cards/873d522f5547e77f.webp,0.42,273,0.68,0.68,0,0,True,81.15,32,93.71,93.71,34.99,29,32.9925,32.9925,4009,2026-03-11T08:58:38Z,,duplicate of 019bff77-befa-771d-bab1-3ebb18d8dad8 (kept neo1-69)
g1-RC11,019bff84-6f78-703d-b07e-62e9a8fba298,Wobbuffet,Sandstorm,1.02,5.08,135,35,100,2,0,1,0,False,sandstorm,26/100,Reverse_Holofoil,Rare,https://cdn.poketrace.com/cards/8c8845e4bfd53ba2.webp,4.83,45,5.08,5.08,0,0,True,175,5,0,0,60,2,0,0,116,2026-03-11T08:58:38Z,,duplicate of 019bff84-6f78-703d-b07e-62e9a8fba298 (kept ex12-28)
ex1-74,019bff83-863e-704c-9303-9bd742f8f5d6,Torchic,EX Trainer Kit 1: Latias & Latios,1.4,0.29,307,3,304,2,2.8,1,0,False,ex-trainer-kit-1-latias-and-latios,7/10,Normal,Common,https://cdn.poketrace.com/cards/e1154a7a0535f267.webp,0.27,76,0.282,0.282,0,0,True,0,0,0,0,0,0,0,0,307,2026-03-11T08:58:38Z,,duplicate of 019bff83-863e-704c-9303-9bd742f8f5d6 (kept dp4-89)
sm8-153,019bff78-a647-717f-a4e4-c1741a7bbad6,Blissey,Neo Revelation,1.02,58.94,389,163,226,2,0,1,0,False,neo-revelation,02/64,Unlimited_Holofoil,Holo Rare,https://cdn.poketrace.com/cards/3e63a80128e46100.webp,41.9,19,58.94,58.94,0,0,True,210,1,90000,90000,175,13,0,0,237,2026-03-11T08:58:38Z,,duplicate of 019bff78-a647-717f-a4e4-c1741a7bbad6 (kept hgss1-36)
ex2-62,019bff7a-78f5-732c-acbe-66050096f23a,Duskull,Crystal Guardians,1.41,4.27,285,59,226,2,0.1,1,0,False,crystal-guardians,51/100,Reverse_Holofoil,Common,https://cdn.poketrace.com/cards/5e3812676f4e58c7.webp,2.66,78,4.264,4.264,0,0,True,202.5,10,132.54715,115.64777,36,19,21.328571,21.806843,285,2026-03-11T08:58:38Z,,duplicate of 019bff7a-78f5-732c-acbe-66050096f23a (kept ex2-61)
ex6-56,019bff77-befa-771d-bab1-0cbecc4a68ba,Caterpie,Base Set,1.02,1.32,3514,158,3356,2,3.5,1,0,False,base-set,045/102,Normal,Common,https://cdn.poketrace.com/cards/76a97b9c08ba3ab8.webp,0.6,929,1.274,1.274,0,0,True,81,28,80.495,80.495,21.5,29,23.75,23.75,3373,2026-03-11T08:58:38Z,,duplicate of 019bff77-befa-771d-bab1-0cbecc4a68ba (kept base1-45)
sm2-38,019bff95-4414-759b-8e0a-2fdb557e3c15,Wishiwashi GX,SM - Cosmic Eclipse,2.47,1.55,780,89,691,2,4.5,1,0,False,sm-cosmic-eclipse,63/236,Holofoil,Ultra Rare,https://cdn.poketrace.com/cards/d8cb04bb344bea38.webp,1.42,586,1.48,1.48,0,0,True,17.5,18,36.514286,38.69,6.5,23,0,0,780,2026-03-11T08:58:38Z,,duplicate of 019bff95-4414-759b-8e0a-2fdb557e3c15 (kept sm12-63)
ex2-26,019bff84-6f78-703d-b07e-62e9a8fba298,Wobbuffet,Sandstorm,1.34,5.08,135,35,100,2,0,1,0,False,sandstorm,26/100,Reverse_Holofoil,Rare,https://cdn.poketrace.com/cards/8c8845e4bfd53ba2.webp,4.83,45,5.08,5.08,0,0,True,175,5,0,0,60,2,0,0,135,2026-03-11T08:58:38Z,,duplicate of 019bff84-6f78-703d-b07e-62e9a8fba298 (kept ex12-28)
xy9-70,019bff7b-60a8-766b-9d0c-2e4e2e11bde5,Garchomp,Legendary Treasures,1.4,7.04,164,18,146,2,4.6,1,0,False,legendary-treasures,96/113,Reverse_Holofoil,Holo Rare,https://cdn.poketrace.com/cards/007a7cc4a465efda.webp,4.7,81,6.718,6.718,0,0,True,0,0,0,0,6.5,3,36.821667,36.821667,164,2026-03-11T08:58:38Z,,duplicate of 019bff7b-60a8-766b-9d0c-2e4e2e11bde5 (kept sm6-62)
lc-44,019bff77-befb-757f-890c-e0f48315d244,Graveler,Fossil,1.35,0.67,4349,14,4335,2,5.7,1,0,False,fossil,37/62,Unlimited,Uncommon,https://cdn.poketrace.com/cards/16d9094121559d05.webp,0.4,1001,0.708,0.708,0,0,True,0,0,0,0,0,0,0,0,4349,2026-03-11T08:58:38Z,,duplicate of 019bff77-befb-757f-890c-e0f48315d244 (kept base3-37)
dp1-88,019bff7e-1601-757e-bd30-34c52c7ad362,Marill,WoTC Promo,1.02,5.36,1648,186,1462,2,0.7,1,0,False,wotc-promo,29/53,Normal,Promo,https://cdn.poketrace.com/cards/77db87421977bff0.webp,2.77,524,5.396,5.396,0,0,True,175,32,134.1575,134.1575,39,25,0,0,1592,2026-03-11T08:58:38Z,,duplicate of 019bff7e-1601-757e-bd30-34c52c7ad362 (kept ex7-68)
bw5-5,019bff78-a648-7332-9aa5-f648617c93b0,Carnivine,Unleashed,1.35,0.91,107,12,95,2,0.2,1,0,False,unleashed,46/95,Reverse_Holofoil,Common,https://cdn.poketrace.com/cards/2c557152dabd2dac.webp,0.54,71,0.908,0.908,0,0,False,0,0,0,0,0,0,0,0,107,2026-03-11T08:58:38Z,,duplicate of 019bff78-a648-7332-9aa5-f648617c93b0 (kept dp1-21)
ex1-31,019bff7c-4505-7332-a339-17a2a0d41ac4,Grovyle,Crystal Guardians,1.4,10.44,219,61,158,2,8.9,1,0,False,crystal-guardians,32/100,Reverse_Holofoil,Uncommon,https://cdn.poketrace.com/cards/6f4c1028ecb9ca7a.webp,6.66,75,9.51,9.51,0,0,True,300,4,89.42166,89.42166,35,26,41.826427,33.897964,219,2026-03-11T08:58:38Z,,duplicate of 019bff7c-4505-7332-a339-17a2a0d41ac4 (kept ex3-31)
swsh12.5-GG43,019bffa4-08c2-73d1-9af9-74417b21d5f2,Zeraora VSTAR,Crown Zenith,2.46,1.49,3127,182,2945,2,0.7,1,0,False,crown-zenith,055/159,Holofoil,Ultra Rare,https://cdn.poketrace.com/cards/173e03304a904923.webp,1.45,2843,1.5,1.5,0,0,True,49,35,44.475002,44.475002,8.51,22,10.021428,12.06025,3127,2026-03-11T08:58:38Z,,duplicate of 019bffa4-08c2-73d1-9af9-74417b21d5f2 (kept swsh12.5-055)
swsh8-86,019bff98-542a-729b-9794-0ff9aac0ffd0,Pikachu V,SWSH04: Vivid Voltage,2.48,2.23,5443,392,5051,2,7.9,1,0,False,swsh04-vivid-voltage,043/185,Holofoil,Ultra Rare,https://cdn.poketrace.com/cards/dda0ee063c6d82e9.webp,1.54,4626,2.054,2.054,0,0,True,63.38,48,58.08143,55.79654,21.88,29,24.84125,24.84125,5443,2026-03-11T08:58:38Z,,duplicate of 019bff98-542a-729b-9794-0ff9aac0ffd0 (kept swsh4-43)
gym1-52,019bff7e-1600-7088-8281-a82cca47f60a,Lt. Surge's Spearow,Gym Heroes,1.01,0.76,1314,2,1312,2,1.6,1,0,False,gym-heroes,083/132,Unlimited,Common,https://cdn.poketrace.com/cards/ffdc402cc6230f7d.webp,0.52,402,0.772,0.772,0,0,False,0,0,0,0,0,0,0,0,1314,2026-03-11T08:58:38Z,,duplicate of 019bff7e-1600-7088-8281-a82cca47f60a (kept gym1-83)
gym1-63,019bff78-a647-717f-a4e4-270007cc104f,Blaine's Ponyta,Gym Challenge,1.35,0.96,1335,1,1334,2,1.9,1,0,False,gym-challenge,064/132,Unlimited,Common,https://cdn.poketrace.com/cards/40408390b2d01996.webp,0.63,460,0.942,0.942,0,0,True,0,0,0,0,0,0,0,0,1335,2026-03-11T08:58:38Z,,duplicate of 019bff78-a647-717f-a4e4-270007cc104f (kept gym2-64)
ex15-44,,Chikorita δ,,1.4,0,0,0,0,0,0,0,0,False,,,,,,0,0,0,0,0,0,False,0,0,0,0,0,0,0,0,0,2026-03-11T08:58:38Z,,
ex16-24,019bff84-6f78-703d-b07e-62e9a8fba298,Wobbuffet,Sandstorm,1.01,5.08,135,35,100,2,0,1,0,False,sandstorm,26/100,Reverse_Holofoil,Rare,https://cdn.poketrace.com/cards/8c8845e4bfd53ba2.webp,4.83,45,5.08,5.08,0,0,True,175,5,0,0,60,2,0,0,116,2026-03-11T08:58:38Z,,duplicate of 019bff84-6f78-703d-b07e-62e9a8fba298 (kept ex12-28)
hgss2-36,019bff7f-e2b8-7168-a041-b603230d9dec,Plusle,POP Series 1,1.4,1.93,410,38,372,2,2.2,1,0,False,pop-series-1,013/017,Normal,Common,https://cdn.poketrace.com/cards/6a391137e8165e12.webp,1.02,283,1.888,1.888,0,0,True,99.95,9,38.427143,38.6225,38.93,4,18.723333,18.723333,410,2026-03-11T08:58:38Z,,duplicate of 019bff7f-e2b8-7168-a041-b603230d9dec (kept pop1-13)
swshp-SWSH002,019bff99-7af0-71d4-a48d-c9a02019cfbc,Scorbunny,Shining Fates: Shiny Vault,2.49,2.42,1504,142,1362,2,5.8,1,0,False,shining-fates-shiny-vault,SV015/SV122,Holofoil,Shiny Holo Rare,https://cdn.poketrace.com/cards/53d3f1ca62e47316.webp,1.99,1229,2.28,2.28,0,0,True,86,29,0,0,13.5,30,11.166667,11.166667,1504,2026-03-11T08:58:38Z,,duplicate of 019bff99-7af0-71d4-a48d-c9a02019cfbc (kept swshp-SWSH244)
swshp-SWSH214,019bffa2-09c2-77fd-b88b-69ab4f5b60d9,Lucario VSTAR,SWSH: Sword & Shield Promo Cards,2.49,9.73,27413,1252,26161,2,7.5,0,0,False,swsh-sword-and-shield-promo-cards,SWSH291,Holofoil,Promo,https://cdn.poketrace.com/cards/aa45ecffd2a54d94.webp,8.63,23888,9.005,9.005,0,0,True,90.335,251,0,0,30.32,118,27.679285,24.549318,27413,2026-03-11T08:58:38Z,,duplicate of 019bffa2-09c2-77fd-b88b-69ab4f5b60d9 (kept swshp-SWSH291)
neo3-33,019bff7e-1601-757e-bd2d-43dd54525070,Magcargo,Neo Revelation,1.4,1.48,616,0,616,1,0.3,1,0,False,neo-revelation,33/64,Unlimited,Uncommon,https://cdn.poketrace.com/cards/645fe6626ab4e09d.webp,1.06,142,1.476,1.476,0,0,False,0,0,0,0,0,0,0,0,616,2026-03-11T08:58:38Z,,duplicate of 019bff7e-1601-757e-bd2d-43dd54525070 (kept ex10-41)
ex3-19,019bff81-ba59-7208-a499-bd61f84e71c9,Salamence,Dragon,1.39,39.33,297,85,212,2,0.7,1,0,False,dragon,19/97,Reverse_Holofoil,Rare,https://cdn.poketrace.com/cards/0779f1f100057157.webp,19.57,71,39.598,39.598,0,0,True,200,5,430.47998,430.47998,42.96,19,66.454994,66.454994,297,2026-03-11T08:58:38Z,,duplicate of 019bff81-ba59-7208-a499-bd61f84e71c9 (kept dp7-24)
swshp-SWSH071,019bff99-7af0-71d4-a48d-c9a02019cfbc,Scorbunny,Shining Fates: Shiny Vault,2.49,2.42,1504,142,1362,2,5.8,1,0,False,shining-fates-shiny-vault,SV015/SV122,Holofoil,Shiny Holo Rare,https://cdn.poketrace.com/cards/53d3f1ca62e47316.webp,1.99,1229,2.28,2.28,0,0,True,86,29,0,0,13.5,30,11.166667,11.166667,1504,2026-03-11T08:58:38Z,,duplicate of 019bff99-7af0-71d4-a48d-c9a02019cfbc (kept swshp-SWSH244)
dc1-19,019bff86-38c6-7658-a5ca-eacbaa73c421,Team Magma's Mightyena,Double Crisis,1.35,9.09,164,11,153,2,1.1,1,0,False,double-crisis,19/34,Reverse_Holofoil,Common,https://cdn.poketrace.com/cards/0a20406da733446b.webp,6.49,89,8.986,8.986,0,0,True,0,0,0,0,100,1,8.19,8.19,164,2026-03-11T08:58:38Z,,duplicate of 019bff86-38c6-7658-a5ca-eacbaa73c421 (kept ex4-37)
neo1-37,019bff7c-4505-7332-a337-f14c2b6b36f1,Granbull,Neo Genesis,1.39,1.47,929,7,922,2,1,1,0,False,neo-genesis,037/111,Unlimited,Uncommon,https://cdn.poketrace.com/cards/dd67276a82d421d9.webp,0.96,283,1.456,1.456,0,0,True,0,0,0,0,0,0,0,0,929,2026-03-11T08:58:38Z,,duplicate of 019bff7c-4505-7332-a337-f14c2b6b36f1 (kept tk-xy-sy-29)
bw9-3,019bff77-bef9-75ac-b16b-026e36bdf58f,Beedrill,Base Set,1.01,5.09,3582,216,3366,2,1.7,1,0,False,base-set,017/102,Normal,Rare,https://cdn.poketrace.com/cards/144a23eb91f7b794.webp,2.74,683,5.176,5.176,0,0,True,105,29,0,0,41.99,22,48.495003,48.495003,3403,2026-03-11T08:58:38Z,,duplicate of 019bff77-bef9-75ac-b16b-026e36bdf58f (kept base4-21)
sm9-158,,Wondrous Labyrinth ◇,,1.35,0,0,0,0,0,0,0,0,False,,,,,,0,0,0,0,0,0,False,0,0,0,0,0,0,0,0,0,2026-03-11T08:58:38Z,,
ex1-40,019bff7e-1601-757e-bd30-967cb373da9e,Marshtomp,POP Series 3,1.39,8.26,156,23,133,2,13.2,1,0,False,pop-series-3,015/017,Normal,Common,https://cdn.poketrace.com/cards/62abf990fc3f8755.webp,2.78,53,7.17,7.17,0,0,True,153.67,2,65.44,65.44,7.5,1,0,0,156,2026-03-11T08:58:38Z,,duplicate of 019bff7e-1601-757e-bd30-967cb373da9e (kept ex3-36)
ex7-84,,Pokémon Retriever,,1.39,0,0,0,0,0,0,0,0,False,,,,,,0,0,0,0,0,0,False,0,0,0,0,0,0,0,0,0,2026-03-11T08:58:38Z,,
sm12-154,019bff89-bc5f-7465-9230-26c22dc30c3f,Slurpuff,Generations: Radiant Collection,1.39,4.7,1634,62,1572,2,8,1,0,False,generations-radiant-collection,RC20/RC32,Holofoil,Uncommon,https://cdn.poketrace.com/cards/4e07cfc49a41da25.webp,3.25,650,4.326,4.326,0,0,True,149.99,4,64.43667,64.43667,40,14,24.008572,20.247692,1634,2026-03-11T08:58:38Z,,duplicate of 019bff89-bc5f-7465-9230-26c22dc30c3f (kept xy4-69)
neo1-45,019bff80-d351-7535-a79a-3f8d2bcc501d,Quagsire,Neo Revelation,1.36,2.19,1397,54,1343,2,4.2,1,0,False,neo-revelation,48/64,Unlimited,Common,https://cdn.poketrace.com/cards/83883074b78d23f0.webp,2.37,411,2.098,2.098,0,0,True,54.84,6,0,0,19.86,4,0,0,1397,2026-03-11T08:58:38Z,,duplicate of 019bff80-d351-7535-a79a-3f8d2bcc501d (kept dp3-60)
tk-xy-w-18,019bff89-bc5f-7465-9230-23c260be441a,Swirlix,Generations: Radiant Collection,2.5,7.85,1658,76,1582,2,1.8,1,0,False,generations-radiant-collection,RC19/RC32,Holofoil,Uncommon,https://cdn.poketrace.com/cards/7dbb99ccb63e7586.webp,6.49,650,7.71,7.71,0,0,True,275,7,120.646,120.646,25,7,32.5,32.5,1658,2026-03-11T08:58:38Z,,duplicate of 019bff89-bc5f-7465-9230-23c260be441a (kept g1-RC19)
neo1-30,019bff77-befa-771d-bab1-22f7538ff23f,Clefairy,Base Set,1.01,28.21,2881,390,2491,2,0.2,1,0,False,base-set,005/102,Holofoil,Holo Rare,https://cdn.poketrace.com/cards/f3c0e502e80abd9b.webp,20.34,249,28.266,28.266,0,0,True,4099.99,35,3557.995,3557.995,228.5,12,261.75,261.75,2529,2026-03-11T08:58:38Z,,duplicate of 019bff77-befa-771d-bab1-22f7538ff23f (kept xy12-63)
ex13-69,,Magikarp δ,,1.38,0,0,0,0,0,0,0,0,False,,,,,,0,0,0,0,0,0,False,0,0,0,0,0,0,0,0,0,2026-03-11T08:58:38Z,,
bw8-90,019bff8a-a5c1-7149-81da-f5e4aa82d596,Klinklang,XY - Steam Siege,1.38,0.37,241,16,225,2,2.2,1,0,False,xy-steam-siege,73/114,Reverse_Holofoil,Holo Rare,https://cdn.poketrace.com/cards/00079a622fdda26a.webp,0.25,151,0.362,0.362,0,0,False,0,0,0,0,0,0,0,0,241,2026-03-11T08:58:38Z,,duplicate of 019bff8a-a5c1-7149-81da-f5e4aa82d596 (kept bw5-77)
sm10-112,019bff85-5458-73eb-811b-3fcfce4fc2ba,Spiritomb,XY - Phantom Forces,2.5,0.67,187,7,180,2,0.3,1,0,False,xy-phantom-forces,55/119,Reverse_Holofoil,Rare,https://cdn.poketrace.com/cards/d7f55b93ef895dea.webp,0.51,78,0.672,0.672,0,0,False,0,0,0,0,0,0,0,0,187,2026-03-11T08:58:38Z,,duplicate of 019bff85-5458-73eb-811b-3fcfce4fc2ba (kept me01-148)
ecard2-58,019bff77-befb-757f-890c-f432b6e30285,Seadra,Fossil,2.49,0.76,4118,5,4113,2,4.2,1,0,False,fossil,42/62,Unlimited,Uncommon,https://cdn.poketrace.com/cards/cbcd0cdf15a62fe8.webp,0.46,1007,0.728,0.728,0,0,False,0,0,0,0,0,0,0,0,4118,2026-03-11T08:58:38Z,,duplicate of 019bff77-befb-757f-890c-f432b6e30285 (kept dp6-70)
swsh5-162,019bff9d-c5de-7203-a67c-92f15983fa48,Rapid Strike Style Mustard,SWSH09: Brilliant Stars Trainer Gallery,1.36,1.87,1444,70,1374,2,5.7,1,0,False,swsh09-brilliant-stars-trainer-gallery,TG27/TG30,Holofoil,Ultra Rare,https://cdn.poketrace.com/cards/6721ed9f7feb5b06.webp,1.38,1274,1.764,1.764,0,0,True,46.97,29,33.144287,25.697037,5.5,11,0,0,1444,2026-03-11T08:58:38Z,,duplicate of 019bff9d-c5de-7203-a67c-92f15983fa48 (kept swsh9-TG27)
xy6-46,019bff92-de40-7086-ac3c-17070c8da0fd,Togekiss,SM - Unbroken Bonds,2.49,2.79,279,21,258,2,8,1,0,False,sm-unbroken-bonds,138/214,Reverse_Holofoil,Holo Rare,https://cdn.poketrace.com/cards/3bf30ca94d4b6879.webp,1.28,207,3.012,3.012,0,0,True,0,0,0,0,0,0,0,0,279,2026-03-11T08:58:38Z,,duplicate of 019bff92-de40-7086-ac3c-17070c8da0fd (kept bw8-104)
hgss2-12,019bff77-bef9-75ac-b16b-026e36bdf58f,Beedrill,Base Set,1.39,5.09,3582,216,3366,2,1.7,1,0,False,base-set,017/102,Normal,Rare,https://cdn.poketrace.com/cards/144a23eb91f7b794.webp,2.74,683,5.176,5.176,0,0,True,105,29,0,0,41.99,22,48.495003,48.495003,3582,2026-03-11T08:58:38Z,,duplicate of 019bff77-bef9-75ac-b16b-026e36bdf58f (kept base4-21)
bw3-82,019bff91-e4db-74ae-971a-56eeac2379ab,Bisharp,Miscellaneous Cards & Products,1.36,0.86,908,27,881,2,0.9,1,0,False,miscellaneous-cards-and-products,064/114,Holofoil,Promo,https://cdn.poketrace.com/cards/2d3aefb3c2d2a71c.webp,0.84,600,0.852,0.852,0,0,True,0,0,0,0,36.5,2,0,0,908,2026-03-11T08:58:38Z,,duplicate of 019bff91-e4db-74ae-971a-56eeac2379ab (kept bw9-73)
ex16-18,019bff7e-fc50-71f0-aee1-cafd5d64ce1e,Mightyena,Ruby and Sapphire,1.01,16.85,164,43,121,2,1,1,0,False,ruby-and-sapphire,10/109,Reverse_Holofoil,Holo Rare,https://cdn.poketrace.com/cards/e6da1c1db9926388.webp,13.08,72,16.688,16.688,0,0,True,34.99,3,133.63571,175.97285,44.99,13,43.81,43.81,140,2026-03-11T08:58:38Z,,duplicate of 019bff7e-fc50-71f0-aee1-cafd5d64ce1e (kept xy0-17)
swsh11-216,019c3ac3-ec6f-71ad-827f-bb75b026e5ca,Dark Patch,SWSH10: Astral Radiance,2.51,0.23,4504,22,4482,2,20.9,1,0,False,swsh10-astral-radiance,139/189,Normal,Uncommon,https://cdn.poketrace.com/cards/66eef6eecd8c5e23.webp,0.11,3853,0.182,0.182,0,0,True,0,0,0,0,0,0,0,0,4504,2026-03-11T08:58:38Z,,duplicate of 019c3ac3-ec6f-71ad-827f-bb75b026e5ca (kept bw5-93)
swsh12.5-154,019bff77-bef9-75ac-b16a-e64efdaef5a2,Water Energy,Base Set,2.51,0.44,6428,178,6250,2,2.7,1,0,False,base-set,102/102,Normal,Common,https://cdn.poketrace.com/cards/7c7c15c1376cb3bf.webp,0.31,1687,0.452,0.452,0,0,True,114.99,35,110.995834,110.995834,19.25,44,0,0,6428,2026-03-11T08:58:38Z,,duplicate of 019bff77-bef9-75ac-b16a-e64efdaef5a2 (kept ecard1-165)
pl4-6,019bff8a-a5c0-76a9-86a3-5fc2f416a8be,Mothim,XY - Fates Collide,2.51,0.66,265,16,249,2,0.9,1,0,False,xy-fates-collide,4/124,Reverse_Holofoil,Rare,https://cdn.poketrace.com/cards/9c99e6da10c69595.webp,0.37,182,0.654,0.654,0,0,True,49.95,1,0,0,0,0,0,0,265,2026-03-11T08:58:38Z,,duplicate of 019bff8a-a5c0-76a9-86a3-5fc2f416a8be (kept dp3-33)
swsh7-64,019bff9a-8592-77ae-8865-28a80666a219,Espeon V,SWSH07: Evolving Skies,2.51,2.45,4118,217,3901,2,0.9,1,0,False,swsh07-evolving-skies,064/203,Holofoil,Ultra Rare,https://cdn.poketrace.com/cards/4b840bb9e2e71f67.webp,1.84,3525,2.428,2.428,0,0,True,18.5,31,0,0,15.5,29,20.5,20.5,4118,2026-03-11T08:58:38Z,,duplicate of 019bff9a-8592-77ae-8865-28a80666a219 (kept swshp-SWSH201)
neo3-34,019bff7f-e2b8-7168-a03c-ca328c18cc37,Octillery,Neo Revelation,1.36,2.12,529,0,529,1,0.5,1,0,False,neo-revelation,34/64,Unlimited,Uncommon,https://cdn.poketrace.com/cards/e88b42a6f508c54b.webp,1.53,153,2.11,2.11,0,0,False,0,0,0,0,0,0,0,0,529,2026-03-11T08:58:38Z,,duplicate of 019bff7f-e2b8-7168-a03c-ca328c18cc37 (kept swsh9-TG03)
swsh4-132,019bff7e-1601-757e-bd2b-9ef5b722c803,Lugia,Neo Revelation,1.01,28.26,413,14,399,2,2.5,1,0,False,neo-revelation,20/64,Unlimited,Rare,https://cdn.poketrace.com/cards/b0bd04dfe99c4515.webp,19.87,66,27.558,27.558,0,0,True,550,1,0,0,94,3,122.67,122.67,405,2026-03-11T08:58:38Z,,duplicate of 019bff7e-1601-757e-bd2b-9ef5b722c803 (kept xy10-78)
bw6-8,019bff78-a647-717f-a4e2-5158c7e9f79c,Beautifly,Diamond and Pearl,1.01,4.19,141,28,113,2,0,1,0,False,diamond-and-pearl,19/130,Reverse_Holofoil,Rare,https://cdn.poketrace.com/cards/492e5e0c587776e3.webp,1.53,56,4.19,4.19,0,0,True,0,0,0,0,16.23,2,19.73,19.73,128,2026-03-11T08:58:38Z,,duplicate of 019bff78-a647-717f-a4e2-5158c7e9f79c (kept dp1-19)
sv04.5-124,019bffac-ba78-77ae-9c13-3642574dde83,Palafin,SV: Paldean Fates,2.51,1.61,24504,432,24072,2,12.8,1,0,False,sv-paldean-fates,225/091,Holofoil,Illustration Rare,https://cdn.poketrace.com/cards/cf6e1ceb68c6b7db.webp,1.32,22173,1.404,1.404,0,0,True,47.495,43,46.131428,46.131428,13.5,27,14.994286,14.994286,24504,2026-03-11T08:58:38Z,,duplicate of 019bffac-ba78-77ae-9c13-3642574dde83 (kept sv04.5-225)
hgss1-49,019bff80-d351-7535-a79a-7d8d4ad89937,Quilava,Mysterious Treasures,1.39,4.19,187,13,174,2,0,1,0,False,mysterious-treasures,60/123,Reverse_Holofoil,Uncommon,https://cdn.poketrace.com/cards/9331f7ae7474e178.webp,3.75,93,4.19,4.19,0,0,True,89.53,1,0,0,90.93,1,0,0,187,2026-03-11T08:58:38Z,,duplicate of 019bff80-d351-7535-a79a-7d8d4ad89937 (kept neo1-46)
sv03-220,019bffaa-1a45-759c-ad80-3595b0df4035,Poppy,SV03: Obsidian Flames,1.39,2.68,5355,225,5130,2,2.2,0,0,False,sv03-obsidian-flames,227/197,Holofoil,Special Illustration Rare,https://cdn.poketrace.com/cards/d813693db51f6cdc.webp,2.59,4475,2.738,2.738,0,0,True,41,29,49,49,19.99,27,16.496666,16.496666,5355,2026-03-11T08:58:38Z,,duplicate of 019bffaa-1a45-759c-ad80-3595b0df4035 (kept sv03-227)
tk-xy-w-6,019bff8b-8e0e-7604-a50a-22cb5b0bee21,Fairy Energy,XY - Evolutions,1,3.17,757,66,691,2,8.6,1,0,False,xy-evolutions,99/108,Reverse_Holofoil,Common,https://cdn.poketrace.com/cards/10c364670207cd95.webp,2.14,416,2.898,2.898,0,0,True,30,7,90.098,90.098,10,28,11.715714,11.911897,706,2026-03-11T08:58:38Z,,duplicate of 019bff8b-8e0e-7604-a50a-22cb5b0bee21 (kept tk-xy-w-21)
swsh4.5-46,019bff89-bc5f-7465-9230-1724978711de,Yveltal,Generations: Radiant Collection,1.38,3.87,1734,69,1665,2,2.5,1,0,False,generations-radiant-collection,RC16/RC32,Holofoil,Uncommon,https://cdn.poketrace.com/cards/c865df0ccef826e0.webp,1.83,802,3.966,3.966,0,0,True,524,6,0,0,41,10,0,0,1734,2026-03-11T08:58:38Z,,duplicate of 019bff89-bc5f-7465-9230-1724978711de (kept sm9-95)
bw11-RC12,019bff82-9f84-7584-9776-0c33fc671260,Stunfisk,Legendary Treasures: Radiant Collection,1.38,3.34,1631,32,1599,2,3.8,1,0,False,legendary-treasures-radiant-collection,RC12/RC25,Holofoil,Uncommon,https://cdn.poketrace.com/cards/394c53239244f469.webp,1.69,569,3.212,3.212,0,0,True,52.99,1,0,0,21.5,4,0,0,1631,2026-03-11T08:58:38Z,,duplicate of 019bff82-9f84-7584-9776-0c33fc671260 (kept sv08-202)
xy8-91,019bff84-6f78-703d-b080-8469ad976512,Zoroark,Next Destinies,1.38,195.14,141,91,50,2,0,1,0,False,next-destinies,102/99,Holofoil,Secret Rare,https://cdn.poketrace.com/cards/fe65f6db13031384.webp,160.35,22,195.05,195.05,0,0,True,1250,1,0,0,425,30,368.56714,230.52759,141,2026-03-11T08:58:38Z,,duplicate of 019bff84-6f78-703d-b080-8469ad976512 (kept bw2-67)
bw4-79,019bff77-befb-757f-890a-e26b420e776a,Wigglytuff,Base Set 2,1.38,12.12,2056,217,1839,2,1.8,1,0,False,base-set-2,019/130,Holofoil,Holo Rare,https://cdn.poketrace.com/cards/a62466bd39f5cfc6.webp,9.38,270,11.906,11.906,0,0,True,150,1,0,0,189.995,10,0,0,2056,2026-03-11T08:58:38Z,,duplicate of 019bff77-befb-757f-890a-e26b420e776a (kept dp4-32)
dp7-95,019bff8d-8220-71c8-938f-c66dbf557010,Warp Energy,Shining Legends,1.36,0.32,290,18,272,2,0,1,0,False,shining-legends,70/73,Reverse_Holofoil,Uncommon,https://cdn.poketrace.com/cards/961ce54526f1573b.webp,0.27,189,0.32,0.32,0,0,True,0,0,0,0,0,0,0,0,290,2026-03-11T08:58:38Z,,duplicate of 019bff8d-8220-71c8-938f-c66dbf557010 (kept ex10-100)
swshp-SWSH070,019bff96-3f24-733d-8f29-27efcecff52a,Grookey,Blister Exclusives,2.53,0.36,918,29,889,2,3.3,1,0,False,blister-exclusives,010/202,Holofoil,Promo,https://cdn.poketrace.com/cards/0bcf391d6d3ba095.webp,0.35,580,0.372,0.372,0,0,True,50,5,33.8725,33.8725,0,0,0,0,918,2026-03-11T08:58:38Z,,duplicate of 019bff96-3f24-733d-8f29-27efcecff52a (kept swshp-SWSH001)
swshp-SWSH196,019bffa4-08c2-73d1-9af8-fc1f97d549bd,Glaceon V,Crown Zenith,2.53,1.12,4601,238,4363,2,0,1,0,False,crown-zenith,038/159,Holofoil,Ultra Rare,https://cdn.poketrace.com/cards/44247bf9f7d40e95.webp,1.64,4094,1.12,1.12,0,0,True,41.97,30,42.315002,42.315002,17.5,33,26.9,26.9,4601,2026-03-11T08:58:38Z,,duplicate of 019bffa4-08c2-73d1-9af8-fc1f97d549bd (kept swsh12.5-038)
swshp-SWSH242,019bffa3-0690-7079-959d-0e0ef696884b,Comfey,Crown Zenith: Galarian Gallery,1.38,1.76,7136,281,6855,2,0.2,0,0,False,crown-zenith-galarian-gallery,GG14/GG70,Holofoil,Ultra Rare,https://cdn.poketrace.com/cards/6e8a390d1e52a9e0.webp,1.64,6301,1.764,1.764,0,0,True,45,33,39.4975,39.4975,13.5,26,10.666667,10.666667,7136,2026-03-11T08:58:38Z,,duplicate of 019bffa3-0690-7079-959d-0e0ef696884b (kept swsh12.5-GG14)
neo3-35,019bff77-befc-77ae-b882-bfde47b91a9e,Parasect,Jungle,1.37,0.77,3350,1,3349,2,6.5,1,0,False,jungle,41/64,Unlimited,Uncommon,https://cdn.poketrace.com/cards/a447b2c86b13ae16.webp,0.46,770,0.82,0.82,0,0,True,0,0,0,0,26.75,1,0,0,3350,2026-03-11T08:58:38Z,,duplicate of 019bff77-befc-77ae-b882-bfde47b91a9e (kept base4-55)
swshp-SWSH115,019bff93-f25a-71cc-92f6-f2be5b8c79f3,Passimian,SM - Cosmic Eclipse,2.53,0.26,212,12,200,2,0.8,1,0,False,sm-cosmic-eclipse,125/236,Reverse_Holofoil,Common,https://cdn.poketrace.com/cards/145af8982433cf4d.webp,0.28,195,0.262,0.262,0,0,False,0,0,0,0,0,0,0,0,212,2026-03-11T08:58:38Z,,duplicate of 019bff93-f25a-71cc-92f6-f2be5b8c79f3 (kept swsh12-TG08)
ex8-51,019bff77-befb-757f-890d-0079985bea7a,Weezing,Fossil,1.37,1.25,3015,140,2875,2,12.2,1,0,False,fossil,45/62,Unlimited,Uncommon,https://cdn.poketrace.com/cards/7a70fe608d4cbc63.webp,0.71,694,1.098,1.098,0,0,True,94.97,26,154.99,154.99,15.04,19,16.335714,21.857222,3015,2026-03-11T08:58:38Z,,duplicate of 019bff77-befb-757f-890d-0079985bea7a (kept ex11-33)
swsh2-110,019bff99-7af1-7262-a093-d0907b7f61da,Falinks V,Shining Fates: Shiny Vault,1,1.35,2451,185,2266,2,2.4,1,0,False,shining-fates-shiny-vault,SV115/SV122,Holofoil,Shiny Holo Rare,https://cdn.poketrace.com/cards/13bb266795cbe69a.webp,1.42,2147,1.382,1.382,0,0,True,35,28,32.495,32.495,24.99,23,0,0,2373,2026-03-11T08:58:38Z,,duplicate of 019bff99-7af1-7262-a093-d0907b7f61da (kept swsh4.5-SV115)
neo1-109,019bff77-bef9-75ac-b16a-de394c920bb9,Lightning Energy,Base Set,1.37,0.61,5390,132,5258,2,5.9,1,0,False,base-set,100/102,Normal,Common,https://cdn.poketrace.com/cards/87fe3107034be0b3.webp,0.35,1383,0.574,0.574,0,0,True,59,31,79.5,79.5,24.75,28,27.369999,27.369999,5390,2026-03-11T08:58:38Z,,duplicate of 019bff77-bef9-75ac-b16a-de394c920bb9 (kept ecard1-163)
ex15-73,019bff79-8e10-76e9-bb0e-6e4cba3026de,Copycat,Expedition,1.37,22.5,202,29,173,2,0,1,0,False,expedition,138/165,Reverse_Holofoil,Uncommon,https://cdn.poketrace.com/cards/05ec485b8ffe34c3.webp,15.92,45,22.5,22.5,0,0,True,82,5,82.92,76.50077,11.5,4,20.921429,24.04,202,2026-03-11T08:58:38Z,,duplicate of 019bff79-8e10-76e9-bb0e-6e4cba3026de (kept swsh7-200)
ex3-20,019bff81-ba5a-741b-bef5-466592e4cf32,Shelgon,Dragon,1.36,5.04,130,27,103,2,0,1,0,False,dragon,20/97,Reverse_Holofoil,Rare,https://cdn.poketrace.com/cards/3a704ea0ebaf82ae.webp,4.54,71,5.04,5.04,0,0,True,299.99,1,0,0,70.29,2,0,0,130,2026-03-11T08:58:38Z,,duplicate of 019bff81-ba5a-741b-bef5-466592e4cf32 (kept dv1-7)
ex15-46,,Dratini δ,,1,0,0,0,0,0,0,0,0,False,,,,,,0,0,0,0,0,0,False,0,0,0,0,0,0,0,0,0,2026-03-11T08:58:38Z,,
bw3-72,019bff7c-4504-758b-a7ca-67110c517140,Golurk,Plasma Blast,2.54,0.81,160,18,142,2,0,1,0,False,plasma-blast,46/101,Reverse_Holofoil,Holo Rare,https://cdn.poketrace.com/cards/615ce71233ef8b98.webp,0.49,56,0.81,0.81,0,0,True,0,0,0,0,0,0,0,0,160,2026-03-11T08:58:38Z,,duplicate of 019bff7c-4504-758b-a7ca-67110c517140 (kept bw6-59)
xy1-89,019bff77-befb-757f-890a-e26b420e776a,Wigglytuff,Base Set 2,1,12.12,2056,217,1839,2,1.8,1,0,False,base-set-2,019/130,Holofoil,Holo Rare,https://cdn.poketrace.com/cards/a62466bd39f5cfc6.webp,9.38,270,11.906,11.906,0,0,True,150,1,0,0,189.995,10,0,0,1858,2026-03-11T08:58:38Z,,duplicate of 019bff77-befb-757f-890a-e26b420e776a (kept dp4-32)
swshp-SWSH110,019bff99-7af1-7262-a093-e0c673ff0c88,Crobat V,Shining Fates,1.37,0.78,3697,143,3554,2,0.5,1,0,False,shining-fates,044/072,Holofoil,Ultra Rare,https://cdn.poketrace.com/cards/8bf5b16e768a39e4.webp,0.72,3152,0.784,0.784,0,0,True,34.99,30,34.99,34.99,14,19,0,0,3697,2026-03-11T08:58:38Z,,duplicate of 019bff99-7af1-7262-a093-e0c673ff0c88 (kept swshp-SWSH098)
dp2-35,019bff82-9f84-7584-9776-30e3d7012362,Sudowoodo,Neo Genesis,1.37,0.76,1024,44,980,2,1.3,1,0,False,neo-genesis,077/111,Unlimited,Common,https://cdn.poketrace.com/cards/6b4f0d0b1d169b05.webp,0.63,347,0.75,0.75,0,0,True,24.62,1,0,0,32.95,9,0,0,1024,2026-03-11T08:58:38Z,,duplicate of 019bff82-9f84-7584-9776-30e3d7012362 (kept neo1-77)
tk-xy-w-7,019bff8b-8e0e-7604-a50a-22cb5b0bee21,Fairy Energy,XY - Evolutions,1,3.17,757,66,691,2,8.6,1,0,False,xy-evolutions,99/108,Reverse_Holofoil,Common,https://cdn.poketrace.com/cards/10c364670207cd95.webp,2.14,416,2.898,2.898,0,0,True,30,7,90.098,90.098,10,28,11.715714,11.911897,706,2026-03-11T08:58:38Z,,duplicate of 019bff8b-8e0e-7604-a50a-22cb5b0bee21 (kept tk-xy-w-21)
sv08-210,019bff9f-d1f6-73bc-9afe-6e737874bd79,Flapple,SWSH10: Astral Radiance Trainer Gallery,2.54,2.05,4236,165,4071,2,2.8,1,0,False,swsh10-astral-radiance-trainer-gallery,TG02/TG30,Holofoil,Ultra Rare,https://cdn.poketrace.com/cards/58fa6b7d6b997716.webp,1.66,3421,1.992,1.992,0,0,True,39.99,19,0,0,14.5,28,13.641666,13.641666,4236,2026-03-11T08:58:38Z,,duplicate of 019bff9f-d1f6-73bc-9afe-6e737874bd79 (kept swsh10-TG02)
ex6-21,019bff77-befc-77ae-b882-a01e1d960510,Dodrio,Jungle,1.36,1.12,3136,0,3136,1,1.6,1,0,False,jungle,34/64,Unlimited,Uncommon,https://cdn.poketrace.com/cards/caa2bc08c0a846dd.webp,0.75,860,1.102,1.102,0,0,False,0,0,0,0,0,0,0,0,3136,2026-03-11T08:58:38Z,,duplicate of 019bff77-befc-77ae-b882-a01e1d960510 (kept pl3-25)
sm8-178,,Heat Factory ◇,,1.37,0,0,0,0,0,0,0,0,False,,,,,,0,0,0,0,0,0,False,0,0,0,0,0,0,0,0,0,2026-03-11T08:58:38Z,,
bw9-5,019bff77-befc-77ae-b882-a76c2150c8cb,Exeggutor,Jungle,1.37,1.51,2935,140,2795,2,7.7,1,0,False,jungle,35/64,Unlimited,Uncommon,https://cdn.poketrace.com/cards/fa6e5ef130f51496.webp,0.73,693,1.394,1.394,0,0,True,185,19,167.60571,93.96733,36.71,25,45.934998,45.934998,2935,2026-03-11T08:58:38Z,,duplicate of 019bff77-befc-77ae-b882-a76c2150c8cb (kept dp2-24)
base4-38,019bff77-bef9-75ac-b16b-29e09d6b646a,Dratini,Base Set,1,2.91,4527,209,4318,2,16.5,1,0,False,base-set,026/102,Normal,Uncommon,https://cdn.poketrace.com/cards/eab157dc7406d679.webp,0.96,849,2.43,2.43,0,0,True,167.5,36,168.75,168.75,54.59,31,0,0,4357,2026-03-11T08:58:38Z,,duplicate of 019bff77-bef9-75ac-b16b-29e09d6b646a (kept dv1-1)
col1-37,019bff83-8640-7057-ac6c-bce357c5dee5,Ursaring,Mysterious Treasures,1,4.99,105,26,79,2,30.1,1,0,False,mysterious-treasures,38/123,Reverse_Holofoil,Rare,https://cdn.poketrace.com/cards/77e7cd7e0ff55d3c.webp,1.92,25,3.49,3.49,0,0,True,0,0,0,0,10.38,1,0,0,92,2026-03-11T08:58:38Z,,duplicate of 019bff83-8640-7057-ac6c-bce357c5dee5 (kept bw11-RC16)
hgss2-21,019bff77-bef9-75ac-b16a-f1cf5e1f63dd,Poliwrath,Base Set,1.37,26.58,3098,407,2691,2,3.6,1,0,False,base-set,013/102,Holofoil,Holo Rare,https://cdn.poketrace.com/cards/e3e83e1de84ed63c.webp,19.01,319,25.624,25.624,0,0,True,990,36,1022.5,1022.5,120,34,124.00429,123.71286,3098,2026-03-11T08:58:38Z,,duplicate of 019bff77-bef9-75ac-b16a-f1cf5e1f63dd (kept xy12-25)
ex11-60,019bff77-befc-77ae-b882-e342fddd16a2,Cubone,Jungle,2.55,1.32,9806,14,9792,2,7.1,1,0,False,jungle,50/64,Unlimited,Common,https://cdn.poketrace.com/cards/4349c6d8a2ae7353.webp,0.53,2741,1.414,1.414,0,0,True,0,0,0,0,39,1,0,0,9806,2026-03-11T08:58:38Z,,duplicate of 019bff77-befc-77ae-b882-e342fddd16a2 (kept base2-50)
xy6-57,019bff81-ba59-7208-a499-bd61f84e71c9,Salamence,Dragon,1.37,39.33,297,85,212,2,0.7,1,0,False,dragon,19/97,Reverse_Holofoil,Rare,https://cdn.poketrace.com/cards/0779f1f100057157.webp,19.57,71,39.598,39.598,0,0,True,200,5,430.47998,430.47998,42.96,19,66.454994,66.454994,297,2026-03-11T08:58:38Z,,duplicate of 019bff81-ba59-7208-a499-bd61f84e71c9 (kept dp7-24)
sv04.5-200,019bff77-befc-77ae-b882-a01e1d960510,Dodrio,Jungle,2.56,1.12,3136,0,3136,1,1.6,1,0,False,jungle,34/64,Unlimited,Uncommon,https://cdn.poketrace.com/cards/caa2bc08c0a846dd.webp,0.75,860,1.102,1.102,0,0,False,0,0,0,0,0,0,0,0,3136,2026-03-11T08:58:38Z,,duplicate of 019bff77-befc-77ae-b882-a01e1d960510 (kept pl3-25)
g1-27,019bff77-bef9-75ac-b16a-f560046c2318,Raichu,Base Set,1.37,62.88,2680,374,2306,2,2,1,0,False,base-set,014/102,Holofoil,Holo Rare,https://cdn.poketrace.com/cards/3184c96a3f07b7fa.webp,43.24,273,61.64,61.64,0,0,True,2500,31,0,0,269.9,24,266.41284,266.41284,2680,2026-03-11T08:58:38Z,,duplicate of 019bff77-bef9-75ac-b16a-f560046c2318 (kept hgss3-33)
lc-70,019bff77-befa-771d-bab1-131dd5c20ddd,Charmander,Base Set,1.37,2.11,12916,385,12531,2,4.4,1,0,False,base-set,046/102,Normal,Common,https://cdn.poketrace.com/cards/064c705d83ed50e2.webp,0.88,3740,2.018,2.018,0,0,True,195,41,206.65572,213.815,41.475,43,39.19143,38.178463,12916,2026-03-11T08:58:38Z,,duplicate of 019bff77-befa-771d-bab1-131dd5c20ddd (kept base1-46)
neo3-47,019bff77-befc-77ae-b883-06bc511523f5,Paras,Jungle,1.37,0.35,5680,3,5677,2,13.1,1,0,False,jungle,59/64,Unlimited,Common,https://cdn.poketrace.com/cards/07297a68b95ab71a.webp,0.34,1407,0.396,0.396,0,0,True,62,1,0,0,19.05,1,0,0,5680,2026-03-11T08:58:38Z,,duplicate of 019bff77-befc-77ae-b883-06bc511523f5 (kept ex6-72)
ex13-95,019bff7e-fc4f-7384-9b8a-104bfe68f9b5,Metal Energy,Neo Genesis,1,12.07,776,164,612,2,2.2,1,0,False,neo-genesis,019/111,Unlimited_Holofoil,Holo Rare,https://cdn.poketrace.com/cards/7e5ac46e1ae37f03.webp,9.29,75,12.332,12.332,0,0,True,346,3,0,0,29.99,20,0,0,626,2026-03-11T08:58:38Z,,duplicate of 019bff7e-fc4f-7384-9b8a-104bfe68f9b5 (kept dp1-130)
tk-xy-b-2,019bff7e-fc4f-7384-9b8a-104bfe68f9b5,Metal Energy,Neo Genesis,1,12.07,776,164,612,2,2.2,1,0,False,neo-genesis,019/111,Unlimited_Holofoil,Holo Rare,https://cdn.poketrace.com/cards/7e5ac46e1ae37f03.webp,9.29,75,12.332,12.332,0,0,True,346,3,0,0,29.99,20,0,0,626,2026-03-11T08:58:38Z,,duplicate of 019bff7e-fc4f-7384-9b8a-104bfe68f9b5 (kept dp1-130)
bw5-23,019bff77-befb-757f-890d-2bed048bebba,Slowpoke,Fossil,2.56,0.61,7373,8,7365,2,14.1,1,0,False,fossil,55/62,Unlimited,Common,https://cdn.poketrace.com/cards/709ab364c8331bc1.webp,0.49,1888,0.696,0.696,0,0,True,0,0,0,0,20.5,1,0,0,7373,2026-03-11T08:58:38Z,,duplicate of 019bff77-befb-757f-890d-2bed048bebba (kept lc-93)
ex1-18,019bff7f-e2b8-7168-a03c-4f85578cd0dd,Nosepass,Deoxys,1.36,10.75,145,36,109,2,0,1,0,False,deoxys,42/107,Reverse_Holofoil,Uncommon,https://cdn.poketrace.com/cards/6a361e092645e518.webp,8.63,41,10.75,10.75,0,0,True,300,1,0,0,41,14,0,0,145,2026-03-11T08:58:38Z,,duplicate of 019bff7f-e2b8-7168-a03c-4f85578cd0dd (kept ex8-42)
swshp-SWSH210,019bff8c-7244-7168-b575-a76663aec650,Oricorio,League & Championship Cards,2.57,0.56,871,0,871,1,2.7,3,0,False,league-and-championship-cards,046/145,Reverse_Holofoil,Promo,https://cdn.poketrace.com/cards/9414b51fbf21c7a3.webp,0.34,449,0.545,0.545,0,0,False,0,0,0,0,0,0,0,0,871,2026-03-11T08:58:38Z,,duplicate of 019bff8c-7244-7168-b575-a76663aec650 (kept sv04.5-113)
g1-81,019bff7a-78f3-7153-ae67-008a2d81e826,Darkness Energy,Neo Genesis,1,5.33,579,24,555,2,0.9,1,0,False,neo-genesis,104/111,Unlimited,Rare,https://cdn.poketrace.com/cards/738f97c3384351ab.webp,3.61,127,5.282,5.282,0,0,True,39,5,0,0,9.51,2,0,0,565,2026-03-11T08:58:38Z,,duplicate of 019bff7a-78f3-7153-ae67-008a2d81e826 (kept neo1-104)
sv06.5-080,019bffb1-b700-72e3-b75a-734bc1c0017d,Kingdra ex,SV: Shrouded Fable,2.57,0.92,7892,110,7782,2,16.3,1,0,False,sv-shrouded-fable,012/064,Holofoil,Double Rare,https://cdn.poketrace.com/cards/4789176185dfccf2.webp,0.85,7224,0.77,0.77,0,0,True,29.99,25,29.424286,23.981304,10,15,9.670714,9.590417,7892,2026-03-11T08:58:38Z,,duplicate of 019bffb1-b700-72e3-b75a-734bc1c0017d (kept xy10-73)
ecard1-146,,Pokémon Reversal,,1.36,0,0,0,0,0,0,0,0,False,,,,,,0,0,0,0,0,0,False,0,0,0,0,0,0,0,0,0,2026-03-11T08:58:38Z,,
ex15-30,,Flaaffy δ,,1.36,0,0,0,0,0,0,0,0,False,,,,,,0,0,0,0,0,0,False,0,0,0,0,0,0,0,0,0,2026-03-11T08:58:38Z,,
swsh4.5-SV098,019bff8b-8e11-77cf-94aa-c2deb3e068fb,Oranguru,SM Base Set,2.55,0.34,593,15,578,2,0.6,1,0,False,sm-base-set,113/149,Reverse_Holofoil,Holo Rare,https://cdn.poketrace.com/cards/79cfef1abdb2a42f.webp,0.36,337,0.338,0.338,0,0,True,0,0,0,0,9.95,2,0,0,593,2026-03-11T08:58:38Z,,duplicate of 019bff8b-8e11-77cf-94aa-c2deb3e068fb (kept swsh9-TG12)
tk-xy-w-1,019bff89-bc5f-7465-9230-23c260be441a,Swirlix,Generations: Radiant Collection,1,7.85,1658,76,1582,2,1.8,1,0,False,generations-radiant-collection,RC19/RC32,Holofoil,Uncommon,https://cdn.poketrace.com/cards/7dbb99ccb63e7586.webp,6.49,650,7.71,7.71,0,0,True,275,7,120.646,120.646,25,7,32.5,32.5,1611,2026-03-11T08:58:38Z,,duplicate of 019bff89-bc5f-7465-9230-23c260be441a (kept g1-RC19)
tk-xy-b-15,019bff81-ba5b-72b4-ae7a-294bd2f2006f,Slakoth,Mysterious Treasures,1,7.59,153,13,140,2,8.3,1,0,False,mysterious-treasures,99/123,Reverse_Holofoil,Common,https://cdn.poketrace.com/cards/7e9510ccc77e1a67.webp,3.11,92,6.958,6.958,0,0,True,0,0,0,0,0,0,0,0,150,2026-03-11T08:58:38Z,,duplicate of 019bff81-ba5b-72b4-ae7a-294bd2f2006f (kept ex1-45)
ex16-31,019bff7d-2e12-77f0-9b55-7a29bf11ab39,Kirlia,Delta Species,1.36,18.99,148,53,95,2,9.1,1,0,False,delta-species,47/113,Reverse_Holofoil,Uncommon,https://cdn.poketrace.com/cards/44fcc7557fffd723.webp,12.72,57,17.26,17.26,0,0,True,375,18,0,0,60,10,32.27714,30.715555,148,2026-03-11T08:58:38Z,,duplicate of 019bff7d-2e12-77f0-9b55-7a29bf11ab39 (kept bw11-RC9)
base3-44,019bff77-befb-757f-890c-fd3c15012811,Tentacruel,Fossil,2.56,1.1,2859,102,2757,2,1.1,1,0,False,fossil,44/62,Unlimited,Uncommon,https://cdn.poketrace.com/cards/1d0e27419642ae89.webp,0.64,613,1.088,1.088,0,0,True,79.25,15,0,0,26.99,27,36.017857,36.017857,2859,2026-03-11T08:58:38Z,,duplicate of 019bff77-befb-757f-890c-fd3c15012811 (kept lc-66)
bw3-73,019bff83-863d-7188-8d83-8d5f8af47857,Terrakion,Legendary Treasures,2.57,1.32,279,11,268,2,0,1,0,False,legendary-treasures,84/113,Reverse_Holofoil,Holo Rare,https://cdn.poketrace.com/cards/5263f5f0d00409e8.webp,1.11,221,1.32,1.32,0,0,True,0,0,0,0,0,0,0,0,279,2026-03-11T08:58:38Z,,duplicate of 019bff83-863d-7188-8d83-8d5f8af47857 (kept bw2-63)
